<?xml version="1.0"?>
<VTKFile type="UnstructuredGrid"  version="0.1"  >
<UnstructuredGrid>
<Piece  NumberOfPoints="4022" NumberOfCells="7786">
<Points>
<DataArray  type="Float64"  NumberOfComponents="3"  format="ascii">39.59549150281253 9.293892626146237 0  39.59549150281253 8.706107373853763 0  40.15450849718747 8.524471741852423 0  40.5 9 0  40.15450849718747 9.475528258147577 0  22.59549150281252 30.29389262614623 0  22.59549150281252 29.70610737385377 0  23.15450849718748 29.52447174185242 0  23.5 30 0  23.15450849718748 30.47552825814758 0  0 50 0  0 0 0  50 0 0  50 50 0  25 50 0  0 25 0  25 0 0  50 25 0  37.5 0 0  50 12.5 0  14.06527608566164 14.06527608566164 0  37.5 50 0  12.5 50 0  50 37.5 0  0 37.5 0  36.08823529411764 36.08823529411764 0  34.98234599286044 22.31676628472503 0  12.5 0 0  0 12.5 0  26.72106191893667 12.62111209664517 0  10.4535871128364 31.25 0  18.75 40.76286437951998 0  9.060331792408057 40.93966820759194 0  27.40766484016813 38.3830712878214 0  42.90867766990676 18.04708030095643 0  21.1848411175796 20.28093303033621 0  19.68673579911794 7.152437783024789 0  6.424194179298185 18.75 0  41.58742999657971 28.71649627125877 0  0 6.25 0  6.25 0 0  42.46830190809529 42.46830190809529 0  31.25 0 0  9.375 7.467505609070776 0  33.37522379707658 43.39106670583081 0  13.40159727368075 23.40026439867769 0  30.34095174215268 31.91346550841066 0  28.33190529720817 19.61596012653141 0  34.10080255033122 14.60453636641373 0  32.07552452067164 7.419364004579782 0  43.02821550311639 35.52832169909655 0  6.774372484775427 25.53655981734844 0  0 31.25 0  50 6.25 0  43.75 0 0  6.25 50 0  0 43.75 0  20.40899111834314 13.4818496133828 0  50 31.25 0  13.82906075521245 36.68035227465674 0  31.25 50 0  18.75 0 0  50 18.75 0  18.75 50 0  0 18.75 0  50 43.75 0  43.75 50 0  28.34059335613851 25.92740265032223 0  25.89980730708307 6.419042519645539 0  16.33405609198014 28.98000326845317 0  5.226793556418198 34.375 0  27.40875408826222 44.4412615058408 0  35.94387822191472 30.24352391577377 0  6.114362492671836 12.64184535857965 0  22.13072342351703 36.12375623924306 0  13.9673610021285 44.25984600088486 0  21.875 45.38143218975999 0  44.37420513118181 23.64508034102061 0  14.57447813560766 8.737274629244297 0  44.52023747730303 12.80100768257707 0  44.6147600131108 5.385239986889203 0  18.3111418528488 24.38048284986075 0  3.996708118905473 40.625 0  15.625 3.872943337953429 0  6.264039767691768 45.03833489650607 0  39.49650467964607 24.26613633506719 0  37.81665699195813 18.08629426847216 0  4.937064415237952 4.937064415237953 0  23.58079627657379 24.60201235673732 0  17.55696048657535 17.25110579952999 0  24.46757467274238 16.82297217398149 0  11.57623716935588 18.57940233637212 0  18.77527690552432 32.92279559432419 0  46.35333929605254 28.125 0  36.38103693639162 4.874563440478477 0  38.13319409625605 45.01316302062898 0  36.9895953097292 40.57845110797628 0  46.65688849596111 40.625 0  23.35145040088822 40.56474947865443 0  26.1992958868879 33.93543115336919 0  31.51231502222189 36.34432745571668 0  6.147603026326664 29.98152258025569 0  38.48809093440333 13.64599215898131 0  3.622534333597601 22.29687656856659 0  40.61262058222038 3.280218053218511 0  21.875 3.228286834071053 0  23.16519626010098 9.936557882998056 0  9.507999630112307 35.60203436127213 0  3.131322548716994 9.375 0  45.77969430037308 45.77969430037308 0  39.63367594847281 32.68802417813715 0  32.21312686436349 27.96058147202431 0  0 15.625 0  46.77687860898462 9.12128493630167 0  9.11110891148647 22.01367273674337 0  12.3828707261468 27.49611448576677 0  29.467977607133 3.953887374569013 0  45.88418815694655 32.36266869377513 0  14.35008623579336 32.59222304795146 0  8.798921019709516 3.320955567015024 0  11.24097537102231 11.10702185729586 0  50 15.625 0  8.897497235284863 15.56260819362317 0  3.125 50 0  17.94165248953902 44.6763032466531 0  35.83273661223576 26.23530887709207 0  9.375 50 0  3.226036147246586 27.30289140052596 0  39.71057953241223 37.69666749573129 0  17.85064277650376 36.83988965193537 0  29.95116452408468 41.41170917960076 0  34.375 50 0  33.90900158461498 18.53295730062947 0  35.33120854025953 10.37970512039511 0  10.11719908376111 44.66392040805356 0  41.84715620778662 46.48662636535979 0  30.94781280750804 11.61524890776491 0  30.02828567377195 15.74260424109439 0  50 3.125 0  15.625 50 0  14.85340608341641 40.45267004059875 0  30.92541647732584 22.76811725285867 0  17.04289034179907 11.66151626216763 0  46.57438188736003 17.1875 0  46.9426256889658 20.91656893771223 0  6.698069308556313 38.0539551431781 0  15.035314691718 20.02567129613941 0  33.3487825521945 39.62844359561334 0  46.38223596992859 36.98045478924441 0  28.15793436189669 9.275438374264565 0  12.54822366516235 5.754072765607759 0  24.80304924569361 20.42862029858492 0  3.212097089649093 17.1875 0  33.64326121756505 33.41071610772134 0  27.0621690355564 30.45015654672192 0  40.38299998890349 20.70692803017513 0  33.08544936971564 3.205763155789529 0  0 46.875 0  46.875 0 0  3.125 0 0  0 3.125 0  42.9387694675907 39.01368210184185 0  32.8125 46.85628154658217 0  21.03754993140908 16.85393236415439 0  19.65719320921453 27.68375920930288 0  28.125 50 0  3.389906755278294 37.28277841366694 0  0 34.375 0  9.018436706984454 28.11965859422246 0  50 34.375 0  27.20099438075963 22.77324413130752 0  6.515557252541281 9.28013651086655 0  2.943144985714602 45.3125 0  25.1316889062346 3.254127905435733 0  11.09908961320293 38.42306911768425 0  10.19579361913357 25.0838314752698 0  23.57111808251457 13.0961522928397 0  20.00306929592955 10.32225520354116 0  25.41061863917197 27.24016408742969 0  15.19144717854534 26.02005351285684 0  18.71024016130578 3.165140045673158 0  43.65049094553653 8.43693197136281 0  3.037715900506856 30.44087443907257 0  38.77707823713792 27.32051918915847 0  42.7528648473797 32.40878734041576 0  22.79846189743356 6.829710956850949 0  34.375 0 0  9.375 0 0  50 9.375 0  0 9.375 0  21.875 0 0  40.625 0 0  0 21.875 0  50 40.625 0  50 21.875 0  50 28.125 0  15.625 0 0  0 40.625 0  28.125 0 0  21.875 50 0  0 28.125 0  50 46.875 0  46.875 50 0  40.625 50 0  35.93370727487812 47.26512846917648 0  40.34827794576987 16.19819369855963 0  47.33768080266086 14.0625 0  18.0685620671609 21.1534628043419 0  3.060330005975418 12.43519276869577 0  41.3868623788268 12.38610961346364 0  7.942174895160422 32.98307671803158 0  26.87560140014471 41.41226215848562 0  30.48431721220219 44.44070852695594 0  26.5625 47.37581526734866 0  29.6875 47.38282897712607 0  14.22750834196315 17.09800643173445 0  33.20004915726921 24.75510105117592 0  14.0625 47.34179491376209 0  11.80213371886128 42.17368525028328 0  5.854862566886533 15.67549479423543 0  7.8125 47.52356891006564 0  21.75330989842293 33.16021018342002 0  36.61619499533028 33.15105693993326 0  10.9375 47.49767293622504 0  46.84545675364953 3.154543246350468 0  29.09458811161097 34.61322449383626 0  16.97165964439609 47.42010652408869 0  40.01097653925612 40.70577319099024 0  47.30543521274267 23.83120830832334 0  44.02701103143397 20.74514018553685 0  43.74446358192473 26.60041662375293 0  12.90073058199792 2.873880020831141 0  20.30200459049124 38.34248335158382 0  25.03154160142454 36.64066512156581 0  4.6875 47.59210406230799 0  29.37494712040839 28.66183814405986 0  11.75095651135805 33.81062905832453 0  31.26950033960441 19.84199955970613 0  27.10177110266123 15.53049972597303 0  37.81549680190525 21.95744188955757 0  33.14413312129953 30.62898562141392 0  17.72805741097969 14.4169360685008 0  24.69927933323712 45.24921119248708 0  36.78066556583253 7.803444241231798 0  44.15832962131069 29.93509192381522 0  19.82153731327714 47.35852255371183 0  20.25173570323663 43.11326242114016 0  39.0625 47.66477765686926 0  11.73141869317866 15.74392937826199 0  23.4375 47.71399276947176 0  16.43710410710224 34.43854492484027 0  6.336125881167071 21.56038204588669 0  43.0110755862319 15.20796956379839 0  28.6414230549401 6.572435419350052 0  13.73335662232686 29.90254533772284 0  47.21833286814226 6.372155590870608 0  43.41121182336174 2.816453919106733 0  41.72641367914393 6.019649561969761 0  38.93637157164951 5.994925499243863 0  38.70401815436824 30.08428333153717 0  17.41039043491847 8.847362466982062 0  14.37825016104106 11.4068541241203 0  11.91005227579374 8.367271019049955 0  8.481611938190653 11.21956462285316 0  19.86211431001946 30.41200186968626 0  30.79900322437758 38.89874072937093 0  16.08076130376691 6.516974756429639 0  20.91425580632917 25.24562978326401 0  35.9375 2.207037385185922 0  4.6875 2.227587017061617 0  2.556977941012743 3.790057174200727 0  16.13377060992417 42.75734235462434 0  47.22040090165512 43.37287998658378 0  2.613396778209099 33.2530800473161 0  16.04852500363173 22.92793948576402 0  12.62125365528061 20.93972580513952 0  8.984273127687025 18.18323686255824 0  2.504397212556481 19.81552321031161 0  6.877917278920481 6.690048229783264 0  2.712380684925788 6.510481716790527 0  36.05250962639081 19.96905435933092 0  35.67314895018229 16.6501972097707 0  2.425697023481631 42.73404883004525 0  6.540295178572949 40.59284785739233 0  23.18570142683113 43.14857109824853 0  25.58031472245349 8.992398160902676 0  10.4499851385075 13.53507521648858 0  40.59107250347829 44.23529305447319 0  35.57834857106779 44.71795257044055 0  4.225448635276502 24.86333961616019 0  40.43357316957051 35.18065447087736 0  20.15917101905522 22.61893625200819 0  33.92566934995876 5.634979771423821 0  30.75139247718611 25.26278776991624 0  46.73644146014022 11.62830593926564 0  4.909952801382624 42.94490785326364 0  8.034347340627424 43.24290665893746 0  42.18707242536075 22.43617996192571 0  22.92095021406549 22.14308914466993 0  22.90657269713719 27.02331228620628 0  41.21209569888718 26.1764679818523 0  44.73078219011546 43.51721401835292 0  26.13905840455496 24.93987019118431 0  48.17666964802627 26.5625 0  47.5629100281792 30.40371538795714 0  38.3813535842662 2.280579904991542 0  32.43298011040781 16.49199941911656 0  22.76752591276777 18.49624424666035 0  26.21209378762676 18.4790902371833 0  17.42139693174865 26.85975302908567 0  1.998354059452736 39.26161865991391 0  2.369973832324663 14.83581659667938 0  2.267405364516364 47.73259463548364 0  19.47813273849094 18.63762111512774 0  34.38405290208788 8.150938486649199 0  32.88728810725829 10.10265537072622 0  37.11720352858785 24.23221899031745 0  38.41884631064107 42.57469222362616 0  16.92031830018617 39.11774809427989 0  45.3125 48.15323277837639 0  47.61812635445143 47.37431040742023 0  33.88162238944292 12.24912168070254 0  36.28531654923661 12.6162697188195 0  37.68272638135591 10.69834990397044 0  45.35413554531441 34.75558844780905 0  47.63115234452428 34.00480202632883 0  20.11818306833322 34.87425207181695 0  16.65603832651056 31.50779439627664 0  28.1048905109398 32.51874733320882 0  23.82738589333044 34.40187766389422 0  4.778285538320198 7.716696028922596 0  25.11713796082323 31.81806296087097 0  21.04481660626284 40.52657291516249 0  22.60863838511661 38.38065991507576 0  25.44742277458606 39.60008647051338 0  33.77397947160748 35.74642331892475 0  29.25268224272811 36.9463220005628 0  31.35013397753336 34.01693789423688 0  34.80488283904811 41.49961553975798 0  35.58088628702206 38.52565668521461 0  44.30395949856483 40.95894579630204 0  48.32844424798056 39.0625 0  42.36175984400045 10.32157766388805 0  10.9375 1.682751954172931 0  28.69506240044588 13.84240615259148 0  22.18597425600794 14.89524189055267 0  1.653865699670048 23.4375 0  45.72930453291618 25.478596178035 0  11.15584869826774 23.01795625500129 0  40.66981992914501 18.45021834788725 0  4.85752382303945 32.00437349365279 0  23.4375 1.614143417035526 0  20.25865111864692 4.899153254249335 0  37.78817140877576 15.81107084456742 0  21.77575144731347 11.7003859842813 0  8.25919823367791 30.75628733643995 0  6.77401876392805 27.80318066319429 0  45.18650128985985 38.88789774369341 0  18.10963069726527 5.55292397445091 0  20.3125 1.60244755414273 0  45.2545396785915 14.93801637158098 0  10.95887130577217 4.097883819445988 0  2.012660007205573 35.45850477702207 0  33.3561939405122 20.73391204016708 0  25.03465900672209 11.1575976954937 0  21.40626240905857 8.569115400703691 0  11.69398995072911 36.03917037141865 0  7.32735225403537 35.12823459502885 0  44.7173371594959 10.49301961067397 0  38.11513602899551 34.93653228159749 0  12.4217003071221 45.85000307790389 0  41.04723037397363 30.9170793725924 0  4.864373743426446 10.78787435023296 0  27.49083169785945 2.420423252948609 0  16.80455328070766 1.936471668976715 0  45.26368013032253 1.610682125537876 0  1.728262445364178 1.728262445364178 0  48.4375 0 0  50 1.5625 0  8.93674651494784 37.78343865306554 0  25.42929888104251 43.1275983978119 0  15.958551353971 15.73236154426738 0  45.00886833990008 18.75736291672563 0  34.58424480697649 28.27557603762228 0  8.203378752887321 13.43764209615752 0  15.56089999030513 45.75309676296509 0  31.72380071937938 13.95423774186886 0  28.68313269663892 11.48238117979575 0  30.70135270824027 9.299520979244408 0  48.37725662831385 45.27837469839724 0  29.6875 1.674302774391684 0  31.58575126890191 5.074143209160181 0  27.32813455809001 4.671525848114023 0  1.565661274358497 10.86959852111277 0  24.99526598405059 22.90444720258512 0  36.77548248086742 28.21432491313323 0  25.36026165914128 14.27878295412461 0  27.20154472047319 35.97272289310929 0  30.71486333345957 17.77232740886326 0  4.386951272302371 14.11627013669186 0  48.43640934188072 4.600585895542223 0  24.1560973071952 5.166569722425146 0  12.63063074351052 40.07718540437855 0  28.12927590522166 17.44904472442659 0  6.9150107537405 2.128246551402455 0  31.16734052420793 29.82207247019495 0  10.55053471224288 20.4450233845628 0  7.981976800307342 20.20538678798705 0  7.452033068818966 23.44962915070821 0  48.36049026968268 36.06083251875754 0  10.94572673170653 29.13021799680338 0  13.12979010540425 25.50727478617922 0  37.55623354779245 37.66531199363694 0  27.4351941168365 27.83273766839332 0  4.68702661303451 20.10213368905531 0  8.631222802097829 5.45754609401817 0  6.907723414443417 4.223950535917978 0  2.211914645794586 25.46294488386945 0  14.40896817590029 27.94123210444443 0  43.67797785142255 45.37969037885928 0  45.49257239265746 7.505042518656214 0  12.42238246185342 31.86146671065908 0  14.37031221619527 34.67206735875371 0  19.16872500540425 15.92615757297757 0  50 7.8125 0  10.12257708970522 9.382323510830737 0  12.40027044680665 12.82755464428837 0  29.07663234773945 23.89255426441785 0  29.69214378036364 21.13980665100089 0  39.58454804321435 11.43303510645503 0  42.47004047524739 24.50715798989931 0  15.85420232753478 36.39837525944412 0  32.99332826526658 22.7334478798344 0  14.7597740756704 2.018429084779341 0  7.424563365603596 16.9231319226157 0  19.89904919913203 45.08061689786982 0  18.14110675448663 42.67729760498889 0  42.1875 50 0  43.2544950967406 47.99638845738153 0  43.97005031154379 37.29632028255102 0  48.29779560754989 10.39965327841626 0  5.124596034480335 26.66961280958293 0  4.406128710115637 28.94835483737611 0  41.52950430668892 36.85746292438216 0  5.323327952875239 36.47006575248977 0  41.77927984615585 1.644488594433517 0  28.94630353463288 43.1500023092677 0  31.48917820165398 42.70241539728899 0  28.94636910020825 39.67319754304499 0  35.14344553014017 24.37993344332983 0  41.18739197892677 14.37928561021819 0  0 7.8125 0  14.98658291808702 38.39127121625939 0  17.0295674751375 19.30496152659174 0  5.337436445659594 23.24806116008588 0  9.916182130574359 42.70104244444784 0  12.9234016838622 10.06631528997589 0  34.72904329377955 31.78024865573333 0  14.22076153986409 42.31212724119982 0  50 42.1875 0  38.60946216835742 39.32613836860612 0  33.79069330126946 37.71254998734193 0  9.902799272142174 33.13803979207987 0  44.32579040191705 16.67678920463394 0  36.11640376688344 14.68239747800522 0  8.224616501092976 45.20099698615387 0  37.99567929453089 20.02192190618333 0  31.69160751743849 40.59940072376767 0  15.84072193719791 10.17235176876359 0  15.58041856564223 12.89601861752433 0  18.64207935172542 12.72675665028123 0  0 29.6875 0  1.889095160087221 28.79729972542334 0  18.31717408539213 29.1562266653811 0  33.95721506079277 26.48975479454248 0  36.37788806944038 42.82368618811261 0  47.84187817158283 18.94505175864706 0  50 17.1875 0  48.05306672398628 15.89295709274205 0  38.90537685909054 4.100917179761565 0  39.77432493602533 45.9266525637962 0  13.48297874896205 18.8787164182766 0  14.31109120246236 21.7578146681813 0  45.41314003947057 22.04994039112337 0  4.790763480402438 38.75463915521365 0  7.996500465969859 39.40078924227046 0  11.89113777462959 44.04905189364383 0  31.62328983832067 1.914595995762215 0  16.64798202405169 40.96368087550436 0  10.63267809576931 6.001614265833668 0  28.12756191725397 46.23784469121424 0  1.850505848021659 21.57282454540204 0  40.89925768567284 48.12614740191044 0  22.12166772247311 5.084144495702571 0  37.95608310597651 31.81916745347898 0  18.23751175137614 34.99545297438588 0  21.74737664679786 23.58425863652453 0  34.76051505682921 3.986306076375946 0  48.16939626849924 41.74654768313479 0  10.23917213737812 16.82993283995705 0  10.78340200998875 40.25144601889981 0  40.31775920959971 22.58068270519159 0  42.06390685645614 19.77398368941769 0  29.90528489376918 26.89837746898107 0  48.17666964802627 28.61753871933766 0  26.72651925087476 10.43261075787752 0  27.00865570797177 7.863221538663051 0  50 20.3125 0  21.66117085185376 47.21428087766821 0  50 32.8125 0  35.22902310183257 34.41775162378688 0  32.1849604746758 32.23673544354097 0  23.35504969837523 32.2881956288407 0  22.99645145109282 20.29337526794712 0  26.62207564194627 20.25937552416951 0  42.93023054192857 4.608148160147985 0  41.28149336506575 33.53389213698959 0  14.46599178981342 5.434022120171628 0  25.40116122023828 29.27488991220129 0  8.316533270600086 9.420672204627357 0  13.40937541869401 7.348898693001447 0  12.92291217160607 38.27048020797947 0  47.67984622345426 32.20268932253006 0  28.85181377248058 30.84514378316419 0  35.53339640210437 6.481922919570297 0  40.20758510014456 42.4858904045284 0  4.66551845245167 18.28251212939143 0  1.588527382705757 16.44226899126338 0  18.99828462086607 26.02636845975362 0  20.9446807962158 28.95887194493308 0  15.54277391829466 18.31037417486909 0  9.575014473857674 46.35647400144006 0  0 4.6875 0  50 48.4375 0  30.23085051653156 7.513382851143274 0  48.16069084983059 1.839309150169409 0  25.07560604001202 41.36197864764907 0  16.76406403633352 25.22456539917444 0  24.47146632156479 7.548219141885165 0  33.7670178816887 45.23298939474582 0  31.41923670865734 48.12395616455704 0  34.23578279519743 48.10903578429141 0  38.28769295554575 25.59333190552811 0  43.77539239118402 33.89045163327567 0  32.8125 50 0  1.809317651839653 8.105451306274917 0  2.284133988396487 40.98895954566311 0  6.724630844668226 31.67377585763219 0  1.761679805865853 18.20621719055437 0  48.4375 50 0  41.02700855248867 39.08479633172003 0  42.04247045708705 40.65096480567502 0  48.17262241137426 7.935404042927281 0  45.65864214787587 42.04766965817303 0  25.8720502191788 1.594438205169552 0  20.44337102217506 36.59600366639909 0  18.67457359004361 39.0067179835244 0  3.796462593711702 35.54382922540591 0  0 26.5625 0  34.18978089267233 1.787742707254256 0  8.604533492202574 26.21292300571568 0  45.09044024882105 3.370418789278239 0  24.49010095565621 18.5461219439215 0  45.90850584788498 29.82150853619996 0  22.74988550368842 16.54189450747923 0  10.62487827669142 27.39902778522077 0  40.37539190772505 4.97280780119352 0  1.678999761127438 37.14242098366046 0  18.22203109900381 30.8515110205536 0  6.563504740616549 10.99065290223878 0  21.73050255467662 42.15172907750269 0  48.36196013526718 12.08759217675153 0  32.01506847956058 45.29510012821996 0  0 20.3125 0  9.244649862678157 1.687831814521791 0  17.63638947859164 7.173904806537186 0  44.56447271399244 28.19166549162711 0  32.22462529848664 26.20945172783356 0  28.0023936434805 21.27911509125354 0  32.8125 0 0  20.3125 50 0  35.59060991632278 18.34074171403241 0  20.33864239316892 32.10889908549361 0  15.36928670916844 30.3872947314054 0  1.54153323133043 46.22552894184581 0  1.628785753710573 44.23512109096438 0  4.655906562089468 45.80908636912845 0  50 23.4375 0  48.20695249103517 22.23908826533129 0  1.547788239171795 13.29980164001406 0  21.27805709277302 27.33471262680136 0  1.597308325687557 27.00114627204004 0  7.72512348562951 29.17486742646386 0  29.97664230648075 5.554175853684859 0  1.742083606182911 31.6834976605398 0  21.12572881115814 18.63439455079334 0  42.35079281927037 44.22412986681269 0  3.797687455251561 15.65118245571338 0  43.04453342430975 11.90643705664964 0  43.05268342237 13.5574554339811 0  32.31736742394913 18.12981912691038 0  40.00888384137559 1.637807187459051 0  37.12522991859516 3.380187330334851 0  18.65182936493508 46.17844848138827 0  1.4437247748356 5.46875 0  42.70328526791363 30.7445030282674 0  32.89597487676253 41.7765791163575 0  23.50028358993581 3.626960693445008 0  9.144435054537899 23.72858713956384 0  7.8125 0 0  18.24979009276838 10.38805239321915 0  34.03770591715156 16.88566970968198 0  6.70901760740197 14.22063605760239 0  46.30751198844466 4.84729522168433 0  10.37015101064976 36.97498511322718 0  19.51261657716237 20.3097381910917 0  18.51351788832035 22.74264238898265 0  16.45788122374548 20.8425381167679 0  23.79536523091936 14.70156869747595 0  46.83578802086358 35.42089709730492 0  41.71193948490202 7.756203158847087 0  40.31580933975711 6.888716947500619 0  44.50394351675145 46.76133173208946 0  32.32574213051545 38.38356274055811 0  0 42.1875 0  24.72944307058124 25.75896917256352 0  24.06859575612124 28.1709913230111 0  25.71694171796188 4.757741786199484 0  14.92439770376079 24.28119203707437 0  0 48.4375 0  1.5625 50 0  0 32.8125 0  50 29.6875 0  43.38410906238727 6.674570881568481 0  21.18655446415997 6.450695453240185 0  40.21487018409972 29.54615569891548 0  20.64146768761281 15.30568167087604 0  38.65106211954153 36.46792587613244 0  23.4758835913065 11.50251517714053 0  20.1959219038274 11.90335105011291 0  21.98882066182922 13.27888454755119 0  19.14933668629763 8.806760832329857 0  37.93175396460632 9.032757016980572 0  38.35118884024715 7.486434666723675 0  37.2829868955851 6.243201544902978 0  12.09259869337573 24.30243876325038 0  15.9232806698396 27.43806047872481 0  26.7553800723529 26.40052766065936 0  31.84074944230957 21.39246242640118 0  29.75045437813052 12.6570286074521 0  17.2960493792432 4.078851506518497 0  18.72992996574412 1.582567634652171 0  20.29285253558707 3.185063377237847 0  39.92083750670874 12.97776708526061 0  31.06959653517325 3.488014172064479 0  38.92760164361625 16.93459531560372 0  41.59487379086723 17.16917296127732 0  39.63326495228955 14.76533024016865 0  37.59713015402784 46.68968952130055 0  37.55277958410851 48.3449684214748 0  35.9375 50 0  21.60102461675472 10.13356860809066 0  46.75316929798467 39.0526392239212 0  25.07840450344609 48.26941724513529 0  26.5625 50 0  9.596917369529837 29.93409124639658 0  11.55694967569439 26.02892308960258 0  6.54436719897468 42.33674046223323 0  25.15469930153289 12.7226511639103 0  40.39245820082486 27.59532928065483 0  18.41685648316909 48.32677982101701 0  17.1875 50 0  44.31905472605083 32.42159289806464 0  12.49964014908002 47.41251973208054 0  23.1295929789156 8.365692266823849 0  31.05939922424591 46.57098792018083 0  6.265812350960153 48.27883286736863 0  6.051883208536672 46.6587004184068 0  9.381250595032901 48.26491228897892 0  21.87478868608268 1.664756133056631 0  28.12310452555068 48.22386200799058 0  39.0625 0 0  0 45.3125 0  0 17.1875 0  50 10.9375 0  50 4.6875 0  0 10.9375 0  50 45.3125 0  1.5625 0 0  0 1.5625 0  45.3125 0 0  17.1875 0 0  0 35.9375 0  20.3125 0 0  23.4375 0 0  0 23.4375 0  10.9375 0 0  50 35.9375 0  50 39.0625 0  45.3125 50 0  0 39.0625 0  50 26.5625 0  4.6875 0 0  35.9375 0 0  26.5625 0 0  23.4375 50 0  42.1875 0 0  39.0625 50 0  4.6875 50 0  14.0625 0 0  10.9375 50 0  7.8125 50 0  14.0625 50 0  29.6875 50 0  29.6875 0 0  50 14.0625 0  0 14.0625 0  38.16688929984895 33.37115176631597 0  27.56464432996383 24.29503936644835 0  48.48896504323528 20.70387754814632 0  25.82889707299565 21.5943512058871 0  8.188071777797507 36.4218798673165 0  12.13585196481343 30.25157709550432 0  39.15776724474471 18.93835020668831 0  13.33940120911264 1.379449798594901 0  21.09375 48.65890178423854 0  24.34792738389919 38.24566409201046 0  4.582515858901807 30.48364765411338 0  6.357396707229269 33.23603318901304 0  45.88669991079586 13.52613648758823 0  45.2305756289669 9.031623587358943 0  7.513666314685866 8.09938284987777 0  15.49262291898438 48.28948823410809 0  14.01991746438233 45.80066651100382 0  9.570695978837037 39.23396599997609 0  26.65497935592864 17.0042056765653 0  4.158797941580663 44.32163801938955 0  5.876133699769001 17.26000213339599 0  26.97153931692364 39.86779052916682 0  28.41333422067986 41.14089510181034 0  28.94658426557816 44.7113743013858 0  27.40847335731694 42.87988951372269 0  34.8877279065679 39.93301072788187 0  4.972292752783897 9.248053542313452 0  23.37934198264677 37.03840536123241 0  26.55202611129489 32.41993340515166 0  25.88651804561735 38.12015059146177 0  4.602624919489115 12.31272196588471 0  3.095757660244949 10.90509479251925 0  48.42046160019827 17.45173273373711 0  34.86166384771353 43.02856525798932 0  38.22045132870053 12.13527422690499 0  26.31326990534905 45.71464690471768 0  8.830074119252341 34.22978590404571 0  16.3618087069111 44.35360102107628 0  24.66561531631288 46.78733575840617 0  23.23077114894736 46.16286104079872 0  9.371295818577988 12.457654953104 0  14.42373163752952 15.56680532033997 0  12.55101351131303 17.21076758655948 0  30.19808353702895 14.20566079463487 0  37.34173087950461 26.79428843751793 0  38.49162965045063 40.84752744971354 0  42.99478175427841 27.99365558069222 0  13.28125 48.70615118954868 0  43.87852307636518 25.08422008330945 0  31.97794654387252 23.85866964566926 0  23.19626195248697 44.65589511002052 0  29.31954443401487 18.43067378333297 0  13.05162816090309 35.39374835170012 0  47.85285884204783 37.55641781194358 0  32.29960024588422 12.46499314858283 0  3.279511794730724 1.553407511590046 0  13.3053448641356 4.385068821559114 0  8.083608764278878 24.80820120930102 0  11.80400430471489 14.22569063359683 0  40.92709107923623 10.76220856350943 0  22.3024144580593 34.59608583012892 0  21.98025831227639 31.6700084760684 0  5.537029832015093 3.515570696455119 0  4.053829706466049 3.726920673929601 0  3.40385524472937 5.1287010238331 0  36.22080031886161 31.71098779633402 0  41.01749441681141 23.96444499806339 0  39.70190779026926 26.12555039559921 0  45.111703186475 31.08457994783175 0  32.73964125647363 34.63279879391763 0  29.47621269767389 33.15182832618897 0  27.59029549838111 34.51630153997002 0  30.13455778674657 35.71465971268419 0  29.87356819229593 10.55860026390167 0  34.53639556709827 46.58381406831265 0  37.13711922782194 39.09546786083942 0  46.5627237366502 15.68240209080445 0  36.41888790985767 9.295778251033495 0  35.15032342313386 13.56344874348425 0  45.41386608010777 26.94975519584067 0  11.78677716081463 48.7063590316848 0  25.83173917434982 35.38142605315301 0  3.155814041657921 23.76056857743171 0  15.91501360917264 32.92599076542866 0  45.82374642234922 23.99128123403559 0  48.73810486480515 24.21875 0  28.5867987039427 15.3361757932687 0  25.59481525425709 15.78978588308528 0  26.81795476547746 14.08803588864596 0  21.71085959440296 43.7839559654134 0  36.66126853210518 34.73728656779866 0  4.32841849322898 6.296647888541612 0  30.81602352004088 28.40019536770746 0  28.20250809923743 29.53524039346978 0  16.31753195431927 37.78539831746581 0  43.47384228782043 19.39362412599862 0  45.50022868638393 20.56875982938511 0  43.93992238452061 22.22632074727512 0  17.06576123681035 45.91001524489119 0  46.71357216845021 1.70742456497008 0  13.03145813306567 43.14774068321778 0  39.4142255521848 34.13310748750459 0  13.89559557477003 39.35578925450405 0  3.292903139930285 7.888473787535574 0  9.155578091804184 31.89569781324782 0  45.05877131258521 36.24204828212118 0  10.95610788867006 45.86576970838497 0  1.404979888314322 30.21948386273136 0  24.52510054841468 33.1363455478181 0  7.704550852267483 41.46208035612561 0  19.20881621538235 37.37503550007695 0  13.04125457473952 15.10328878128882 0  10.78490250000172 34.90093328464209 0  13.25745865764655 33.642869087351 0  3.424565299303361 46.75130977605764 0  3.529057128632965 48.55128901947838 0  36.05286397210034 23.27104957355695 0  47.24815682501099 25.35407925967126 0  6.758508419773555 36.61294678894163 0  5.290645490345997 41.46771686829059 0  15.49440529557257 14.35086288215293 0  17.34497330752915 32.77046660099755 0  36.31918065352531 21.50837540628313 0  38.9812002384675 21.0898133804707 0  38.90119638505071 22.93325712406431 0  46.39202925319891 19.3545078326099 0  3.343995769840749 31.9252018806327 0  1.212128833122874 33.59375 0  3.801467743430404 34.09037036847639 0  41.68251216509771 15.71070626257282 0  10.33140263616603 15.38843558684823 0  19.11160298919625 14.07290142567592 0  17.74773845872798 15.84037356890243 0  17.25853377350886 13.07079129310612 0  3.343904855555999 38.72913051337262 0  15.99364039658904 8.761248576952331 0  42.07311622698878 3.417648399692436 0  43.21713561793624 1.364505513502167 0  34.53615251186748 30.37921448369987 0  32.51191782672625 29.35294942454795 0  28.5992984614661 22.56126021594108 0  11.17362559829307 32.52153259473743 0  36.39360020793034 45.90259226111924 0  11.49482672851018 9.717441773443682 0  32.82833974320387 48.27317486866351 0  19.90510324193215 39.69583057521893 0  29.9196077875237 45.73591846412511 0  35.12203555544227 37.15863393665266 0  6.564717704049604 20.16097446447361 0  4.969045598030361 21.890736347009 0  7.682396434592718 22.03937642828567 0  12.60802095026757 11.43673941212773 0  31.1046406640136 6.398370045367395 0  36.93557112956578 44.17494487398748 0  21.46862200394222 37.55795241765528 0  48.66899145569403 43.12811527356334 0  46.94613362977936 44.84331193334265 0  32.8341872831332 19.43290014407102 0  32.09698595270643 8.877306581515974 0  34.84144632036264 20.83477592149776 0  21.43749887865615 21.785752435999 0  46.78690641974509 22.48630187819392 0  14.8631159809807 7.311998717410145 0  33.24604643726638 13.49616951460164 0  7.258166469103082 15.52121295140585 0  28.65937224313871 5.091895005386945 0  46.78348301132259 26.67205065444892 0  19.11725828002158 43.92517549840054 0  19.37791402369897 42.01662207420848 0  48.62135266778362 6.588576725591352 0  29.47198095473815 17.03339670522138 0  45.84358640085146 6.158857947310882 0  14.29623047376529 3.363789167525568 0  48.58458721748448 3.191386197382729 0  42.90705502929848 16.6274895571873 0  1.747585903344531 9.492822345339709 0  20.39897540391695 33.50517316708406 0  22.49020981316479 48.74350689596026 0  20.74282153640302 46.1782442026099 0  12.67995707840429 28.91155090650316 0  42.89343426567935 29.37378427783789 0  17.03821375225641 35.68392956416777 0  39.26122702880035 31.3531697633226 0  39.06615190870255 28.71100859186842 0  37.3448968948196 30.52701056723222 0  6.140039701606006 7.950470572583652 0  7.403142240374815 12.10572541266147 0  9.86143418655757 11.16673885228297 0  14.23798031819685 31.20238301355966 0  9.332486673021304 19.61530539793827 0  47.65625 48.80310534341262 0  13.94460416307292 26.63216308513968 0  27.29275201723958 6.100083766895091 0  28.38054916563319 7.920515177410769 0  29.48258909210837 38.35278973717367 0  30.5965218223128 37.44867721608119 0  19.61639617599595 24.80193148487053 0  22.40574584416483 25.57933394106456 0  13.6067200501967 41.06586026776233 0  21.22645481639121 30.29860589809472 0  35.55493366065094 48.63309214844739 0  29.70693345579333 19.75758348584091 0  39.13105912775551 43.89409029884031 0  25.80572557800111 44.44352350415381 0  18.96624000418227 17.32264851198579 0  19.24206465748298 35.93130991829118 0  16.76253960774371 5.334865524978914 0  1.146476498430464 19.53125 0  3.097250509228 18.56587277461058 0  3.476023319358432 20.87029492530804 0  5.46875 1.113793508530808 0  6.105094476179881 43.65650102242915 0  46.83966448851772 7.676213432690979 0  22.30924524257021 28.31348281538729 0  1.161778775209109 3.90625 0  34.17482608727443 23.41769354904745 0  24.31456967395463 43.89436108747316 0  37.18383295427358 1.432780045812518 0  6.310507954933232 24.23244632235807 0  29.51267701870144 8.657601786471954 0  19.72238906534022 48.75812812101416 0  9.609121778215217 4.459423644309986 0  10.17105129231994 2.897194685664432 0  10.81525727217368 7.430725401491852 0  13.2162002377884 8.739968761774023 0  48.00324609803021 40.3899659858938 0  17.03455451224527 23.88051114018579 0  17.23652124680355 22.24330824453684 0  37.78001582121941 4.934135833311441 0  37.78120424769138 29.10655162999802 0  35.24985347954371 33.04766193308503 0  18.26269595881469 19.82809859654026 0  14.25088852814561 12.73949401751937 0  14.50561179393651 10.07421423072123 0  15.70778019853768 11.56337872412527 0  23.40979213417693 35.68724647866497 0  48.90057014409477 14.84375 0  48.61072272858897 13.46968549862698 0  18.10439628541199 18.48631777140283 0  43.17152367648158 46.66291792869985 0  41.71391047158914 21.12412339036097 0  4.552365015056606 16.92062494342309 0  1.397092442900306 6.818912191309062 0  17.24755937798435 29.94650959033135 0  32.6172866161983 37.08541813148307 0  21.44188895137113 39.17316753535397 0  30.43375425814653 40.17501948156794 0  48.67598819792967 33.1313197343204 0  41.799523864299 34.84230556068967 0  41.83627117010913 9.089697803802745 0  32.11118397643236 43.92592727345254 0  26.78829635393525 29.07583466914508 0  10.4750038782833 21.82046314032247 0  28.7226845835992 27.50420228437269 0  14.97573140022187 43.40069295825876 0  15.49564403343994 41.60386415741717 0  5.452499859491796 25.37945452825536 0  3.897544810265041 26.15349789748776 0  31.45500567432232 15.39732391059061 0  32.7449710637752 14.89102155376823 0  19.62675789460263 29.00203753122934 0  5.739606390181478 28.6849581687557 0  3.347419885293139 41.78099144072193 0  1.110627074111194 42.99795930212431 0  20.2807046668624 26.43217725735024 0  15.01943134797115 29.11310640584807 0  41.42875269092005 32.20181689109496 0  26.34146056151895 48.68790763367433 0  39.74553508950168 48.83238882843463 0  10.3143672269589 18.15813689794084 0  8.92880209186969 16.87332263089689 0  7.653089266354446 18.23559834512522 0  31.8590670639392 30.95231678265018 0  47.34846613587125 46.09119859319371 0  40.25785426839138 36.4920455448618 0  30.1519253739067 48.69141448856303 0  7.172833438279263 45.98139615802923 0  8.229156962167346 6.748924487708154 0  5.666972497403921 6.079851267085766 0  26.46298188235528 3.601653840922066 0  16.18756740307495 17.09183110768334 0  48.92050100047635 47.65625 0  23.78515600617095 41.88979826503222 0  44.05284402004682 14.40845000910341 0  10.61684225597415 41.5707868377205 0  14.74493421059379 22.9885899006313 0  12.10082671888748 7.025561189910029 0  41.04867684747918 41.49207834842391 0  43.90180612535573 42.34078101892941 0  24.53535990682168 9.88041286523079 0  27.34375 1.088596835355108 0  37.35432965783333 36.38148075243829 0  16.75102053252131 48.73754135586796 0  37.45191643099926 14.50669425451396 0  26.86340282317856 9.147456644479181 0  33.47767030584827 32.12368087382082 0  30.17839109698848 42.70265107367157 0  45.6745729809502 44.45404571035725 0  13.07896917313589 22.14857405931631 0  13.85337568460708 20.54896641400451 0  12.38794194677737 19.63152435493674 0  41.63126964307538 4.639555698340268 0  24.92431428887408 24.28340280480966 0  34.86296402189992 19.42682069233691 0  37.01943219188591 16.95848541759205 0  36.78015552081366 18.88297538102643 0  34.71071406672727 15.76284595338458 0  46.70008864831743 31.36308765106435 0  48.63901333512008 31.23705443210422 0  1.046577797540926 41.40625 0  41.46492696203507 43.2829970042303 0  41.00727033005938 45.47915359399872 0  41.94840916248651 38.12231889403049 0  36.94913760833211 25.53782044124744 0  35.15318820085398 5.254239010828376 0  33.54525815567243 4.406640402639253 0  32.57934425367063 6.090394619806839 0  33.6331634159429 6.988007449200568 0  32.91045402649191 1.930451556234959 0  47.03813195022901 29.211129331697 0  42.56248603632756 25.88545313972329 0  41.6967302437932 27.40259991882481 0  24.77674022484623 30.49260063737031 0  25.73783169725472 7.723676396457173 0  10.64907157528879 12.25706421527155 0  9.293238739473699 14.25748987333137 0  45.14157383633266 33.45333865698448 0  19.30548013102749 21.61284822123266 0  1.043960888198364 38.28125 0  46.42992704204421 33.53240110902315 0  12.56523141779465 37.01340024823996 0  23.8329050018537 21.2539152906089 0  23.03139822832065 23.43144633763168 0  5.261540784624562 40.05824324460698 0  6.722384431087074 39.32981478244463 0  11.75526372930079 21.88485718614776 0  31.22076434763346 27.07846270404736 0  48.7089773910548 29.79898567042316 0  15.30785422755465 47.01539973926552 0  8.749936242289971 42.18943348966992 0  2.902573666874666 44.02157305400326 0  30.13802007804995 30.62431419578103 0  40.45262973449659 25.10156859071196 0  46.94070667986617 42.119628729104 0  23.55315296213371 39.27778964457445 0  3.130818154321894 29.15266229729203 0  7.312219588114919 44.30136583923846 0  8.94674425360548 44.14253780585287 0  42.53714185435727 33.65132827114917 0  26.29783494654427 36.89567269956518 0  43.0924453375106 41.36349687012969 0  45.36153561004846 11.71044354646577 0  47.28768910609224 12.78349853844895 0  47.01744509821637 10.37900178644324 0  28.15908677887846 3.600151721409576 0  24.18531848453733 26.90643033568221 0  29.57196412001254 25.68930218028374 0  30.73195478363307 24.00802676062348 0  35.27808880921097 1.103518692592961 0  42.95502828716501 21.42526159933069 0  43.10070404602902 23.36616660146156 0  2.74856512656616 13.64511344094129 0  1.056232620379004 14.84375 0  3.654206142972032 42.99992917843985 0  44.13602709927833 4.208653270113085 0  31.1905849169282 16.61775038765908 0  36.31705752808045 37.51803606700965 0  43.44371660662323 43.54386118267751 0  42.80255319527071 36.78339765672246 0  34.37398202467444 38.8056012870037 0  7.459388243854702 48.76178445503282 0  40.62976206055023 46.87655994444243 0  0.9908910800581034 25.78125 0  48.98207986816801 19.52400917775001 0  48.02682108809316 9.178113865198362 0  19.15916711987393 11.22749876659024 0  7.324655369679247 5.462218694823146 0  18.3348901055015 27.82637314849563 0  31.00806571564742 12.89347539211271 0  18.49281459369665 4.379878959368108 0  19.27282730086108 31.49284600057189 0  34.34699511823352 44.14699237605188 0  17.63236305459879 40.16585400397797 0  17.53178652160284 38.03857326114433 0  15.97475850108437 39.92130238433111 0  34.03758595997034 10.87333066384963 0  34.12367223241451 9.501043732544614 0  32.16596962263871 11.17747976957047 0  28.74015023603063 2.491879183369898 0  37.56850193297232 41.67374246324564 0  20.49191957370732 23.86064482846447 0  44.16279962049606 35.05654386193015 0  45.43095670014482 16.14967567120594 0  10.52559232966704 48.80398569613514 0  39.50892228691919 2.753758713201663 0  17.33728314895411 43.60654797552315 0  2.342034225805296 48.99907113747586 0  24.59914712704176 35.36312818544931 0  35.88307639008066 3.449957893747635 0  48.50676799813159 46.49977868631333 0  15.3968109548283 31.75252826175211 0  1.14987915704164 24.56058028500744 0  33.12226251510582 8.141774853135766 0  24.65171471903759 1.22618401685198 0  46.58457668693373 48.11679405233752 0  45.91715731302642 47.03950098737943 0  45.22371250468778 37.50166285382272 0  43.86064103776781 31.24635483516267 0  35.18567212870482 11.76358158249342 0  36.41826660749191 11.19361735593364 0  37.42191366199566 13.0558101463822 0  1.196508613355119 12.08205085517319 0  39.79155023166923 38.93815985014674 0  7.39556548148631 26.66996720905765 0  1.000395451757337 47.65625 0  15.17107376124516 44.60108412833571 0  35.54510149633088 7.72023066026709 0  12.17876510726642 1.85035826055789 0  11.62719798038379 3.005807942955408 0  34.78718625261132 25.56801451890873 0  27.91073065204253 37.12606444357347 0  3.028374414087595 39.89810122733322 0  0.9312524634801036 39.84375 0  44.22678052496752 48.81901296783225 0  17.06736691831791 10.03325484451898 0  22.96799305092064 33.48430622416645 0  28.57420934192921 1.147019791029853 0  26.46143127539004 23.75431770996778 0  6.04928301260628 35.38685901812998 0  48.830098990173 25.4799064903629 0  9.3962691929563 20.83059339277688 0  1.136102365501198 48.86389763449881 0  4.708041320922732 48.79605203115399 0  45.93378763719544 43.24908888294399 0  25.31843641094238 17.67357120772009 0  25.38426809360622 19.36473634702431 0  27.19561922311768 19.18994418817832 0  24.6548602046362 6.312230120867789 0  49.08833482401314 27.34375 0  36.05726124500857 39.63465997646299 0  5.658914313545801 31.0926612826519 0  4.712146208319745 33.24109240718466 0  48.72422751286832 34.77442894963583 0  17.56753772285646 33.9726974788293 0  32.16994720044401 4.006987907392213 0  48.86625922229191 48.86671535737594 0  47.45673230069519 27.6615116176253 0  35.14646209787875 29.34079811244222 0  34.99869751646492 27.12706462159968 0  33.45849669568481 27.667853199106 0  11.05809042193583 43.1487925777246 0  4.412650389631455 27.6977768367443 0  21.87422752733105 17.70490986577891 0  23.47288025162597 17.51262307380737 0  22.01910485461583 19.42665183021302 0  24.21875 49.09753781913929 0  16.99271553265555 27.97884866843247 0  31.20490383215844 10.41690783539222 0  38.36520011542604 1.033745517589622 0  38.30477820961736 24.39480162614862 0  37.70794360689397 23.1689929040856 0  26.18865258875283 31.27487691851157 0  33.51415313103543 15.80874925483946 0  45.49131447187957 40.86870545117175 0  44.10171882244995 39.6492002933174 0  17.8393442714917 25.74202619350024 0  38.90626366688061 10.35996589578612 0  34.87509511927647 2.783200457311454 0  39.2742609362944 41.74562375624513 0  32.42274559000807 33.43409214697074 0  33.94255513110826 40.66852108746142 0  36.11053313067127 41.54489977789583 0  8.147457482841437 2.265763159152792 0  20.30026001934733 17.78286192376529 0  21.27640585300861 35.25425847015877 0  19.30714791560837 33.99457804998789 0  16.75950047656332 18.14097284704753 0  16.33466534612359 26.32789167919335 0  28.90625 49.11109625138491 0  12.08756219084925 4.60544296876434 0  32.05179388629696 25.03925412157499 0  22.20497991958621 40.13199969629597 0  43.51352260561448 10.76488913189035 0  28.56380926616298 12.66302698665272 0  8.350153894480973 46.42112118478567 0  42.1105860900355 48.67312820706746 0  24.12392020906309 2.600120476165084 0  43.98802483984547 38.47543854563438 0  20.57736042978194 41.68103244410568 0  10.39929890594645 26.24347516968922 0  7.607572799141515 10.39275184747187 0  3.264279948715353 2.783516528261154 0  2.719312778543511 16.119905876905 0  5.490610737425161 37.71342223182533 0  11.33632715184129 17.3770847661701 0  32.02575378708063 49.12432496547264 0  27.24774743325928 33.38065931699482 0  32.58248831747234 35.81592364779332 0  33.9279034932789 34.56629749435633 0  34.97748303285866 35.6033405471584 0  8.575349991664073 49.11299439846378 0  28.94600824446076 35.79519758417718 0  49.06913339510218 16.47616004655208 0  30.49760422040852 4.507598031277641 0  19.26231543004793 23.66658915395977 0  33.55713214395808 28.83167199089646 0  29.7906640322028 22.34637998023231 0  35.23704520866572 9.015607256457336 0  15.32687497265062 21.16504866968097 0  24.26588014633258 8.72082353883749 0  31.59754954112726 35.16904253579501 0  30.28053730565462 34.53514185826669 0  30.65733755559973 33.05549689650987 0  43.30657701371285 9.584705288966632 0  9.235742711862212 10.1638547647378 0  15.33775925848674 33.97162492545619 0  39.24733111217196 35.31523639738568 0  23.55966966338431 25.77166386276791 0  33.90974012867609 42.35402483705543 0  9.490317519887702 27.02071489629106 0  49.07382910321341 8.671046407666136 0  9.980737497286615 22.89377905649807 0  20.33480680073433 19.48711974147237 0  20.08728164447009 6.054879612517663 0  21.26341579581912 4.253895874500243 0  5.566816002073844 13.74946444365962 0  13.43630910035934 16.21844075924099 0  33.59375 49.14368100184091 0  42.16287362383165 45.36960219617236 0  7.633392253968908 3.311840275228567 0  8.208077351591893 4.349457485530339 0  28.41233884245883 33.65453774776496 0  29.16876436615486 32.01603791163284 0  27.38475413833101 31.58464943898983 0  41.79981735161583 29.92062374193764 0  36.63723439110929 49.06717057598684 0  31.18861903010601 8.161548816505045 0  7.03125 0.9239045590925423 0  40.06370747024388 17.3877914634138 0  26.05975558932549 40.58636877714285 0  24.50989487615016 40.32241631494297 0  13.10429049534793 30.90965636123708 0  38.76244567671304 46.52707304244448 0  45.34549937075415 17.3926262122227 0  32.18507943054028 39.54196568801872 0  20.41327172649981 21.18409900739415 0  45.84923370089827 10.06971670483957 0  2.327986663200786 38.12828287192379 0  10.43821821596858 19.3009845559092 0  15.61762290325078 5.462199423098148 0  23.606188469534 19.30255837203002 0  10.15625 0.8413759770864652 0  26.2808253732457 28.02188210082951 0  44.6218231228374 6.623967910447561 0  8.180293761794792 1.103268151213955 0  24.05750116831612 31.38375221547664 0  30.46875 0.837151387195842 0  29.86888892664055 2.842132626451776 0  43.10426176601322 40.21620597603082 0  49.16422212399028 38.28125 0  49.16422212399028 39.84375 0  8.100426455774747 14.64712105527527 0  0.8773977422150514 35.15625 0  2.127127395991518 34.30515474451752 0  2.597070508990709 36.44931775254606 0  44.1035162891781 15.55294392309688 0  16.51557177715779 7.657681641862862 0  41.89710647089588 11.36460788874305 0  39.26377080558537 15.84454245852182 0  44.73411657889576 26.03460989118265 0  10.92787799491898 24.16802990678401 0  12.28382072700131 23.17916525546521 0  40.81920569807613 37.96358498105353 0  15.47882508610672 35.22012899302306 0  45.88379151576608 39.78853255639597 0  36.57024991625249 15.82631910705469 0  2.472454566629538 22.5811185265986 0  1.040571799324503 22.43011871636852 0  40.88111378441133 19.623654809764 0  41.79657594319883 18.28934117292076 0  22.6868324051331 12.38103582658538 0  17.1115106359635 42.06710488617092 0  49.17236231794837 5.46875 0  46.09375 49.15648526934584 0  44.20649997173829 11.68919492528809 0  6.260062899640781 26.78422514023046 0  21.75946479473006 15.96118854648954 0  21.30200446939786 14.18286075503444 0  22.8727904484393 13.99126568306942 0  20.32564425650946 9.142320737384365 0  33.84762051997231 21.85578709200683 0  27.39844502032278 11.52854377176457 0  26.18666496813217 11.53352046311963 0  27.92529633941507 10.45157860300164 0  22.69318919307432 41.51371000574103 0  15.7529874079163 1.249523194816744 0  16.56614502320702 3.118734765196423 0  17.87823734103209 2.363379869488515 0  12.9153408316244 13.87343131211274 0  7.932847578378928 27.70171674117829 0  40.3115649514061 31.77949343006574 0  25.62205316034899 10.1917737333924 0  46.32543950921689 14.5700421527423 0  33.59375 0.8225247508847165 0  27.32309642575513 25.41046647137852 0  7.771360664387564 37.53762983988403 0  9.993642037732734 38.18532173692162 0  11.78147135631778 40.95356678819428 0  12.07063874629117 39.05959752436021 0  32.03125 0.8413675169950225 0  27.67714167188915 13.35869740857101 0  32.81648997660395 40.65321851009175 0  9.276125879754968 36.71021077147532 0  1.109243250796784 2.729922210807719 0  14.4585786408742 48.87804928994775 0  7.120735220741677 30.59420674268314 0  7.86309385760446 31.83585645138899 0  22.68228005217012 2.446412363968766 0  22.65625 0.8070717085177633 0  38.62322629566824 48.70533445717166 0  18.9795246779162 6.272479017945529 0  20.88500139941681 11.01699183095379 0  22.48302801797237 10.8283613998549 0  21.09807061393256 12.59549039422368 0  29.31210063299957 29.80110553237943 0  47.51473742379365 0.9218270911095334 0  26.34764188084566 42.43450810211252 0  4.195282850151434 23.28576248852063 0  37.00774746570478 20.59632903169099 0  26.50168693602788 43.55365711757315 0  1.096999952610529 20.69049001916239 0  19.51127621714727 2.38369755977997 0  21.09375 0.8012237770713651 0  19.53125 0.8012237770713647 0  5.72707445831273 10.07464492485413 0  3.934509152018433 10.15912966015427 0  5.530523564673127 11.68711193115478 0  16.62116589806918 14.04805496382155 0  4.3243363177204 1.08562798094291 0  6.25776261934661 5.132121808324937 0  7.284788410364754 33.95534944731862 0  8.436669280225622 35.27771828262969 0  44.90445293436972 24.63264689035168 0  5.80125537687025 2.177916784232035 0  11.91582409425395 34.92984220061642 0  48.95036282536124 44.26121028601495 0  11.71875 0.8174330596703157 0  25.02037403831172 34.23449880121369 0  20.63701080816825 44.19762065894282 0  20.79251777416515 7.562165500349622 0  22.18508949407381 7.765627199318691 0  22.35076589390035 9.169180468208848 0  30.36783174725879 18.84463172526646 0  18.6675581375001 7.735810001774165 0  7.092043306367558 13.17498410362105 0  24.44223083320585 15.66379958804556 0  5.289590757802868 44.45036251869575 0  46.11855823029093 18.2403190235297 0  2.415306366383842 0.8549787631496584 0  9.20334058965526 8.637866608580191 0  12.86986625270194 44.73934502063297 0  44.66381204340146 19.82330481524287 0  43.96035200265381 18.39755276819973 0  13.24448071851363 46.59216417963822 0  27.34375 49.19372332769308 0  37.98547610227374 43.66055177787226 0  4.02157147627341 19.20006155981339 0  45.88152797644843 2.559902831791572 0  44.2989775820129 1.00068520025734 0  44.47259240269516 2.421198083024542 0  0.8018808676579851 8.59375 0  17.64539983355668 1.096652551302412 0  0.9325051448383935 0.9325051448383936 0  48.97815021752296 1.021849782477043 0  23.89015190104291 22.7089144549935 0  26.08867717115187 22.679925794472 0  46.04406027733513 0.828254564230966 0  16.89214463952693 15.14034856077593 0  15.10669072056927 16.43250002548106 0  14.77932758346732 36.0919005751264 0  15.03660046259861 37.22773698015961 0  41.86911748438579 47.59310041476114 0  5.607339356952041 20.72296158609343 0  5.644404960132073 19.54014656743549 0  44.80297397669736 45.19015404456304 0  32.30966246442229 20.39858454954288 0  38.52913841207111 14.74946942956948 0  26.95047671592499 21.6768891236109 0  11.4617619400126 37.33299752007036 0  6.722276735195214 22.60648301314137 0  8.412152768216471 22.88252256585251 0  21.06295079080688 2.403193932320649 0  36.66353699775281 29.3534506343544 0  37.87481843780213 27.9880890205617 0  35.68353676868085 28.37635523602058 0  36.32852960232787 27.21318388846916 0  13.61001118871578 6.210652910409398 0  11.67686671347107 46.69004591318667 0  43.02329554881923 37.86612140319804 0  47.39255941449816 36.56624026737153 0  50 36.71875 0  48.91542423282043 37.109375 0  46.18285176396737 38.08543759934158 0  28.23607286301532 18.53198977631224 0  27.1700025642373 17.96279757652237 0  27.95848950903742 16.30609177067039 0  11.73100351661111 28.37183105925631 0  9.864397273683949 28.84938037938169 0  11.00387479606351 30.2607378027956 0  19.9113063207178 16.74675375857008 0  8.353514278236378 19.09497762394685 0  13.77067332561362 24.51891264332748 0  47.32943510002605 19.90215820598646 0  47.41154838387693 17.91957635421244 0  27.74247222859186 14.6552831474036 0  36.83525321956011 22.48780266663766 0  2.312960535666315 11.65242915907918 0  0.8307673466789089 10.07208333392218 0  28.51971398145074 24.8416505489559 0  30.81049040410994 20.8915824732419 0  32.00405720483162 2.93272256933039 0  18.72700518240402 47.27368650871911 0  4.010919182154235 8.718564558997862 0  19.55563610384941 4.027739770414117 0  18.15771302020905 11.720901084922 0  13.1567804535852 42.06195160828515 0  39.44907579035825 20.04523428202157 0  22.36480725943323 21.19399078172964 0  50 2.34375 0  48.92321554432732 23.1079977678047 0  2.1862384965277 2.777753440075827 0  38.63527358750408 37.55271031031464 0  43.94093355645079 36.17696829675393 0  42.68215735764998 26.95933727730321 0  48.04960064222038 5.6391688926429 0  47.70150708984423 3.810920320115121 0  25.6174030920102 33.00119869026288 0  25.82704703450165 30.26222829565671 0  16.03605271433296 24.3788081719739 0  21.28559874199712 34.15502225077806 0  48.94684330444856 18.42131707391384 0  23.1154870753557 5.702806224038524 0  24.75436102670089 4.266701678495672 0  48.94803843236325 40.96271621862289 0  35.92729193139571 25.144453517328 0  24.52519103584624 13.59745124670508 0  25.98537651301698 13.40456323354303 0  4.392487125753569 37.73113288792567 0  18.27451791429421 31.94702067300011 0  9.268617236358189 6.364276516304584 0  29.17293850496154 9.706854313396633 0  1.213961569523198 36.17526108198471 0  4.832132083287281 15.16774569040443 0  3.433698705865821 14.63087711513888 0  3.892503885076918 13.14247311644638 0  30.94568399918459 45.41257485885347 0  11.57735124259475 31.18142323203535 0  35.29677196757318 45.78457140054784 0  14.40956659977099 18.22012848484932 0  14.35043938711286 1.030182778837478 0  44.0904095733972 44.39420090275143 0  5.173653236029677 24.32570554477346 0  39.22512086071502 44.98239321185063 0  7.298660680545241 19.37539387309146 0  7.248033823811705 20.9909673793692 0  8.382284157646536 21.21209637848172 0  9.102744855453571 25.22921678636368 0  11.55296782858019 20.83019730313738 0  34.67289242928416 17.76396920655352 0  16.23707299664863 21.8820725217 0  25.78340637655702 25.95029351257196 0  12.5625358505699 26.42891405120446 0  14.20476672555464 25.58616417917463 0  33.0706918055254 17.36000546382807 0  21.4785258559771 26.22358385911441 0  16.09254785893677 19.83163593335079 0  23.07632869381852 15.5102164612258 0  43.51095072396818 5.563653464061017 0  10.51669011829015 35.92579359850464 0  15.52888443387524 2.788692934002818 0  13.42537768933533 17.81655909318729 0  49.21986028336637 28.85816379594486 0  31.81974525430959 41.67298477208439 0  44.99003473951554 29.20982319102521 0  8.854372672603098 47.34935253297108 0  23.09652251458554 4.625703435708864 0  33.0652657608445 44.41962812961575 0  27.87636099892398 26.87458989907911 0  43.12955812732012 49.09036251161148 0  5.601622619124936 27.62555370026433 0  6.559930329481069 3.1535698738629 0  41.49219872928182 24.90911345340461 0  29.73039951574313 11.60302631114972 0  2.848551355688359 26.31149988896386 0  3.260908100371269 25.30494289239335 0  2.226820875808097 24.36923889091767 0  21.82746590303881 24.66399704597827 0  6.293156325774405 34.34841690420376 0  3.661516707652196 33.02740324046611 0  4.223932693811317 36.56076890452249 0  4.953509018711034 35.43734902352875 0  42.97512144609112 20.34832990668725 0  13.50282250211048 11.99559467081204 0  28.28451941770473 28.4741134166925 0  19.8682940437248 40.81472098949356 0  26.22671216139433 14.95352110608865 0  17.78272353765008 41.22901548346238 0  26.41765461444007 2.524404310205892 0  19.69731865827892 46.10881961632276 0  42.01316854355599 23.51476199753074 0  17.80262398036157 46.78693591733891 0  9.901091595686021 47.35110825437813 0  0.7861433310638932 28.90625 0  47.88378180852143 44.33029733447644 0  18.50442689214697 15.11805646576748 0  36.67922260666462 13.79692048926637 0  50 32.03125 0  8.099549855354779 40.46670517775107 0  27.72788440398242 7.094933235216179 0  14.35472313258309 33.63219845703001 0  46.27151469721796 12.5592863996227 0  3.043412386618532 34.81449796560893 0  28.31302080944679 42.24275168372123 0  14.67062721520252 4.375165015396859 0  16.23888222503674 46.54552221985661 0  31.44791171842043 18.77444722462168 0  17.7257384541257 49.10722769739097 0  44.27357255455089 47.77780860641573 0  0 32.03125 0  1.046836806699384 32.51925565864872 0  24.20935207543652 12.2583478084564 0  28.45001029572802 38.70254148119913 0  11.36789545022856 13.02355358607763 0  11.74438282070824 12.01865882594364 0  13.76295344515382 28.81572029949912 0  13.43284499437576 27.55059468828944 0  14.91163453476525 27.02602597955388 0  24.38529100489292 42.8034916544493 0  10.82145148139585 8.531649358874617 0  1.022925951410383 27.88182564462676 0  17.38325702586581 20.37618207337175 0  45.25679109955516 4.473255054360441 0  32.65997481860783 5.017716218802352 0  26.42700142563166 5.520297573395494 0  31.96057050085589 22.82224697495349 0  13.95515692436988 38.32388161083195 0  9.922520738790373 34.23030851057862 0  14.92631436226567 39.42237892358382 0  15.90561662413576 38.88183410572558 0  46.0331055492677 3.792192226188858 0  46.06752248396155 8.36656490750385 0  44.66114264853203 8.14812276488923 0  4.018579451226509 11.42757806725162 0  12.41772035060757 32.95008463535095 0  13.48646438256137 31.96244236311946 0  19.94555089655632 8.150959978192672 0  32.82353445621004 21.71357162939858 0  50 3.90625 0  26.52956811186073 38.9315507114416 0  35.71914449731765 43.66151067675515 0  37.39693373789777 42.68743945936223 0  10.51720288914496 10.35139195027409 0  30.23155456695495 29.28045911738316 0  42.834905114611 7.658895802910053 0  39.45916782370084 7.600632610401939 0  31.65809362217322 37.55180791136984 0  37.76426765019421 39.90668451056602 0  34.68294126190358 7.109171031630574 0  43.84187606186951 28.94235178665785 0  13.83273777203736 2.451555852659007 0  6.756853108060065 28.83066649900828 0  16.83701291671888 36.68881176794039 0  11.68063998067372 45.08969260812361 0  40.02366305355205 30.60039440936019 0  28.94177889060913 20.44058710097727 0  29.85587492423575 24.64438188615646 0  40.40428103975452 12.06354977731653 0  39.94540122469164 10.47637334630913 0  41.8885124181791 13.44288223897516 0  42.38534542987849 14.36641401144254 0  17.08525637610002 6.308653061524413 0  44.96717028503013 13.96188575226316 0  0 17.96875 0  1.061478772645326 17.38447764021193 0  24.41215453827252 29.53669589899863 0  25.28343669620691 28.25695783638577 0  37.32653022195133 11.65072112744883 0  41.31254080934985 35.80272183724323 0  37.29724814805057 33.92545966959727 0  5.861849023429198 38.7080532078538 0  41.01396676413962 40.20553573662857 0  32.99397798063335 23.75477698599483 0  4.05317083329497 39.54523387467725 0  2.301348070656841 29.74018489325254 0  33.84894475828049 19.55303487878893 0  6.785026442385458 17.71061633553508 0  5.219889978856392 29.5609754353357 0  24.7608244137326 21.83499584818099 0  35.68095952159177 40.60101681678744 0  33.17438657504211 11.47221167880687 0  40.85916593685086 13.40285110893385 0  8.810763638154643 29.18530173905892 0  28.15505564121116 23.47176371775984 0  41.21657748380988 22.04482026814395 0  35.10189435804777 14.8171385574208 0  39.19329427645069 17.91917263989138 0  25.03510746876032 2.161807203243649 0  11.54052752995718 5.491522624925376 0  21.00533746955825 31.31301364533685 0  1.920003709807721 4.576119703184355 0  9.262480991205216 30.88929830095972 0  11.35850560703714 19.78816772584315 0  42.44058897159653 2.445827014466483 0  40.89180132977351 2.24542373824436 0  41.40625 0 0  40.89636235775792 1.036872043648208 0  29.2959249098972 40.63079032768387 0  29.86982804661421 39.27913203109932 0  28.06400727512234 43.66045767159046 0  30.83392501479387 43.48321923153934 0  32.45635583550869 42.98058693008892 0  29.82878329439679 43.66014036908818 0  2.730395520866148 28.20471416982686 0  6.634324634058336 16.3060926287317 0  8.154757252172518 16.23607871367711 0  40.56505221417642 15.19519020526401 0  39.42921481026402 22.03271474339494 0  44.33458116465721 9.537774687016547 0  48.97494813066216 11.21910132543463 0  12.58205802096306 18.39493305403734 0  16.82299680051883 16.28576197463532 0  8.359344054900975 12.43757999788367 0  20.89336266372727 45.18939200952221 0  18.91503148220912 44.90421260842248 0  15.08666241734463 6.324404152730959 0  47.74701565125337 35.00128764245242 0  1.102360257291166 45.20916078563786 0  41.17786833155272 49.12392146994964 0  17.33631883744468 28.94766105937664 0  18.88303733075168 30.0382961134145 0  2.462437427675243 5.52149924953584 0  36.52184182070746 17.87373867338094 0  49.03004968424887 9.689890301128569 0  47.64492530610161 11.17639461862236 0  25.74835588526635 46.64868320961114 0  28.59809579126276 47.23191441182917 0  27.58398399803319 47.3560077855651 0  27.05553137425131 46.45256373239624 0  27.30469895634868 45.45965486461846 0  29.13121832682428 46.37116937327549 0  30.81862541700036 2.515563512605381 0  27.93976018895142 39.57570324558907 0  45.27196062098501 23.0938941681072 0  2.849536169062236 21.65255610586478 0  22.4510687237973 37.39779480775132 0  12.36548563686846 9.246266674458653 0  34.14296240031982 24.41840907960317 0  42.39004042464377 6.76530702099542 0  13.48461300484334 10.9169708353054 0  12.08763912047322 10.59548010747629 0  30.12551769186614 6.530954516540161 0  33.18530346482775 9.143847993497294 0  10.19734445559729 43.66398079255565 0  7.047285775691409 43.34505288827683 0  46.43630352677523 24.77683345456779 0  43.5926417859693 17.33650220740686 0  3.886278037769171 29.78585840253529 0  29.48643965057774 14.90489122315002 0  4.383052878060026 42.02146800881653 0  9.219674689719783 45.1043064078221 0  9.639315332117222 41.7471071635782 0  10.23829298979721 32.21155249134023 0  10.83717340573794 33.44604416000917 0  8.937322821435991 32.87285347874163 0  37.9745627889864 38.56439517315848 0  39.44548439251412 39.8785455806986 0  33.38933382991471 38.6288856554435 0  33.56079898365772 36.73136991857768 0  8.421257277267149 7.715469138539728 0  47.21715878630309 16.4299270890513 0  47.89610441522508 14.89927826041884 0  19.63893040714615 14.98415626396006 0  11.41744836943697 25.03930638053383 0  14.53874238216359 41.3829629376152 0  6.99769553268553 46.95778801397622 0  40.44832578994887 34.14657180981447 0  14.00436537656438 43.26829366283106 0  26.77491639103588 35.07875271425829 0  33.90876400791743 31.24292190100201 0  35.30515247304947 30.98713598602635 0  34.30094653858382 32.67192768254291 0  40.06206425657088 28.54874911658995 0  9.025483144524246 43.14637755982775 0  46.04163925025001 36.03567206202318 0  5.685049949197776 49.13415360735679 0  2.551432639074675 46.24351106765749 0  19.10905513487812 5.230285970036789 0  37.12257005347244 45.18244037288385 0  2.344980806698427 10.27216866860995 0  7.741452714817755 25.73403613194181 0  44.03372960674655 7.401723909040304 0  36.92069194798491 2.399446791378503 0  5.846194066618619 14.69223669805363 0  36.5787789600159 48.05164042204997 0  31.70862596270722 28.79708635208133 0  37.74740405182729 19.06879185845068 0  37.89693686172726 20.98887653685146 0  50 30.46875 0  5.533148250016972 32.7106979616115 0  42.74013459695929 34.60095569936007 0  35.53944603569316 42.33163759461913 0  30.83364469289477 41.92412227631878 0  23.87897244991277 10.60874301657193 0  42.20225582340963 31.59230951303731 0  9.61505980685112 5.443345214716282 0  36.28483534102956 0.9563273641261467 0  46.34146670219033 34.53927257068408 0  10.68435557907177 5.030658020046976 0  28.67658561591152 37.74455819693999 0  14.14374892784471 19.60837797958514 0  41.18665240926761 23.01185251204496 0  5.5858725798112 7.095488328346299 0  16.26084373134027 29.96415730073897 0  42.69322200600712 8.623908780218658 0  15.26734655944817 17.38476332106469 0  23.79503427530124 6.816250999429272 0  19.08062447374577 42.94809642729118 0  27.53887900699175 40.6782474602187 0  31.05663896425748 49.04724826563815 0  42.3413399516697 12.58047200994357 0  42.51767920205485 18.92588593453362 0  19.49074867430762 13.18570341824926 0  18.10720309609106 13.52973806107414 0  24.51402590205589 39.35819403396569 0  21.77611228343216 41.17525501746177 0  29.30715227804892 42.22347263188009 0  38.18441152664823 3.32286824436574 0  8.840795072000862 39.85710471638922 0  9.779052524017711 40.21706689225496 0  18.41916467131734 16.53039982796971 0  18.9166025592054 27.0185142917699 0  24.07918329980844 23.71162974438746 0  40.70553031801375 5.941955773321137 0  1.901614696206368 41.89827631121005 0  28.92115359956102 16.24123664342709 0  15.28381185672308 22.15593312164287 0  16.32517953790194 12.29479013417253 0  16.53759505900983 10.83960581360647 0  15.12301113330077 10.80562564076849 0  15.22332259783365 9.440940358716334 0  14.83565759338252 13.49724710087614 0  47.3703798564658 4.821228362899041 0  41.9839831061691 39.07865175800042 0  12.56580865036795 3.773315187808014 0  23.6835799122031 16.2602498774059 0  49.00924097867791 21.5929580124778 0  32.66509946410499 27.08794663420365 0  30.09198076485362 23.27312477054107 0  14.91475526091898 19.03643414550929 0  37.97579041330508 17.12813083309772 0  49.17778510281078 45.81105914632062 0  49.01975178074331 2.312468153324519 0  34.20977167726371 13.20185685995923 0  25.41547478477829 16.72564108516274 0  41.11859109373223 9.782936932878641 0  46.29788702520743 21.64520037212056 0  44.60278251127786 21.52214424114403 0  15.60604275542386 28.34825997164852 0  38.64191330006172 11.27796664254998 0  16.67377490830916 0.8584251874358573 0  4.132909313924884 31.35018360426674 0  39.66112051787569 46.88873332395887 0  16.71515492912524 33.50877916375899 0  3.965101824427214 7.193027877120046 0  36.28055531297304 10.24465261874627 0  39.18318437172804 12.32938355883955 0  29.0946495722835 48.15554815669061 0  34.63343854144711 49.03036629475922 0  33.4581803247454 47.55759855174406 0  35.13050587673589 47.77915201632773 0  48.62746612862199 32.18477334038268 0  29.3090827485562 7.732323372599722 0  39.74919996372596 3.670183939060251 0  38.73762166387984 5.050920196530274 0  39.97626607578169 47.91382640225118 0  5.803774408629111 22.35121186015756 0  35.81485421005288 35.16152269885857 0  33.1804457817402 25.79623385469245 0  39.84375 0 0  39.33420874091755 0.9353278145435485 0  37.47475018118082 32.67485602597984 0  38.2193713801668 30.90400987700942 0  38.8257063142588 32.19407530360166 0  22.21952507691927 46.35052370512218 0  46.51067621203308 44.00129537899068 0  37.28363336394223 9.787267500414719 0  43.58979235993521 24.17983912209028 0  31.6231502432934 17.47127527629716 0  18.27202293454895 35.96548271757938 0  19.17740030326804 34.92791478158894 0  35.12084677688443 23.43404143319465 0  32.19016308907476 47.5717739784174 0  30.52367660393653 47.82277107289949 0  33.59617406021365 46.22481173180523 0  34.68720706456168 45.02654980373326 0  49.02410188321441 42.2185878293668 0  47.75617858542321 42.59547186308345 0  47.35283217271589 41.26710757532252 0  25.33959159825473 5.639992842708341 0  24.09447896048581 36.37859935988302 0  24.34320926985173 37.29556976504283 0  30.62280214914318 21.8448638535132 0  10.07964536340367 6.842813976636441 0  35.88435503589513 33.74251187330388 0  34.50086288392522 33.81231923020936 0  40.1613204025272 45.07064934538072 0  36.16268156986481 24.21932096090783 0  12.00987701796877 43.10362121479525 0  10.95972630091976 44.22826750083652 0  8.191318489180478 38.43206550706174 0  25.48585890692123 49.15494451892294 0  11.18609416048588 14.95700341072783 0  31.25317417503432 26.10157805494774 0  2.044126169467476 20.64456354616591 0  40.36873334841295 21.64444441233227 0  39.75716316057627 23.35033569533421 0  47.86225834544854 24.61466425665389 0  14.96644896196429 12.13547481157573 0  21.16839378360201 5.210847052830569 0  22.12238477613491 6.087853637707484 0  22.2639162695824 4.120916294062219 0  32.77153804447246 31.49669078494833 0  31.22651446353772 32.2829723009654 0  0.973298745612046 7.664012578367091 0  39.51951339041198 25.20464676125858 0  15.14619401345256 42.47638354382323 0  42.0077964151418 41.61764764041425 0  8.292994229663728 17.55637886781125 0  17.62876197631061 23.12275423429201 0  13.89299367605203 22.60618054653688 0  7.148842513962016 24.66880979152124 0  28.02581303639679 35.41264444340541 0  13.91166820845881 35.75225214064383 0  31.25971418943542 39.72099161479341 0  35.91366181909962 22.34961013061124 0  35.64724423532453 15.59647302869529 0  47.7246496396298 2.718502036149672 0  40.62387283871835 32.78701567987336 0  12.5638817511652 34.26262935246547 0  21.16133465722708 22.75928343874119 0  22.05348290378066 22.48642595542339 0  10.21785638070963 14.45069683779595 0  47.54440999432182 38.48194916691737 0  27.03380233017313 37.50427881269972 0  13.71712383924538 9.546042239879888 0  11.69326211563293 40.01851531713844 0  10.57087972898753 39.27331015085709 0  43.31536761507261 3.75113145211072 0  42.54349656182143 5.497413119396278 0  3.90625 50 0  40.06567125039174 19.16474533115008 0  13.33665016070614 13.01617754725884 0  16.1090379387799 4.669835336295112 0  27.66073469291522 12.42489902439007 0  13.36694973935151 5.313002241244464 0  12.98551848143972 39.19289788184537 0  44.96559115612751 40.0662966948017 0  25.15885556866384 38.69325818016985 0  33.93573801851662 3.568660321713376 0  35.57096866899987 4.43008325014219 0  45.13174013639365 49.0766163891882 0  15.81667004289514 25.30385608129957 0  9.562491356654128 16.20245665764633 0  10.88380715060291 16.14747896299962 0  9.605482872593681 17.50079881320762 0  22.46370110976466 47.76854169040539 0  20.7280241678603 47.11639427518753 0  33.35299282671736 29.73087114770054 0  0.9256894171569848 18.62340646446133 0  2.032751421588903 45.08272144729896 0  49.06000974826222 7.48289333289868 0  28.95327500071547 10.60158041492355 0  29.00634938557736 26.60077029616379 0  29.60510956027204 27.76958007470289 0  27.18293850354747 48.26643467597901 0  41.13303938091822 42.41630289386428 0  20.40251442885534 14.40940762849809 0  41.51403143600077 44.67500650653213 0  15.29433143249023 8.141190247499599 0  10.06831081887442 23.81781292016208 0  34.23276118024408 29.4578274294724 0  32.70847524171942 45.92516643903699 0  3.659576922149736 28.37076408400836 0  2.467451408961707 7.424943566925964 0  2.387712795622372 8.826246190839381 0  40.30138607214543 14.13373086727996 0  39.40437656534453 13.85402951786002 0  27.91903617419689 30.81962123393456 0  47.4323678401081 8.478461445363317 0  47.62450436776204 7.19710565625982 0  47.53758455707922 39.57232382152034 0  13.47852424414441 37.53384831010463 0  11.99157930592821 38.11463769033521 0  47.97566093896452 23.15941867201972 0  47.39089796518665 21.75362828392291 0  0 44.53125 0  12.69534125107966 40.98946805562507 0  25.70185808976427 20.2289485537273 0  27.52021817221448 20.05254230328392 0  47.29582678465105 33.09402716509299 0  41.99515819158662 32.91723533105024 0  22.53139060813978 32.68234310820002 0  22.91953065032336 31.41895155377595 0  49.08833482401313 26.42119962841142 0  10.44686918928387 46.62141552764601 0  27.5733503786354 8.577423034606444 0  26.74671946386649 6.916558206660722 0  26.30099887209546 19.39190418176884 0  4.001303651869243 17.65205461070609 0  5.629887140564062 18.19637258361234 0  18.29244244261591 9.36580842429893 0  19.17890547824515 9.788320028659339 0  20.36405926062768 48.10026950324308 0  34.34903932518667 4.830788483717172 0  25.44904005178861 0.7901008065224863 0  36.20781048905574 7.09475721719631 0  36.3425462406876 5.88144661277254 0  34.72971658693191 6.058102612545033 0  50 33.59375 0  2.134543815906101 12.57094810573627 0  46.24345767738732 6.981978572939095 0  26.29829840915998 8.437399690859696 0  24.32033381347358 32.25230276532906 0  6.612293255954025 49.13892232379474 0  13.89412239570337 8.125162522260936 0  12.60810887218308 7.782108190695777 0  20.49423364724271 29.7531088405358 0  20.26530897219942 28.35728937438043 0  21.6939039998345 29.5007931196889 0  23.91368859405258 20.17481124650334 0  17.7882271510676 3.289358473173056 0  7.859467141409424 42.35434209529852 0  34.46326567921089 36.41115502378045 0  4.443615555392176 21.05704875629314 0  34.66877852934859 37.94613118121985 0  18.21861210533384 43.81423203725664 0  7.439566313431755 9.04898021995171 0  31.5650207684589 33.12831531961426 0  39.07427833237119 38.36155400129431 0  28.09863828619304 45.02626359557932 0  18.33185961743231 37.60964644659153 0  3.74719538978241 47.63560314057177 0  47.73266781627995 31.29596834660901 0  46.78010127566156 32.26117418931486 0  5.009294038083588 16.09478714061372 0  35.98143592655375 8.508314348764388 0  9.540823850115503 13.36661730760456 0  22.09091172466674 20.3300862009052 0  25.45336606787519 42.2045410659505 0  44.59653306698071 34.26504626542069 0  43.27810584265717 33.13997351241275 0  35.36525867476177 12.66738929191622 0  33.82751603874453 2.644644704636146 0  22.34052738986881 39.24105281899072 0  0.76792053625164 36.98511218485486 0  30.92759798646451 31.16057073751438 0  9.984160718279048 8.154621875939151 0  2.467097910675325 32.30765938097859 0  0.964353474612208 31.09176010940942 0  2.618981465348336 31.30104016019391 0  38.79830110745176 26.38158042494827 0  9.503820034257044 26.11635962709874 0  30.5995747431859 36.51931861813643 0  30.76947119916224 41.01852992825911 0  46.00961114547882 11.01023448800295 0  29.07658228789657 21.79737795102561 0  40.15743510111614 41.59062091167711 0  0 46.09375 0  17.2525098978426 34.81273419331252 0  39.33321029069387 42.93304308956351 0  40.13321355584009 43.41892698163288 0  45.50570667400989 19.50701464354298 0  45.44872034313929 27.88501607605975 0  44.48485137134304 27.22578657033309 0  11.27451918601943 6.645832938718751 0  16.24147006547067 18.87449014683883 0  7.1937038314562 32.45833511037881 0  46.17626117287584 23.1561920947932 0  2.189698858135558 17.27372946646225 0  0.9276001160583491 15.77446821865194 0  1.969540063658312 15.63431917436931 0  7.323877482878743 40.00375552261419 0  45.54849358235551 5.316646625907325 0  37.30644241817362 35.43349945513536 0  42.22906516367917 36.0324596793828 0  18.5779797543888 25.23546120893451 0  5.630474615067379 45.77945311709654 0  3.714403669074185 45.85438535606336 0  4.366068192318644 46.70601078912273 0  44.84111372559864 42.5591822717982 0  4.781261783619516 13.30363134923353 0  22.8576457840864 46.97067429360233 0  31.96572319920785 9.829497355710558 0  24.49142787196379 19.44232621059546 0  25.22313030349036 6.997402217679889 0  18.57432163373074 41.63496518779209 0  25.01975495838174 8.248671860210713 0  36.50030327817588 38.42465105479189 0  39.44628205261414 27.9066890497608 0  39.62822474736119 27.0238883355544 0  40.44057129226474 26.63832746602183 0  9.999791729181068 45.55942791459901 0  13.42226194803557 21.32751217229642 0  46.85659200596895 5.553775229550912 0  31.93472039885103 46.72118812589066 0  12.30143311308328 25.17151691752429 0  37.62236601954479 24.96086497133614 0  1.807312685522078 40.18053637618318 0  4.313169156990258 34.81887051644637 0  2.279395490178429 18.9433243912329 0  7.001175778824704 29.70494443318609 0  47.89040784172224 29.45715626702039 0  14.80526487343534 46.25813416561029 0  39.82589163883743 6.13345700858215 0  6.014741479479641 4.27152834469783 0  12.61113076351109 15.88321688209484 0  44.18873603477347 3.281649182774183 0  30.36174763874492 16.95153823545306 0  45.38453353416482 12.59796993774617 0  43.06001564426502 22.30216893414293 0  31.20264256366871 7.277291603658457 0  23.21634288434259 28.58082280735444 0  23.41175528687983 48.64087786866897 0  20.9115644936397 42.51014663021546 0  22.23622587399484 42.97404682190793 0  8.215465270166304 48.30794332874 0  13.44823903289599 34.55283509569108 0  19.47901300830677 32.36612426436136 0  20.93601011745499 32.78252735849882 0  20.12569805004318 31.25334011919261 0  17.58633294779268 24.89183897531399 0  40.30887022212676 39.66240544225878 0  9.905578374734482 27.94642094599778 0  10.85597041154088 28.25152572309944 0  11.49991138176166 27.51933312137764 0  20.08094801785522 25.56310370369516 0  46.9898122511568 18.69958276162699 0  38.27141654686969 47.26499534312629 0  38.08391781425165 45.92137269712744 0  36.83639022768253 47.18256653507775 0  42.56917391102167 43.35689892165271 0  42.9235445605163 44.90624262243843 0  14.21409060359235 23.75240698249943 0  15.54001994770291 23.64905610995559 0  19.31581019285925 12.12032395194107 0  19.56438070712752 38.86103156139432 0  18.49580384155551 39.894089114789 0  17.78692178829444 38.89595330047867 0  9.660763959468703 18.77711431301375 0  3.435399595292348 19.93281314970598 0  6.300912132373014 1.437779187820965 0  30.48268466392763 27.57528420350429 0  13.26892322727689 19.85342206826425 0  17.63630753171836 11.01527605187526 0  22.70819362670576 24.74791968159981 0  46.75929779469151 30.04557881509291 0  45.05196087013871 30.16402647634657 0  46.18796207967975 28.98821032659037 0  44.46261820894806 17.5660837682228 0  25.66389341601508 47.56260310855913 0  7.974375407436142 34.51753932021477 0  31.39783799722553 44.60248343880865 0  20.11816403990018 35.76584065639135 0  21.36557176245879 36.64045018541667 0  20.57275636143207 37.48543778709638 0  47.00771718096929 37.78892373156501 0  3.132187317285097 40.7682367749746 0  39.18744431252447 1.939761609637285 0  25.21423669572618 37.52187079225963 0  15.67929258185164 40.74666310647029 0  25.11860189501514 46.0278193309381 0  11.84495582110295 29.27557722542407 0  30.34210194953511 8.380701921482576 0  21.91761255027004 16.82641728275545 0  18.90366120267727 28.49899495661829 0  5.358288295102748 8.421183771257715 0  23.48529209630324 38.4034688344431 0  6.220194915124227 41.46554635376945 0  5.793795326499049 42.81990271133839 0  38.67215210882103 8.403541246285098 0  0 13.28125 0  0.7959974132222524 12.85712619161703 0  1.709248349619467 14.20143047224337 0  0.9753673288235911 21.55727416016629 0  18.4354392558349 34.13498017063996 0  37.08065680833154 31.88995332167741 0  49.1772856003691 33.984375 0  46.20416071893113 41.3688891436948 0  44.94579590082432 41.54748596564998 0  1.915763411015416 27.83649071804479 0  26.45641100412518 0.9007736495301394 0  4.616821947425894 25.64955900909007 0  40.9991836422865 8.274050590591555 0  41.28611496487519 6.88431678683892 0  0.848084872165401 1.812682718037171 0  9.671216484250486 49.13351199561696 0  13.97926182131036 40.24935746807711 0  46.83411656384709 46.86918683053732 0  45.98816661358691 30.75462746781632 0  24.36719085453694 47.66897865446619 0  31.04233736439041 14.57388213973922 0  30.3566527388697 26.1234603202191 0  28.36427206775652 31.6054618858555 0  1.82805076603277 32.89057838272487 0  23.77249197723554 45.39657765808347 0  36.88603497184998 19.74070379107013 0  25.95968089392424 41.47157158728162 0  32.35887789575003 30.22340785274452 0  35.04157762441245 1.934958841964796 0  24.06088462519707 41.06604560173613 0  49.1494111832052 35.58927790032418 0  42.72064572860808 11.10646857201646 0  43.74192726718888 12.42046310959597 0  24.21875 0 0  23.85248222363822 0.8188606739631699 0  0.7935391931802614 13.72101771295221 0  7.397445086313296 11.23636008978133 0  24.32985537902979 17.68649466707144 0  23.63124564009396 18.43718448706502 0  20.42256471843556 4.042357759592335 0  22.63777278391138 43.90610896413315 0  7.334043274983609 38.67999637267074 0  37.05922152006089 5.40466607728931 0  27.24592931319572 20.86842731582854 0  5.369118107056922 48.18262376157248 0  7.000878048528093 47.82281199485752 0  38.16131769742999 9.885572438163695 0  36.79925607482395 42.06491507282864 0  28.20272321446283 36.28510144229887 0  18.95870628358979 38.19644657837884 0  0 7.03125 0  41.20154315034384 20.42715422516914 0  17.49846575481743 48.18552738958135 0  15.90665703832784 49.11782423068516 0  16.05719617698868 47.55717180013512 0  14.83100341261303 47.73499463852617 0  12.60424469752512 0.8816811923451766 0  8.272866418318507 23.74301035159897 0  12.82776400222335 6.566890950770741 0  30.54982039299354 1.695924673980084 0  38.28125 50 0  37.86642765881728 49.18332814714427 0  15.05791082875969 33.10906514044228 0  6.581630812111821 10.13421460654695 0  6.375587675794484 11.82621943184794 0  49.23750242711477 4.296875 0  9.563025764904465 24.50812079377322 0  42.96875 0 0  42.38475864518924 0.9218781907220844 0  40.83568546083708 4.174401736398606 0  39.65079434241982 4.519311210503663 0  26.7465577954552 1.71997740340049 0  8.351904922483468 8.567027219507994 0  17.05748318043418 44.97635644168906 0  34.43478637414684 0.9698133527680352 0  23.03200726707977 42.3032556775706 0  38.42185763038704 41.69838287904157 0  48.29281437032602 48.23457091825373 0  14.62169075124511 29.90743875939577 0  15.91545261835062 31.05917779257862 0  18.88425488636078 49.10349435841319 0  19.22190966434686 47.99165978089963 0  13.28125 0 0  0 30.46875 0  18.73284248040462 19.09240368498796 0  2.516735150324378 37.2974878725668 0  8.698607815585975 27.3315422464077 0  0.8632040567715794 43.82867784495599 0  2.170505235334642 43.56064297382577 0  28.14578159536539 5.826047548554655 0  17.30556958558997 30.86118444873465 0  38.09137185993015 35.8043218563483 0  27.31076921470571 3.301549506455877 0  29.58756110485525 31.2743284578907 0  13.25782453030825 32.78710132841991 0  28.72064472529093 45.61755045345937 0  27.70459471132031 22.08137199578137 0  48.15986659616255 19.73104196241691 0  25.67217782746011 23.42628625508485 0  2.947739907676031 35.66671775214851 0  49.08608974989072 12.67069030443514 0  43.06943112871441 31.6014078880636 0  10.09107493133908 1.685291884347361 0  9.30982493133908 0.8439159072608954 0  8.965927636302556 2.489148407178019 0  35.68800227680703 19.19278398456033 0  35.75237966901408 17.50135275749924 0  18.68836438235415 36.70485515608263 0  25.36665302353974 18.51855816698795 0  5.561065900689943 33.5761838570381 0  12.96331888352809 24.16507458423972 0  13.04645850186538 36.27505656772255 0  0 16.40625 0  26.28431846781836 27.14277849967082 0  38.97455158207963 6.870455817236406 0  38.10689855938222 6.615809019122838 0  37.48803412579353 7.259042936748215 0  37.71635359553357 8.144284028350036 0  37.10550996852014 8.762723457569759 0  37.9955272912097 5.764851067736122 0  17.92858103541972 6.379638186848116 0  17.82679211413695 8.051607841866467 0  50 25.78125 0  15.72695239781784 7.30506151428838 0  46.82216955386878 4.150210704299577 0  16.39639886677579 13.20498634757744 0  7.540668534151698 13.9903525998305 0  5.204537489443311 46.52420840243587 0  19.53125 50 0  23.6184119494635 7.658011457208604 0  37.10612650809612 4.303164446519077 0  16.35317269542741 45.44946713683095 0  33.96132745583545 41.51195787682725 0  7.112048907689448 45.13055573502516 0  38.75062951903902 9.24610671047623 0  17.7540045900176 4.78764861088612 0  33.02178193442857 32.83650595317498 0  15.64798111494669 43.90738608321224 0  27.45762359260211 9.747996167551225 0  16.32901766225733 41.74674410433341 0  33.92242273578302 25.28945350083262 0  11.85384805110457 16.63791517905149 0  26.62602709251138 44.875798403819 0  25.56557193506972 45.27630385461723 0  30.85386489121604 5.557748999758667 0  29.69706173122202 4.762056967832711 0  29.37213238071407 6.146046753863372 0  21.93809066074761 6.934799939570311 0  6.255117565982727 37.31360510421489 0  1.918599916202717 6.161037785754768 0  6.608096797190218 23.44268845772239 0  17.41490408845163 31.91302790114934 0  6.497020793025298 5.939275586363761 0  43.8207390639425 27.76675327585751 0  16.79034700757733 40.13314294858449 0  31.42120861640065 24.48609631343803 0  29.62959863514629 0.8371513871958418 0  43.95628471103922 13.50870082128034 0  34.7922023302214 18.5926203073526 0  22.72052014021225 3.293587799940919 0  23.91712251724973 4.358883596792538 0  24.31041969555244 3.416186722297269 0  1.670206225967034 47.09189365557372 0  0.8579486946765842 46.80752267417957 0  19.49867309256509 19.47361162994733 0  20.34921767416992 20.32371344814897 0  18.87521380739515 20.87643729356096 0  27.93144468956977 1.697728905977006 0  40.06198779753085 33.40557606082968 0  18.21361188083281 26.51897880206341 0  5.087177315386403 17.56183396771181 0  5.510798489220246 47.33118930121363 0  0 27.34375 0  8.249681277088333 28.49761299568977 0  8.261267516319762 29.87469508703381 0  14.31738152275156 6.669371638714415 0  43.21941486946235 14.37473240679971 0  30.46875 50 0  30.26463053739728 3.706661084400087 0  31.30290500060372 4.289138933773728 0  41.98690639868806 26.49320451249225 0  50 13.28125 0  41.86725388146223 30.75398482699089 0  43.50692445787598 30.47662983445321 0  16.67330119084597 9.276713390484849 0  41.62144475746762 2.691472297066447 0  30.15573992528818 46.60900915614502 0  14.40314351896937 45.01628831068818 0  48.32240495486702 27.75870418379562 0  44.53125 50 0  25.08760312854644 15.09481423713005 0  17.9341850037369 45.59878327986424 0  38.07119768407238 4.150835232777788 0  22.35886170141192 44.69675244269528 0  22.81377467913745 45.41853207849493 0  9.632129512682079 3.585522724459923 0  27.7072080940511 41.63210370567892 0  36.89221003864666 23.41148626145883 0  4.850868959300219 19.28477991019561 0  20.41869563646262 27.2820224545218 0  22.14490373956943 27.45403384506831 0  21.06598817451862 28.13747739116413 0  11.08438239053064 26.70953205129278 0  2.012937417207596 26.27532846836352 0  0.844557617539788 26.6146680157388 0  2.408274508694735 27.17035873055289 0  46.53772451514999 20.18122092944062 0  20.44161146358373 6.812181051709337 0  0.7999765049891887 11.29889589637671 0  23.90507396167675 5.957250992877751 0  5.042091955553319 28.23711882455651 0  0.8269328498350242 23.25055950421475 0  29.27218408800587 23.07121865141243 0  24.28832455126144 46.04747200490052 0  31.47710488518102 22.14285013168945 0  33.83823989293645 17.69875691564516 0  34.83096482123823 16.5980316279569 0  35.97437151912824 32.55296450640773 0  3.026286019202771 15.35129776169808 0  18.49882839079324 21.8898737320136 0  18.44282751074838 23.5653309910397 0  19.34770996312029 22.83198380960844 0  41.08936517090051 11.58309101847493 0  21.19488382195762 19.45624215369882 0  21.94994984381636 18.60480422730754 0  20.30198464294539 18.66351477072987 0  47.47945338902856 11.98286878684912 0  8.437477645995621 10.39083191248466 0  3.48766470844432 16.4127746846689 0  40.27460112972135 7.710483718517423 0  8.115060233698344 44.07353593599487 0  33.14896902173998 18.19010697542046 0  0.8654188361412811 6.124662682060168 0  0 5.46875 0  0.8932580945669039 4.761391267249116 0  2.544028018100434 1.996950420253059 0  48.85448579857844 15.67341666052968 0  43.95350554523038 1.763774755375747 0  50 11.71875 0  17.22256676623594 21.2086046285852 0  9.67703769536153 37.42726204275213 0  42.57401138786027 46.08893631206142 0  23.51032670588485 9.142899308817778 0  11.74621548253016 3.855767223116521 0  14.84375 0 0  41.12102533237847 28.01620265381753 0  10.98205942835559 42.3193580198704 0  18.06226792120082 30.04639995804696 0  10.84906367444905 45.04677806963755 0  19.60794026412585 33.20302720739033 0  6.594055108245148 15.03540056333868 0  50 22.65625 0  22.30467349706345 26.42323180737912 0  14.96652981584861 25.19270528850431 0  28.28515343451869 40.325438607842 0  12.86708065663518 29.76800818034693 0  21.67441955722351 48.0532314837296 0  24.65785725423991 27.58771448576769 0  23.59389926637288 27.48950800896799 0  29.13713704304434 3.206418581170138 0  36.54216037293745 30.89048395956963 0  5.915351530890495 39.54038756368293 0  34.26910132758394 27.51281755106416 0  48.3357186167629 38.23150248424338 0  32.6968743288334 15.7125372801488 0  3.413116483266509 36.46687366990528 0  24.13838993482838 25.19710033945556 0  25.14566465395765 26.46478397203807 0  25.27815169709173 25.08078352668842 0  7.403790835675514 28.32758823471268 0  3.532619646433773 6.495917237588433 0  6.340960274676612 13.49283770969565 0  50 42.96875 0  40.93293491126011 30.0483274265945 0  7.590225740109608 1.668312121039037 0  4.317645644561381 26.87141827329375 0  4.118517040558736 2.870687453325751 0  16.20311940134274 35.63829502576588 0  8.59375 0 0  2.173515951797357 30.57894544105806 0  21.38310744543343 44.5337869388573 0  35.15625 50 0  5.748015284348948 10.89541023850022 0  35.4180016866373 21.52765331152558 0  35.67795127576539 20.72502513723011 0  39.64344871007275 5.336677933056625 0  20.57973312735363 39.15880787320292 0  5.666203834022241 31.90713396428467 0  38.03235008717134 37.00142792521486 0  39.44888663119839 36.85114932028788 0  26.29965063234997 9.737277493277254 0  49.26099697192967 17.62308791894749 0  17.84849910838406 12.48935225771423 0  10.73771333131286 37.69747014692189 0  11.09768202807505 36.59989431965111 0  34.43492927813818 20.12442110262975 0  24.5565420159138 14.41144189503017 0  23.7640142508518 13.88757804915086 0  5.751354215251664 26.14215950429139 0  14.67907978734922 14.71229570110753 0  13.8666450922618 14.93492746904425 0  15.36645942928415 15.1625687916507 0  2.982098833204003 33.99146150016949 0  50 21.09375 0  14.84375 50 0  45.71223472346099 34.02866441305353 0  41.31459335046775 18.93985921756339 0  39.04375332858333 33.33764303742532 0  3.543695170531333 0.7427420332625837 0  32.05056492817997 19.63255849357472 0  16.48519060219397 3.937782297289993 0  32.77728384234165 6.925419758790939 0  20.02410324173565 15.8983907597816 0  38.62983920992944 21.83464725889632 0  21.7491581357107 38.37042429155619 0  20.76284352095756 9.895904547170014 0  17.11560155178031 26.10840398053511 0  50 41.40625 0  25.3961347489916 31.03997191173986 0  25.51116820163164 3.972129027411463 0  26.52278470094354 4.71924155461571 0  33.28969281711125 16.58359702742042 0  27.60906545457259 28.95564230032528 0  36.30902270438177 45.0879553099408 0  38.98703810751434 45.75271276109022 0  16.49709461684715 43.51985651501868 0  26.14416955900997 16.38017148902329 0  30.27209141539977 13.3452596917053 0  29.52148364108567 13.71407921325817 0  35.38070673583842 46.62574592772355 0  45.10128376643194 0.7996789528998972 0  45.9179762915623 31.55747116965564 0  32.99503391008287 37.91011384370762 0  31.47510443803907 38.38253079372335 0  22.64535838910036 17.37435196305436 0  45.29528031171121 46.46995376593926 0  44.34703814752454 45.9174241549054 0  44.99488341827895 47.40694042443198 0  36.60885439562927 26.4564325937655 0  11.96711561011372 17.87631202763911 0  43.37794137389861 15.94842424735052 0  0 24.21875 0  0.78125 50 0  0 49.21875 0  21.04236880406822 43.31574615553775 0  16.70204035500906 27.22584918548058 0  16.20092050228733 14.73206973848507 0  47.11852719308202 28.40149920914442 0  6.374324931834273 32.41572158421297 0  47.09030340218413 14.83230821108804 0  47.60394201740457 35.79149982490677 0  39.51213686778087 29.96316001433013 0  40.96533944728109 29.23751863328676 0  50 49.21875 0  49.21875 50 0  10.9853746813716 14.15804288462831 0  46.91925332262866 49.1754652115802 0  32.94931408333184 28.297096365034 0  48.17209271424716 18.21424771307106 0  47.99926483259026 16.72832220366421 0  42.44899094762776 47.02813612871102 0  18.1248347714244 33.39417249735929 0  38.51727470404914 16.21118843984512 0  39.63201921182468 16.55497243578068 0  30.11585260815163 33.70540426072229 0  16.124060180281 32.13252475832158 0  1.799133009813601 48.39562527979604 0  13.18611664954249 43.96744799436379 0  46.62351429005322 45.63612955047306 0  13.21979146258578 45.79237621498715 0  28.90625 0 0  24.58966471448405 42.01531628012436 0  48.14343071587707 14.12950415077689 0  13.43249345604059 17.01751121292347 0  21.38342641333765 14.98646175734702 0  20.80094692784309 16.08967213605339 0  1.296790164227665 34.4289911880503 0  41.12343308463002 5.258793495752778 0  14.64182501874812 20.73335610426129 0  23.995903744934 44.62828305045215 0  31.50463966165433 12.22953460082181 0  32.37165385961801 13.34878733476426 0  33.13085303966536 12.65197038265505 0  42.33556624144082 39.85281780632226 0  24.28258280799192 11.45348453439138 0  22.93086760993331 39.78665083752361 0  3.720819575933686 45.02544955490613 0  33.81433118472319 22.67798747535619 0  9.006812855007018 38.61661304119909 0  23.80309772539833 33.56338859230019 0  4.746975167011145 22.67966316570814 0  47.79809875009672 13.40402614064303 0  31.61005464288893 45.98758846888526 0  31.17710145859582 47.3618881978549 0  5.430777399984682 30.32929045434949 0  1.159567754267772 42.19884666289399 0  22.77821536722849 13.17233031067315 0  20.15002227586279 12.71317624072866 0  20.98648600968755 11.80692277231044 0  21.88733605155848 12.48895360619454 0  20.09443729355666 11.11342010875626 0  21.19955522420329 13.38542133558033 0  46.52341866036048 25.83946030127132 0  16.82856213200369 23.10712164718047 0  10.25996029502994 40.85554833975412 0  22.80715260048353 19.29433922845823 0  27.42651432254992 29.73616192757512 0  6.792993005537899 35.77483118352116 0  8.111570507434196 15.44214769801436 0  44.2349121385881 19.14850408690668 0  11.64135113422229 23.64770677629382 0  44.49352312608699 22.83271022836675 0  24.95907071341406 44.44339923305861 0  0.7899595476085182 16.61408297366922 0  38.41732476799952 18.62232281136091 0  38.72864138860743 19.64306225278816 0  42.35347328329143 37.438818679793 0  14.25206566954921 37.35281507126899 0  29.43991615739875 6.943132275319215 0  30.47271635740336 12.27817729506988 0  36.84479171631097 15.05540418879904 0  48.01453792067706 25.72614644159953 0  32.69695296290308 14.0863447659401 0  13.9581333709307 48.18788870642867 0  13.1860891718382 47.88070781730718 0  12.53396738551786 48.37409432320352 0  12.61919738055512 49.18918254484577 0  13.28125 50 0  46.6477369256345 13.26903100350781 0  26.55187918034687 25.62603786058851 0  27.11778692047907 27.10595287765707 0  44.88704396951415 44.30360811233574 0  15.63429007120536 26.69966613555697 0  5.858654916096174 16.46784033021448 0  26.35615312762194 36.04886485079457 0  2.75524407373404 4.601831847692528 0  25.73481358218043 24.23576464337311 0  37.15924989353264 21.42665519380787 0  19.50154754514619 3.175006651457271 0  21.07733930682698 3.44778362299564 0  18.73996498287206 0.7912838173260857 0  18.71999000592712 2.373852657489759 0  33.13001876554035 42.54429839353625 0  19.52116805689994 1.592459468695529 0  22.08465737687074 14.06459874531559 0  30.47102781060625 20.11796668804774 0  42.16151117431516 28.10275846130961 0  30.00033488873458 9.740289273441482 0  10.33428041048107 48.02556313460375 0  0 21.09375 0  50 10.15625 0  37.29139752598928 45.95761736410275 0  41.15563020840432 17.82650876017144 0  40.77956317004647 16.93019964706613 0  42.4323938543759 17.33782841034086 0  48.14114617277747 36.82032551850712 0  20.88845557123978 35.94286723563209 0  31.24913934056206 1.158220308576151 0  2.752562160378428 17.84318228192522 0  38.41010384488764 23.58531867104285 0  31.56295722584169 20.65384379624162 0  8.781186622268725 45.76025233665663 0  4.402641299551901 24.07087443771995 0  16.92902951710781 42.84623176838949 0  10.88233987819961 25.61937869632469 0  21.69953995931084 10.91573366630461 0  22.37374046501019 9.96067010419674 0  21.57805004564488 9.342078972102765 0  29.15450907480541 12.14117591916398 0  21.09206153598977 17.84116365842684 0  49.31572951348792 31.640625 0  45.96624065323042 39.00445300469917 0  46.67072016052033 39.836718775618 0  40.75891130638767 37.14374590824949 0  25.42490860845097 11.91479568416572 0  30.98483854043694 13.68099502989178 0  4.302403662073021 32.56602263517576 0  22.65625 50 0  28.1337338065256 4.438416269000284 0  35.03794727497156 26.32786715989149 0  44.75894866015951 38.18280390851582 0  7.574074015621798 6.248154304400203 0  19.24970784460939 40.14507873342583 0  25.26229584227485 40.58667931040697 0  10.2141032468629 30.46910173205397 0  10.26636447128314 29.52383635821179 0  44.53125 0 0  46.02585995038442 26.45178707451894 0  25.9344941627169 12.61964159163377 0  39.93943346342348 18.16279596935028 0  6.308053853663839 47.41873827207465 0  5.120409670483938 14.39453216535769 0  34.90343016728938 40.71933400252912 0  34.09639912316941 39.89116374388564 0  35.3449403441662 39.28382345130847 0  47.37873842978749 9.658031065813629 0  9.196044453960919 22.94398514285337 0  4.793770594065988 43.77480101993206 0  4.512808335626502 45.03011853127936 0  10.07903500118295 12.79594677090768 0  32.81065955683165 49.06047488232785 0  43.63878613278713 47.30316044304463 0  4.819575072344446 37.07230469238238 0  0.8047352254586448 40.63859398980954 0  1.205988576975544 39.07825262724099 0  49.12155185748237 45.02770050444947 0  44.32650114200147 33.25939007049634 0  43.53730544800505 32.25060836888101 0  45.1107345171129 32.63419056531466 0  38.05243005881384 34.1509133816642 0  22.55399408856863 11.60875929553535 0  27.27876144770129 43.66682399835639 0  3.317046641375018 4.034518986832238 0  40.12983275105908 0.7623061794729556 0  23.36934587999902 2.839850121869103 0  27.58921954632832 26.14649940045395 0  37.62306173278952 2.764663266539346 0  21.69746678672085 30.93257867513818 0  23.82963363977895 46.74751061340589 0  28.12831762403384 49.21514694283663 0  27.23630627615092 23.56915268371493 0  26.78976932920296 24.48020439270119 0  34.50759215014104 45.79508991716371 0  11.7393849174628 47.83694575665134 0  12.4569076308004 46.63144908698471 0  13.45201596961499 3.536037001171397 0  13.97892190284828 4.806362158234087 0  39.79362647778412 44.35326594418604 0  22.65455494083501 1.590375609392424 0  21.84412071686663 2.446525642673409 0  21.09410853829936 1.621962884528936 0  49.14334960021162 30.54085479114148 0  10.93855682561354 0.8983723050712292 0  32.81190790713578 0.782847976327223 0  21.87471670006584 0.8798422257389933 0  0 2.34375 0  10.15625 50 0  5.46875 50 0  17.96875 50 0  0 28.90625 0  42.96875 50 0  50 28.90625 0  0 10.15625 0  46.09375 0 0  50 0.78125 0  0.78125 0 0  0 0.78125 0  17.96875 0 0  0 8.59375 0  27.34375 50 0  2.34375 0 0  11.71875 0 0  19.53125 0 0  20.3125 0.7814989640110001 0  21.09375 0 0  22.65625 0 0  32.03125 0 0  33.59375 0 0  0 22.65625 0  0 35.15625 0  50 39.84375 0  49.21697124433568 39.0625 0  50 35.15625 0  50 38.28125 0  10.15625 0 0  7.03125 0 0  36.71875 50 0  33.59375 50 0  50 7.03125 0  50 8.59375 0  50 16.40625 0  8.59375 50 0  32.03125 50 0  28.90625 50 0  38.28125 0 0  25.78125 0 0  24.21875 50 0  50 27.34375 0  0 47.65625 0  3.90625 0 0  2.34375 50 0  50 19.53125 0  0 25.78125 0  0 11.71875 0  0 14.84375 0  35.15625 0 0  0 36.71875 0  0 38.28125 0  27.34375 0 0  50 47.65625 0  39.84375 50 0  0 39.84375 0  0 41.40625 0  0 42.96875 0  50 14.84375 0  0 3.90625 0  5.46875 0 0  0 19.53125 0  49.21875 0 0  47.65625 50 0  0 33.59375 0  50 24.21875 0  11.71875 50 0  21.09375 50 0  30.46875 0 0  50 5.46875 0  47.65625 0 0  46.09375 50 0  41.40625 50 0  36.71875 0 0  50 44.53125 0  50 46.09375 0  16.40625 0 0  25.78125 50 0  7.03125 50 0  16.40625 50 0  50 17.96875 0  35.27466555497048 36.36008393995235 0  3.757995417713133 2.174481155898361 0  29.15844065121238 41.41150106832079 0  30.77399345007562 35.19500527793855 0  28.80917529610191 43.93071298589305 0  27.08376558977517 42.16723338820206 0  29.69165505586582 44.44085104571352 0  48.13449373890184 21.43227016757297 0  47.68969779066951 20.62048491820262 0  49.19175607162906 20.30462188717279 0  21.21738460317977 24.16641013173016 0  4.914721246451118 3.001874949091574 0  13.59972093927932 45.08146842774939 0  35.89154741528105 36.85292329332503 0  3.517364806170901 13.84175138799437 0  13.1244078411678 2.127939431585237 0  37.23215335889908 43.45163190587025 0  7.324071829170082 14.74187862816295 0  33.74982457336829 8.605314132971198 0  26.48250327133954 33.20254968583399 0  27.33492568270766 32.36770539423971 0  25.78714245497804 32.23209643098701 0  6.391871586570481 45.95513893687952 0  15.9691867200347 2.066901350910651 0  12.87630585636636 28.13144322595976 0  23.046875 49.32759438652789 0  11.95270067508933 6.258983577904393 0  23.11348242562364 34.88046180955973 0  22.6364659939604 35.51346227702118 0  34.2160305112085 47.31290730219488 0  44.54943569113892 31.65470691690422 0  8.594586473594376 37.08496604543448 0  7.80957072049081 35.74055333705243 0  8.815170337532319 35.95904481289377 0  25.43328605725145 22.26289192112015 0  26.14105212662292 20.87669659172175 0  25.16613581252541 21.14334321241001 0  47.45268689835292 26.26895618758991 0  20.44199106508864 49.17732863570895 0  21.76377851533772 49.16668578379821 0  11.12146346420341 48.30662735616066 0  20.28730645717072 2.378089014234756 0  42.50580354453936 9.532112284409269 0  39.90043896079881 35.77668573778054 0  12.34843342715324 31.0883114334721 0  40.29665793216588 24.31523009989476 0  12.51126394025179 42.50344132835999 0  45.10659480354305 9.808903862210084 0  45.99184741725671 9.281332042351149 0  24.63781172041917 28.75386384416555 0  3.871646562213559 18.42788834802476 0  3.482201456745842 24.51412100543191 0  22.9227005121211 36.35219178356255 0  4.891240079556849 31.19373905792374 0  11.19392738428235 49.24274862306672 0  27.28413345238937 39.15319881486485 0  26.19444904433222 39.81952002650017 0  30.67036366375575 15.27542233460352 0  32.78208611033798 45.14756491904735 0  0.7821839079587383 46.02608144385305 0  3.817317194973763 12.19563479214045 0  5.310741014375784 12.69662248734421 0  35.9605103083348 13.38067209782077 0  8.694941607421415 20.50482769428368 0  48.4051694927142 34.0665339335257 0  6.816992464620233 8.522709058672694 0  7.530698704976768 7.243639463995346 0  6.866580724682931 7.658462308807227 0  3.805460995806617 30.63037710812032 0  15.234375 0.6713277353970328 0  4.220377294248645 5.432252727910562 0  4.070253309089453 4.586115481090771 0  4.955409109078106 5.729840300627279 0  6.352781139930981 30.73479592354233 0  18.39807398955776 7.003231762894742 0  45.87895511600027 16.80489019712287 0  4.523457762703243 41.23094701538234 0  19.91627285808237 43.84307688877993 0  14.34093696087335 16.33436874461814 0  4.956231845449296 10.02062008590996 0  5.74720611847674 9.106265817388557 0  4.85890767724962 4.066717420054409 0  28.72689367565942 17.93684789326953 0  29.06704267350947 19.22439487408316 0  30.03800216162772 18.14558108524775 0  14.09788526127037 46.56966469730343 0  34.65725154636215 12.33832449893572 0  34.34860763245038 11.60532470720911 0  34.81706875161646 10.97420421504269 0  34.51908934230786 10.21469267634602 0  43.41690648762647 25.80742966260241 0  42.92780687545381 25.16870234729009 0  27.05326730027876 36.73144681458899 0  39.08895104879362 13.12142272813274 0  26.4325596368258 17.74135459805631 0  27.47164865889539 16.96307464617202 0  26.9077122828021 16.27624698128152 0  49.27991457888444 46.58180815848438 0  36.68612482488333 36.81325514180983 0  49.26733852491125 36.38548756483015 0  15.66363063833773 20.47188177589189 0  22.0061673744881 33.88644448822013 0  40.50487242949509 25.87040526895649 0  3.460016126749367 23.05131159467048 0  2.400203919103588 23.62058686376053 0  43.98379434048586 6.180341452751641 0  35.71563255757037 9.677774129213203 0  9.562986641061181 15.05184162539603 0  8.027084647966582 33.74886406015082 0  38.19407330334914 12.91901392680769 0  4.773258997652952 11.56487466529581 0  35.20516994649879 20.1169092520631 0  7.023435834814094 37.35660408512331 0  23.02833078239236 14.74353577086342 0  25.91420360486236 28.69978272016686 0  23.78759347077127 29.09210546109633 0  9.124253464809527 34.93803427195468 0  9.376553934156453 33.69385381881964 0  3.167557158325434 10.14130294624578 0  3.078009524523861 11.67014298623175 0  49.06318143706129 10.45668236674198 0  34.09279644007187 43.10464868807941 0  34.77501733225384 42.26625386771319 0  17.98629265109785 47.55924829347907 0  42.50773721157123 15.88465683158135 0  42.11687601369839 16.57351370584499 0  38.00138997430041 27.21564443234218 0  37.99960962552221 26.3394492642405 0  37.03882339807068 27.49641796823252 0  21.66061270221017 25.40974707935258 0  38.8388322826555 34.65471838305294 0  23.44987253688113 12.3417847376627 0  26.14687523279247 29.53874968919241 0  9.090370359637349 9.403603449729378 0  32.28074884447132 18.89837200118766 0  22.93241363476157 27.87162532669786 0  46.08019458321569 35.26515989014663 0  37.70714119898194 40.89983221467315 0  38.50770849836726 40.08351512538857 0  39.23740492775724 40.62768733943132 0  20.74078665257105 22.11404979362984 0  21.58091725741476 20.98805242236086 0  21.28370017029053 32.06253816937581 0  5.721889660676299 40.75377465068517 0  5.262151137228816 42.2480238729874 0  12.44120307603186 41.72674572869836 0  8.876691970797507 11.87436838002602 0  1.828938961753349 3.482648917483117 0  18.46408065891339 8.471188496893809 0  11.92462766154282 26.87024474488346 0  20.02031208504395 21.87152847128011 0  49.00997559323314 28.11347375901972 0  12.18139334809891 15.00458775834658 0  12.20826321563153 13.57188236017135 0  33.36136075080717 35.09250430453904 0  33.30618399894536 34.10659198373492 0  31.97362009757774 34.48566234325052 0  41.21537817815827 34.31682535018675 0  20.68848778610954 8.316088943921123 0  17.02149620736467 37.44754515125541 0  49.24520994034467 22.36631874185083 0  41.11874167764111 16.23730568026613 0  2.673369632422073 47.03839870176636 0  35.90679000849442 29.13244282819892 0  41.79216339098406 14.9121584785726 0  46.3065559846055 46.32477876440431 0  19.31599875542969 46.77774730579969 0  46.09606888071642 45.08761416825399 0  32.54345436866777 24.36897465934483 0  31.41399340307854 23.34976755341359 0  44.67318424428532 36.9331457363022 0  45.66883860918346 36.70385207929949 0  45.35380958245796 35.52809849498558 0  46.71551392778958 27.44207490723736 0  11.34366786029701 39.32721838375651 0  29.57345379454527 36.24445132139745 0  29.71984783168799 35.06454208091704 0  17.23799466347407 2.768508819408545 0  26.65366472555839 38.17268699957327 0  8.719174266313026 24.37171663735133 0  46.62157406569963 42.8486871112536 0  16.98688312662807 46.66307756005877 0  14.06002152613652 1.729371761130584 0  16.3033378082997 23.66114299965561 0  13.671875 49.35307559477434 0  32.80256557340852 39.10568246657452 0  49.34556474862182 13.671875 0  29.79778140671792 32.45527557833962 0  28.73390755150286 32.9579849999156 0  29.38148193860814 33.90761685190626 0  21.67508927226809 28.73793207450377 0  49.25497001498202 32.62712296968775 0  36.34793672939546 4.086801354232356 0  22.32708545079781 24.08409842108107 0  26.85462643166448 34.32205893574313 0  28.35178610900911 34.41973475536224 0  23.50001113330011 43.90006800005439 0  7.396305994384345 40.76369606268977 0  30.34366495086998 11.1550662860545 0  4.244546961199845 48.20181078410604 0  31.76795234607429 5.889850084182579 0  32.0139990529495 6.63605422245885 0  37.109375 0.66507582987986 0  18.97949478503179 30.79195032560203 0  47.33797435719654 15.57477457695174 0  45.95381513998093 15.23080383104144 0  15.56483140101592 29.64847954114906 0  2.77076741899028 48.3383703923726 0  3.100503111578248 49.21246474149947 0  12.42714501952792 35.83075447122107 0  8.853876862825967 13.02444759549017 0  0.7971523551358199 29.70348663436004 0  1.590850961084144 29.48926573820341 0  47.32547086263292 17.17330098879279 0  17.94703340635649 28.48625096860636 0  41.59614161086225 10.3846836838067 0  40.28182079427747 11.14965879554868 0  7.226576135817971 33.207613173441 0  36.63176183795355 24.83118560150845 0  38.66464062029785 44.48261904894836 0  38.66429474481868 43.29412458141129 0  36.90615716944006 41.32318528651377 0  4.107470271598837 14.96559076964842 0  28.78701932770122 14.59987902507903 0  27.83974041496178 15.39860868366526 0  3.86364401478621 49.23763378299988 0  33.44189298976239 14.22890660991657 0  47.66620370835594 45.04601250969996 0  3.265725038053213 8.637564365820705 0  4.05336686516398 7.95626602251319 0  39.75526611849892 21.16624224234746 0  43.51714837232844 34.62364691778895 0  15.22482370380596 27.70500687487867 0  44.44735593100623 30.66547960529921 0  35.47351072816519 31.7152260858047 0  7.506449494031394 36.7655120362389 0  8.491073108606038 32.26022782277925 0  41.63510075870341 0.9087082018442404 0  40.18588703774235 19.9050724925868 0  24.90334247529541 5.014557086179613 0  43.97939164629889 4.958072999812752 0  11.49509845131882 2.2333754404322 0  25.20806965414636 35.86897506000354 0  26.12914597149138 34.68731175920043 0  17.85966051169965 41.97845986341795 0  24.00100334594589 30.60233249366323 0  43.81575489338836 23.1481096274752 0  46.57793734315912 24.034784697146 0  45.68731414233316 24.72927394276607 0  45.09886013585018 23.81866497542337 0  37.2488509677901 38.35172169930125 0  36.82076626337817 39.8128270637083 0  5.054996674318386 6.54204071202012 0  28.69946661091616 8.668663011141284 0  34.61074310856151 21.60440311509666 0  34.02478536889174 21.10961186348881 0  17.0775338628764 8.166361176687429 0  41.72377715421209 24.2011374321821 0  45.63271427293351 14.29631753681136 0  3.84605329736394 21.5531067842118 0  41.5930777398444 39.72309699175788 0  21.50516948795324 46.05869932304132 0  44.6196081372518 35.64262813973357 0  37.89880607233269 29.91991156585155 0  1.678532506679959 0.9822350835226129 0  19.53176225092884 26.56972427587394 0  13.66186068890942 0.6749058096709423 0  6.962159738936275 41.37253150139052 0  49.31725923024852 23.74446728501202 0  49.2411351472882 24.81599029573525 0  44.77947530197941 20.78938266134652 0  43.85031824073242 21.47790176533437 0  45.61351540896251 21.31857127068939 0  38.25388338077156 48.03241307092478 0  26.79670968611297 40.67428717096792 0  10.9156475287516 2.729983650212435 0  42.22079165373535 20.53508748624107 0  41.87326207690688 33.97812251355341 0  13.99650562381232 4.049729039867205 0  47.06263919655422 34.71430938392223 0  1.002849531115708 9.329271979648636 0  25.64368227341205 2.658428035127978 0  34.71526693629738 14.17442314442831 0  35.53695084488425 14.20616415647674 0  14.55464383996908 35.38779614152471 0  4.273810664051121 16.22717682342495 0  36.32276956690335 2.846558911387736 0  44.02242931213604 10.21715594794679 0  39.05966295537471 3.36126192354431 0  34.62610404858411 34.90931192688352 0  9.826717239904196 20.19868422842982 0  36.98503275547927 10.46101842211619 0  46.78777241587449 0.7434337037981127 0  28.15925430166082 20.50939203390192 0  31.51595087378871 31.60488568577892 0  40.15370235782861 2.372658436419054 0  25.24914155787629 13.45450992147427 0  24.34692312150311 1.897442779495601 0  40.99240509489506 27.14578115541863 0  1.727955629691514 38.55716752556844 0  26.72058470554055 13.35780548322851 0  26.09506003551178 14.22889338010578 0  27.01883350087705 14.79766487499333 0  23.09143770382813 21.40569796597502 0  47.99446951948678 43.54507110209808 0  49.37172570280751 43.359375 0  40.52014535969506 23.38481203688507 0  20.14715715804761 42.3363547576722 0  38.65609169195231 20.40114734842476 0  29.61895029523631 39.97027782914756 0  15.34441692240675 4.74419323395052 0  31.7661045709315 16.10358568341909 0  31.79170371025331 14.71346213507579 0  15.13721117340957 49.27216229952422 0  9.935237971145805 36.37941220565155 0  36.55025664119345 35.48720494252993 0  37.40801663949588 34.6923268793906 0  36.53254309577397 1.774638112050425 0  37.91968364843033 1.663039276549939 0  42.74118779709812 3.114878340896989 0  42.59778439447987 3.943702027011291 0  41.32128072127785 3.578349205446056 0  48.26181793632529 0.7469027021941594 0  42.6586112619752 28.66275494355523 0  7.75427956325357 12.8554096731226 0  11.3733395262839 4.776406701510744 0  11.68853206939517 45.82330435920677 0  46.19536174986147 20.84719808931771 0  22.42387438039161 40.83176253709089 0  34.19938102632461 37.09927025701587 0  43.359375 0.6337531913387705 0  43.12256925833534 2.116090727580669 0  42.52785511079402 1.656751449158898 0  31.4871097181974 28.09310249473411 0  31.03972559293051 29.09926332666474 0  30.06517453038859 28.36407095101227 0  16.69178007702313 6.937292032668608 0  30.30556301241314 38.22847423378865 0  9.739532810403608 21.5392370811054 0  11.13502985238343 21.45709389807828 0  44.7652523459362 7.423712530068746 0  15.81875406165063 37.18111486769607 0  15.56548346581985 37.89815371952761 0  16.53119817933712 38.49126293847036 0  42.14268858389448 29.23935268781036 0  12.76730875880015 4.886800339428547 0  28.64638576691656 30.13109356257366 0  28.74784179313743 29.04365490485702 0  36.22072067790442 44.35587059114769 0  37.68584697131261 44.37764584998453 0  36.48798467149827 43.56895888566014 0  40.40645412539541 49.24959285961828 0  38.44436723333565 15.47968905336034 0  39.92455189179247 34.65624601403539 0  8.056954441820372 26.98131906032146 0  10.87723543181737 31.84973467388885 0  11.95037524314916 20.2168737081047 0  42.7843158331915 19.6410423293431 0  43.21573377919854 18.71008019279913 0  43.92875118463263 19.99639482220513 0  38.94584708213473 24.74917362390416 0  19.622140192371 36.66230855122569 0  19.8662367099511 37.73352887175392 0  38.31309030478788 22.49570200391086 0  48.06593075975243 23.89849444937083 0  42.17433852705965 25.23614254853806 0  43.08644141125734 44.18794401988595 0  15.7663429758599 13.63697560597505 0  31.93343630071815 8.150584842008071 0  31.45531158431965 9.273992472885007 0  20.60544978231924 30.69454431137645 0  11.33820101262163 35.39117833248462 0  10.01149481973991 35.00569042354712 0  11.36252558163403 34.43959715277389 0  14.43742982727175 38.86939098673563 0  13.33793604111326 39.84768890888662 0  7.664629782145244 24.14978814326634 0  24.02731738855765 21.97489191196266 0  49.26418916565805 11.92700473998866 0  10.66279212765535 34.1681625820553 0  25.74658023562532 10.92904099188785 0  34.9827026727439 43.76189552583732 0  44.69112064361514 16.02063086463976 0  7.715355200386533 46.793863900017 0  15.74528160477297 45.04874199749721 0  30.55946398550914 16.24654521856695 0  18.07453739941608 32.65765309850837 0  32.30787144070227 42.24410796736735 0  39.88105791956876 15.45302679023399 0  14.13884512495985 7.432857708969072 0  13.58449087895268 42.67069895536507 0  12.49823403053763 43.64512705103882 0  4.561997228527904 33.99298607175326 0  47.41491307855444 2.017161126045433 0  46.6173171708024 2.445765915332304 0  45.99523911212022 1.559943977405581 0  15.9973587114178 33.65360735315548 0  28.51331641892429 10.01923876999355 0  8.361587089822853 41.14675270171493 0  45.08443959095654 6.001946016629758 0  43.13640300166183 42.84248413716028 0  43.11169007055463 42.10307176506601 0  38.55960063045537 17.56203988918394 0  8.412563296412234 25.45591313027574 0  32.3329401610027 17.23375922541069 0  46.70566345330718 36.33007392839231 0  37.40535101269037 13.78190491172242 0  29.30543856558739 15.61605938214577 0  25.71443442080349 36.3908444717535 0  8.618778252849783 19.77700514646249 0  2.610040357875791 41.66117245477735 0  8.692583422335726 31.33763953735146 0  9.825136357522458 31.6141669336036 0  9.559219305120113 32.49880653152073 0  2.797425992934458 20.52049653056295 0  18.83891489587851 18.1293347916293 0  18.18246794879062 17.71280154113794 0  19.53884125656869 17.82641775315769 0  17.50350679176471 18.03497143868375 0  49.31247070466214 6.804325032488564 0  20.61603122409506 24.57968423672869 0  3.663821253149183 38.01539799712086 0  41.10160710327158 46.25433356406724 0  21.02929105806125 38.1643164697573 0  3.111497233367079 5.883538887306143 0  2.602847285317376 38.82283153241259 0  4.065995240809872 38.817829227377 0  7.624395373528519 31.13582383746186 0  42.83744578064955 6.176224001314022 0  1.93617599251479 33.60662232066515 0  37.75457611064593 23.89062631219523 0  23.85576938872639 32.82857313615148 0  25.00451235234832 32.55956563581793 0  21.00060679805333 39.77865156654337 0  31.9441364487754 26.89976135079456 0  28.47615521899672 16.81297568122397 0  17.77279471260044 23.87530160589539 0  42.57766286496244 47.74027383228496 0  23.68349101773872 42.62143368942314 0  1.556086147550699 40.87354404124795 0  3.859222993887779 9.43282734416783 0  23.06226891804928 37.80387230312806 0  41.0272385178065 21.34787434609735 0  6.075952593759906 36.18960024826926 0  0.6060644165614372 33.203125 0  0.6621589636910206 34.07140708698462 0  35.38139147262643 37.83209891235081 0  46.04945154557757 22.42733243394411 0  47.51596137540574 22.47201835268684 0  46.90960036163069 23.21140984410467 0  20.18719128048195 46.63867202471669 0  11.29463820657326 7.978507629532825 0  24.97166412645004 16.15548109431804 0  1.736340244739229 22.6969121243336 0  48.35790463943451 30.50264179560626 0  28.24883927183757 42.96220052668834 0  18.98363249879282 10.50536658167247 0  44.24906812802741 42.97636848629016 0  44.22782442655858 41.68622497297615 0  23.37898185897868 41.29581997602693 0  6.339451361177078 0.716623503986933 0  16.6122865792185 32.68542360635827 0  36.10007569777395 46.56240105067977 0  34.2142439154874 6.561737737483672 0  31.74532691148323 12.95501599202464 0  25.90305718259291 17.25448616845502 0  37.54162459664609 47.43754586108754 0  22.89967855496607 7.684220362245959 0  19.13935733764732 45.61484967850297 0  24.36675645380701 48.39092530520503 0  10.38206622795186 3.617544000924979 0  47.1320292961635 24.54405507263071 0  16.32405477323552 28.25618013568018 0  31.17615332658966 36.99745223562378 0  29.78844446306517 37.59134637185119 0  4.01251859123701 20.37742601715 0  38.17564936164683 32.50589700172021 0  30.58412789446201 46.03285483008391 0  5.555355923105503 5.319357448229018 0  5.779012244482653 24.72928255502876 0  32.82684488037817 4.312659950078082 0  48.25421836611251 12.82041860386577 0  41.35640344018346 47.04982178548062 0  33.31395618887031 41.18251194890455 0  1.544445408792835 20.12891121845587 0  0.7351144488406969 31.82113675848549 0  19.78046375812773 29.70100583209418 0  37.47016378424985 31.25838275292893 0  36.69154122354622 30.15222923046477 0  47.35330983620098 48.09628242441539 0  48.23802543375064 49.27678289723553 0  26.37682100476338 15.67791909812838 0  27.14679887306968 5.381751660545492 0  26.58696850407621 6.218899802671411 0  8.395062959330854 21.93260363524198 0  6.965702775795367 21.92230523895611 0  7.69545910941912 22.76545137652294 0  36.61696017649096 11.929724138378 0  35.88364761782938 11.99886408953006 0  15.04588604603123 1.362075324721507 0  39.22784691825939 36.03572276221263 0  44.5384151346072 8.852478538494312 0  45.47741002393132 38.22932145941395 0  0.7152390287110938 30.41597670176598 0  26.171875 49.39114128287512 0  45.21229924414146 13.29108086325232 0  32.23237649800824 41.07929615596301 0  19.83513305238233 13.94164425911109 0  17.04117707784143 12.38291452228961 0  18.40398078474506 14.18117985051985 0  18.81482530054225 13.42145963623021 0  17.31695498233518 13.805369758093 0  8.914553503622152 30.23133235527128 0  13.3381735954581 14.4515156791305 0  29.20960616046247 39.01101473213276 0  36.58699021409077 33.86342077786508 0  35.63643412005967 27.58982232980462 0  31.81147500935375 29.50681686704734 0  33.20224112340664 26.55358798984776 0  35.2956644061478 49.29906714554727 0  17.79074855596254 15.12792408370463 0  17.50846810734055 16.52628213266343 0  45.37197552859611 8.208136718914249 0  14.50578462193484 2.683454037430118 0  14.92736634561775 3.705137836004277 0  29.01992113312677 13.20925945169659 0  22.60629670762864 28.97815597842568 0  33.16189459659046 5.594813878887631 0  33.51020947841514 6.253294788256965 0  15.61618416842347 19.26736027165629 0  7.51723301851366 4.708050937803114 0  35.94466938732589 34.4566734025195 0  28.06295639965632 38.10521265077872 0  38.72330856304377 28.05699051963657 0  38.54669617731263 29.30841252380083 0  39.5587346199806 29.24106301820259 0  13.21029636884076 26.82479395852653 0  48.33584003522705 7.241617516146656 0  47.93960102568987 6.352276880660762 0  43.61762889340636 16.61742823798842 0  28.86937474505919 4.384832214290684 0  35.81849824564924 47.96964929347249 0  15.98801629619707 9.474476435591075 0  41.02050849830805 7.55396589326093 0  6.542320831148468 20.87568987082384 0  7.27043069671284 20.27625197301897 0  6.58711457695074 19.44625905812338 0  28.4077141828302 24.13798573878938 0  33.54070365872642 48.26521120526434 0  32.11504295022377 48.28114896089252 0  49.30875835436288 3.509236121655414 0  48.63225279644539 3.908788579462331 0  23.99007014484466 39.83806923554116 0  21.11533694480822 33.46762032623404 0  40.15389681831456 38.29114078978581 0  40.76863036048974 43.05274064675911 0  45.16151375603878 2.648468073382756 0  1.61441185027272 37.85287628781185 0  18.46855704610374 15.82463631986064 0  4.08420116691698 43.59294299882522 0  27.89857729269749 5.134325902098086 0  40.740852371163 12.69613553511811 0  27.91474575793428 22.76355340580841 0  34.60405409420986 31.08366140788339 0  35.2372508907071 30.28268906184283 0  33.80520352693674 30.30937711889009 0  23.03400529997522 26.2935915050424 0  14.21817081672923 18.90305433449065 0  3.164975728158376 7.149541363986588 0  22.41298205730556 8.450281516266879 0  32.21458268011006 22.12977144259706 0  0.6819488963769289 6.81587775793943 0  23.16971523684004 10.64682219802824 0  29.35779746997798 45.29515844575734 0  30.0880936326972 45.03866685477548 0  29.96210831489654 36.84631110200515 0  17.57653710628399 36.16906119688392 0  6.559032821565716 17.0245180610758 0  11.23530520321756 10.3880089324753 0  11.69029095855972 9.038620286835938 0  10.77672441443758 9.68082479124247 0  39.3151091068444 30.64524531748116 0  11.68123459155217 33.06802542451993 0  11.88985035669842 32.3652606870625 0  40.60500118902061 35.87044516171042 0  44.58829680305588 25.30556370849856 0  47.21685993003152 44.08386576231202 0  32.69163404789846 21.00721655507275 0  7.335310268173763 16.22289107685627 0  9.941842444002116 6.149826811020885 0  19.11933263061785 16.63192108108665 0  43.57583604151294 40.79476921483683 0  38.25355645394124 28.58293802103826 0  20.3586270999507 40.27080126000471 0  1.877956890790393 36.45137490104558 0  16.015625 0.5913050812763381 0  43.07512867559888 12.79365603058413 0  23.88137508154038 43.30231095204508 0  37.52972285153277 12.34270957143929 0  3.316562446299487 19.23691540555804 0  21.51070609287202 7.513987326122102 0  41.14153159741499 35.11233938051296 0  42.39669691785935 35.21607097309823 0  45.71688689080415 18.82758521015526 0  5.637950127509853 21.66499374701871 0  4.295765752141645 22.09372618013781 0  12.77288877169449 10.75317912503173 0  12.44251602383393 12.12294120729693 0  11.92277129904631 11.27904039457229 0  45.0131325132343 18.03452905034277 0  29.86584120146886 16.43786816721047 0  29.39929778335251 17.73242090627106 0  8.883326415791075 4.726437851178144 0  8.832510909756508 4.024213946117841 0  25.22167404590374 34.95254778223904 0  16.56819578381308 30.66308405364196 0  23.15489983225259 34.17048751203098 0  2.611014118868393 8.136032748900348 0  19.22043496727309 41.31137505171645 0  19.89300565717529 41.5178320477952 0  18.74314577578227 42.31632472181794 0  45.50526613608375 28.64640233160745 0  33.28046613448073 20.00906775857493 0  33.39818816446079 19.01468998604899 0  27.11685169123472 28.45694352765831 0  23.78065255982537 37.7460657203895 0  28.38118166589794 21.89393015079527 0  0.9879103120845345 44.51803090875307 0  7.574736150579866 4.009897645176284 0  16.79115900183383 19.97767777260455 0  14.59593630964728 7.983840714248108 0  0.5808893876045542 3.515625 0  32.27149963232842 1.54684423924433 0  32.2742950580042 2.266127954634028 0  33.29955938477664 10.73110164083473 0  33.632627218684 10.06315199789591 0  32.57098930268123 9.478625679734488 0  6.281216577776629 7.251878870151311 0  15.04401100128555 32.38499086862475 0  14.51513686389457 31.87946858946744 0  17.32703839056208 44.31793585870196 0  12.34057462263414 22.40091111982197 0  12.46693586526478 21.66763337640803 0  35.00212754158734 9.689431409868048 0  20.53687345583698 34.24678959555628 0  20.20979140668544 32.81390727298694 0  15.82002954527372 10.87224033806728 0  10.32104075903254 4.416952229051048 0  25.38248484357495 43.85279166355185 0  18.24447358190765 38.33120936191821 0  29.31071373286795 5.343818389701811 0  6.817599902999651 12.51524908938747 0  7.946337097152083 11.66746440103327 0  43.35906928615375 27.21128287921271 0  17.59475815321282 9.543248038665695 0  19.57565148504624 44.45722609795297 0  1.84718968678771 19.4959909425846 0  41.87673852851705 21.8067489101803 0  2.818381352845825 24.75473906058788 0  3.043212336334869 32.70253853132787 0  14.17436058568444 30.47921001903683 0  15.00727726192779 31.07748736457255 0  32.28407017083539 44.62602389501869 0  1.767417665229104 24.90993221365799 0  21.9120773718157 32.36331758893626 0  41.6753218004692 43.97244597887998 0  47.59203909803448 26.96483495757249 0  43.64352856985153 46.1076496606197 0  32.51706608230877 23.24441561229337 0  22.36656135609957 15.5858002778841 0  45.41293529649246 10.62804717467433 0  46.08311494024175 27.14720122165495 0  35.56818213573997 11.10421758151333 0  29.79482542397762 23.92791510910954 0  25.81438305270445 38.98398637930429 0  46.51952984307321 6.339174087300659 0  45.56206821827041 6.804308103170792 0  6.003771018575287 44.36821401165012 0  5.424567732543072 43.44003132434825 0  28.24658031257239 12.03461316107145 0  13.80582148478953 10.26626677805385 0  44.22312255168982 24.47592374382968 0  24.44894389875899 33.83145487446499 0  37.84172627047752 15.10173510114312 0  46.50993092271285 16.4813408804389 0  13.91485242140485 41.68844605103593 0  14.09275193944093 27.31650692623555 0  14.60352754783908 26.39842421989763 0  13.63404526786195 25.99956688517744 0  14.32117997520505 29.2602209189327 0  2.447120719190782 9.523948486868878 0  1.656592718119701 10.18120635402547 0  1.68817797977612 8.795120049310212 0  30.078125 49.40192878813563 0  29.79704296284527 48.08065800310584 0  0.573238249215232 19.921875 0  4.525926453436412 40.11131435541908 0  5.221414422347424 39.33592511671282 0  38.59212160318752 31.539862476888 0  39.49481173987162 32.00738259003626 0  36.30723798630156 40.28844635965318 0  33.48683837007682 15.05043873654421 0  34.15023608064561 15.31823718389346 0  4.93610159162814 40.67203780683072 0  13.87972133719905 33.1143182868373 0  7.162227375183458 2.788006043500458 0  21.94314242846372 35.45361225312663 0  20.34406195896864 45.61165258696707 0  34.10512570417941 7.50715284097119 0  6.452111201844542 24.91663250308983 0  5.928039789542177 23.63738221286604 0  43.47309657732086 29.77338884913275 0  42.534290122031 30.0225113546495 0  7.221834637288924 9.758590764848044 0  41.85312689859052 5.317587359775152 0  17.65777325724074 35.37437455360546 0  9.669657558500367 2.284794708041368 0  5.226286656248798 16.75417367812331 0  29.84726100025278 20.45027568589363 0  24.71912959624229 31.18192462975106 0  41.64400272073242 45.82607724295222 0  30.6495701769928 9.995013062294074 0  36.29657898587415 17.02142997397213 0  37.18445810989124 16.23782331563428 0  37.41185198635173 17.52676726810183 0  10.5473138387625 11.0469945188511 0  9.564479896819179 11.79249703138667 0  9.160582093555204 10.90737091445717 0  25.00167985677693 23.59608036436455 0  24.26975531575833 24.51523696369392 0  47.99257762540073 32.86581832786188 0  2.254049362937224 10.96056083569725 0  39.11138827683678 25.76399447840229 0  4.650041528399321 8.413280140033239 0  19.90714534108801 23.31089504488886 0  15.83634538722741 16.4519731312478 0  15.87672769359686 17.70721805871673 0  16.89286676317236 16.99433198190375 0  41.0914287004966 25.48516828909979 0  2.094221329706882 6.83589648973053 0  12.24881395638768 9.925455707746732 0  10.32050565876252 21.12218530616416 0  10.6128310566587 22.53439692697372 0  44.79261786218069 11.23233531088247 0  44.8276096774648 12.16834000108439 0  46.06113177214782 11.8726410447827 0  25.81740945191767 3.350991714910378 0  26.89249856826724 4.139064034008226 0  27.55957816616269 3.949012830246806 0  9.90512702773256 22.20849631940566 0  24.25425238671556 12.95455606194569 0  34.51370852115003 8.876104879389143 0  0.565971007581493 42.578125 0  1.745256234865204 42.5785256470011 0  3.34167782472502 31.19473213345979 0  23.76037934772429 15.57722879654695 0  27.69419898208427 7.901529062095326 0  28.73610437653162 7.290039098903487 0  2.952513251270934 43.27100076686229 0  18.74324055333866 35.45967568003299 0  21.78362523211678 26.87025445224769 0  14.33804046636483 24.91004923592593 0  32.79320187880835 43.77665760333092 0  31.84309646366262 43.29235412921191 0  47.2863140624777 40.25684905754658 0  14.87767106721816 45.54866009620309 0  5.225693005034676 45.17501103027463 0  10.55564158007019 32.82011055587081 0  2.619455662092887 44.67657191305559 0  45.24601730653355 31.77936415196379 0  19.03867399059041 24.35922149735322 0  19.39589410262603 25.45885302272242 0  20.54978862670654 5.532891104361764 0  36.88971832210674 6.851197720958546 0  23.85089320265358 9.923496749818671 0  24.95993574065837 10.45062008346364 0  25.20194331786376 9.605979576760394 0  45.02839900449862 45.83802749230521 0  17.7950411307229 21.80717652787787 0  16.97690330629111 24.56815404300451 0  35.18353866365996 33.73185689951722 0  35.15357461209796 32.34651193438941 0  25.12773826900936 33.52531467441838 0  46.74875778829095 8.436996033288095 0  16.59623355133364 48.03442487788242 0  21.91092421832356 30.2820335736954 0  35.65000098867462 26.90030723564559 0  11.04280827351432 3.410598535134056 0  6.724466038572129 43.94934048646377 0  25.0244200525087 29.85065506347139 0  39.10648573267967 23.5988294787484 0  37.94921624508753 11.3408157581873 0  38.671875 49.41068267320161 0  40.4758212255776 45.93715936522589 0  48.25022537710971 41.04818232679882 0  48.20231895732399 39.73516821788535 0  14.51125495136789 36.72050049968949 0  44.61183526620365 4.699180422502817 0  43.03806023643637 26.37606620652941 0  28.23937925068341 44.33935299584726 0  31.20308335585146 35.73116805649153 0  34.62527259198482 23.93290122245136 0  34.49339487751251 22.80474299175276 0  17.4436538867887 5.397137678214578 0  17.07289031097261 4.725376457650458 0  16.49023578324832 5.965476542948506 0  8.57468670118546 14.0783694642412 0  8.818978494062986 14.82624146436543 0  0.7034894766733684 5.439435976276344 0  5.891375142212614 2.890641128778841 0  29.01072930479664 21.11882865400509 0  40.49626182407808 10.06919803185629 0  31.89815628692292 10.52839938286376 0  44.1814038843472 10.92108150336995 0  35.98824433794606 49.30920712704825 0  5.225251682716682 1.773889572176303 0  5.078125 0.5568967542654041 0  16.59081145147359 22.46659595905576 0  22.68414121000599 22.81230308566455 0  31.27614216748312 30.53227991184042 0  31.61804475805037 39.09209442119658 0  49.36316119211285 33.31416466751995 0  5.872103336891069 29.35574008122071 0  6.312465706019774 28.30935604993428 0  6.449351251691041 43.01370901781475 0  32.71738122609988 25.26676390622703 0  37.30211807097073 29.59100344324672 0  37.93198567817025 39.24534269353116 0  12.55215707245237 8.592062242286749 0  13.05375651841124 9.399600123787152 0  13.89561254798778 8.876439933434915 0  46.93005939383014 6.995454821009969 0  46.15743259780129 7.658984391419169 0  39.64395575878033 22.67888965862182 0  45.42525788067145 26.10302608422944 0  2.962509926416242 37.83560193934046 0  48.36345759914727 2.487597713151666 0  28.09246337063625 2.858760249886593 0  6.105209489281407 22.97117645795977 0  23.05420017684436 24.13495570899416 0  17.44615021440113 18.73699511668243 0  17.99165508467935 19.17984696967009 0  11.93339672840751 7.686172519150552 0  29.70448759353005 18.99015744217385 0  28.59916679245498 1.826607654490585 0  36.80000187781008 46.47857881284927 0  28.56086980239305 36.88062746684876 0  13.56153159958012 15.54652721210795 0  33.49957627224806 23.28907934371835 0  24.77962803978243 43.37678377749452 0  40.37565753770576 48.56627602788052 0  39.35057490465768 49.3849312682761 0  39.39234378763343 48.25541221614218 0  8.247323893868625 6.0463006483716 0  8.781156481308086 7.14157708235848 0  13.15638207364868 24.82255292351118 0  4.57377642697584 29.79612810939457 0  41.01402154643432 36.41381374520324 0  21.5360278385501 42.82217224131998 0  31.40596113958538 43.89670204329997 0  23.77490313223363 35.09534578377883 0  5.519558093233442 35.80627177986157 0  29.23099530137692 25.03562876780475 0  1.616710051640014 7.45785455567195 0  30.06240755697965 9.061163089426405 0  17.62717967521971 27.58023356890596 0  8.694634072545451 33.54509663873255 0  10.68949691153941 23.52314605508588 0  6.432147204923029 26.12532492804457 0  1.120834957760911 23.87292351037601 0  49.38113110817389 14.35580668635301 0  49.45028507204739 15.234375 0  7.592383031039753 30.07812627722191 0  12.65451935893485 14.50788611814284 0  32.13837244630429 15.30896102802898 0  37.80308852056153 0.6252682923045935 0  11.12226595536348 19.12162214514984 0  11.81121669097626 19.23729056730899 0  29.99752044452827 29.93935257872526 0  38.08395620128077 14.21352736717153 0  34.91592649420434 48.41824810488941 0  41.80829863201352 25.82406913973087 0  8.988741540722511 18.86038379760777 0  20.88133775199149 26.77077685477123 0  20.67992252284438 25.8829231702021 0  5.450131800875525 7.754568091796702 0  10.23431317401045 11.7270281158356 0  35.8581315514403 5.358751327924699 0  30.69032176397052 19.45934505691221 0  37.40975320160611 28.51231254155087 0  15.44652415419433 24.71378856866446 0  36.66660359603426 32.4535403575925 0  5.422018399104164 18.87058376431046 0  19.36316710153977 7.76910948188536 0  35.50467621875234 22.88263009527932 0  49.33358067696085 6.126973947095858 0  7.977106784362656 5.227151606352428 0  24.89488236600612 8.993173173600338 0  17.57267356277838 19.71964170824881 0  35.53857230755109 43.00883303195108 0  3.863833002497587 16.98294866206295 0  39.64419560839031 6.951922600024204 0  21.09505816461128 49.32945089211927 0  42.10022832489447 32.25501021741749 0  46.92962584979959 34.02520619676022 0  46.43962205818242 13.90790172642369 0  41.49040390611491 31.48449044419085 0  41.32650621829957 32.86469095994386 0  5.117456000082313 21.21039347199854 0  6.952122000903341 24.02326686600023 0  27.734375 0.5442984176775542 0  33.48322410277642 46.88665433819318 0  32.91405304984925 36.44205925095241 0  32.20536880351676 36.5052849054231 0  37.61556957482957 25.63419508872711 0  4.411167598401597 35.88375153931761 0  18.29856132534512 20.5102520781745 0  18.95239944765143 19.9009009881178 0  42.01663803807197 8.400337341679672 0  41.17583658440148 8.9301234239962 0  9.488197115148484 43.68414355816898 0  14.3875091868647 9.397887245569317 0  15.62949911286944 12.22830330952889 0  14.18216928236842 12.06052047384742 0  14.4565312467093 10.74192953871668 0  13.94342290865038 13.37233225771937 0  14.91736841473708 12.80319011957118 0  15.04473004763253 11.47055022617211 0  15.17424205060644 10.10865566671178 0  16.38355786848408 11.50058332134998 0  24.50114685525735 21.2182402664353 0  32.3575817185661 28.61808916190407 0  49.42188553495821 34.765625 0  48.50513306153561 35.40710493886316 0  41.796875 49.43036216415724 0  42.46391707240308 49.26310809416784 0  44.09941003487504 25.78245425255616 0  41.79216192533089 42.66079450199022 0  18.31136453870784 11.06191095754849 0  36.3584708975343 20.82209181205941 0  27.87222965947486 6.439213806683979 0  11.67401235078175 22.56697110125149 0  16.796875 49.42837075241432 0  5.075074243489457 28.90655691829118 0  30.77199662629706 48.44291444167668 0  16.64988347485991 35.12645439382789 0  34.93235104794087 47.13232731743517 0  28.58517127948892 35.04631875887692 0  1.489885918940939 43.56312435742338 0  17.86497323627214 31.41763014227523 0  30.10556509418067 2.207370047194973 0  38.73718451342791 33.9644239205784 0  48.33461990459254 47.21360858085769 0  49.46025050023817 47.265625 0  49.29200805288255 48.27934546860519 0  41.44800674313717 37.58624999445995 0  42.42987564567536 38.5832372427958 0  41.50251662298025 38.61773340923511 0  46.95600534345498 47.54099984579971 0  7.447573831934355 17.59525396405644 0  8.319179716791428 18.22209145188359 0  6.983880411453209 18.36197551391099 0  46.76336182563174 18.07312892394869 0  21.144593920823 47.64201857374915 0  23.03880896076229 25.33890791047428 0  35.33096439085084 8.353624317224662 0  22.90695262553201 3.936144612760896 0  3.964489610723793 25.48376364004188 0  4.877780971978602 25.02913498520838 0  6.109837712097172 25.48828435724811 0  3.650424964322045 26.7799774585865 0  13.2215010876262 8.064651902699609 0  10.51582918799145 2.197796839262684 0  48.30357688651323 11.39581338556786 0  26.22210203706751 47.99313539797986 0  25.6955947487938 48.52193565437779 0  32.34927866844752 37.70703806633023 0  37.90274640100647 16.46664273472955 0  11.04851282578553 18.0596096983536 0  10.60472088745139 17.47052006462864 0  6.196263135110493 6.563869978092282 0  7.263277593616981 41.99827442188021 0  7.255890182382242 42.68779890884537 0  0.5604578216009548 36.34308973423845 0  19.00484059809058 27.83664913429561 0  16.74615543098295 29.50546000893197 0  12.88239632425408 16.61534010515742 0  10.32895217693982 42.17462199765438 0  11.29555429908069 41.70303064831562 0  10.97436513254081 40.9457381468951 0  45.39243688103481 43.79446097340211 0  46.18982317529419 5.505377550964758 0  22.30890468865863 21.86423866117274 0  41.45574488340475 48.50854382416902 0  42.77798483993793 48.49608997162836 0  31.79220738564864 25.67545544763916 0  6.876876640461608 4.888541976088775 0  12.94696852903199 19.27186022327047 0  12.62413309606609 20.26430651025117 0  28.11610075817022 27.81410104322467 0  29.02583562980321 28.09596827374947 0  26.76073166147068 44.19621277693809 0  30.59165831599567 26.77925780936214 0  8.264076773401149 16.89201969540697 0  30.6215538295989 39.53836112649398 0  30.14964594692705 40.77665736789347 0  31.05252504378337 40.41731171936873 0  33.52177684545144 24.16743590711695 0  46.50250562727712 9.780798112565343 0  17.87927975218703 22.48612072995278 0  3.122476169206025 42.4856813706782 0  3.771565850962434 42.30462990976935 0  3.837086485703546 41.29568425862453 0  26.36361002418217 37.56542670755338 0  44.74720598778126 39.41545074521681 0  43.39327661984103 39.56378199203037 0  44.06422248592914 40.32547714959467 0  25.81289730199549 26.63935403037221 0  0.678369270592041 37.68164731269147 0  32.52180064517486 30.8709374458006 0  27.83137804523598 24.93666845629448 0  14.4292408268681 43.78061652484197 0  15.63559011288514 43.22452907120503 0  14.6018989001777 42.85387697322571 0  22.04552162638347 36.82247267532285 0  32.82956334628733 12.05017012704901 0  40.08767196548948 37.14135744319248 0  48.4197741501554 42.50672505465162 0  10.21801152523045 16.0514893392628 0  26.35984252248889 22.04116516736441 0  19.26792487578393 39.46896208540275 0  14.54943997089178 28.61299738923022 0  26.37810110180023 46.39170825979922 0  22.57263802904045 32.00369706424204 0  24.66963578218186 5.642432814765639 0  5.078125 49.4424761786905 0  12.59115804249646 33.59518151298309 0  2.581684230874081 40.39265486439059 0  45.6815613880802 33.02285461885124 0  19.70860250268808 21.00890897177626 0  44.6185360360017 1.772322841297936 0  46.65018371685974 30.7007600578785 0  39.06783237717959 15.18203675310545 0  19.5502535688271 28.34078076932746 0  18.98132132475439 29.158590323393 0  20.28692543862969 29.01727893098903 0  46.39174671046344 32.83804065118029 0  15.82685023549414 42.17388555989246 0  34.50170984289487 24.97268173501145 0  41.77937205624818 9.748903569182428 0  17.73746800738641 29.47180810482761 0  36.36395910563037 25.84338362602265 0  37.19403289833101 26.15086940899029 0  19.85502865355735 9.647722674816301 0  22.3341284369263 31.11136770647701 0  27.9848169934039 30.16066697698537 0  10.15123518702486 7.507403944748539 0  44.74249479127867 22.1936291541167 0  31.32573253517014 18.09464949360718 0  25.87813883082689 7.078724194323167 0  26.409832025123 7.519342788218997 0  33.89751133485748 39.26203650894519 0  11.77353749758019 36.72120308286466 0  29.55860845284584 48.98887721668916 0  11.15543557310663 22.15930361090794 0  0.5281163101895021 14.453125 0  0.5368768912488961 15.24621911070516 0  1.713216673227168 14.85856966649335 0  30.53409167526694 3.107607067042048 0  15.91874856591379 7.934284146595762 0  1.576696412645906 30.85365403746863 0  29.3128041219023 27.18155097032537 0  44.69860498110285 14.57131600054259 0  43.61490225720412 14.91628322875811 0  18.1619627813559 27.18309220127656 0  21.20809393880805 46.65477464339474 0  43.1154263564112 45.71786346871367 0  37.14159284587837 18.14849067197325 0  40.87272192842016 44.83261319945068 0  31.16926411957533 34.65839855179355 0  47.85443804346519 45.67412523346504 0  47.47571723663521 46.73434731324277 0  8.950497909748208 17.5285355103559 0  8.907106273991172 16.21810975143789 0  29.95541838459954 42.07642914759097 0  30.8337642788312 42.58923645385906 0  29.53277439497087 42.84487742956986 0  30.67286951300437 6.891438087571526 0  33.75875451007591 44.53070926499841 0  22.36988162651697 42.32518072522609 0  11.19840914191134 16.72977021114844 0  13.19373033467464 40.51824591510717 0  7.421875 49.44194001833723 0  7.645904822235525 45.52000821302352 0  34.2575628149383 16.25434080287544 0  10.72391970725441 12.90717660312566 0  33.270119918916 37.31699975945052 0  13.53011726616971 28.20084379752589 0  13.37574132675646 29.3489911103173 0  34.31748732985111 19.05298977380541 0  36.1409076171598 18.70942748249238 0  36.32725018046088 19.36633188309438 0  13.21381464624239 36.910129055284 0  12.53964940237184 37.70010514818301 0  35.45265341700155 41.66799264895573 0  4.313533799322276 42.67317471026564 0  15.10398253845719 41.05578802220655 0  0.523288898770463 41.796875 0  29.47544196920206 30.62129848595175 0  30.68133912385542 30.25996418553075 0  30.24005084822485 31.26880092240047 0  15.39913000971541 23.00985779011627 0  14.50586148408282 22.38101049562641 0  14.88582414858128 23.62778822047062 0  44.73892357939717 15.35759291767688 0  35.66449798535431 23.7965201200568 0  23.35145893791513 6.322879917131115 0  23.69709617132785 26.4357520104419 0  5.482737658068795 35.00716560075413 0  6.660781478515664 35.12146873606422 0  6.933947314949852 34.51762652660356 0  0.6067204316264708 38.78511049778548 0  42.93520056199546 24.01947733924311 0  42.69717761661058 22.84882106352122 0  3.02759235479103 47.66549378343844 0  23.03431517847231 38.87826557652362 0  24.00412987996463 38.80299290249393 0  13.52249027802141 38.81658099478547 0  40.55104242055074 41.07092701320785 0  41.5853617020195 41.11853200733876 0  33.17608882167467 1.329608244631437 0  15.33878070003275 8.795433387357532 0  12.9287526236835 22.85471746450315 0  9.475509383857354 2.930098608065852 0  49.09223919136016 20.94761987235452 0  21.08703303023034 41.21553632067016 0  25.01603966373196 47.62185568162939 0  15.67747828235851 29.00128706573089 0  24.4663641325489 0.6020994011355085 0  37.31025236531782 37.04620464118719 0  36.7484314539279 36.11764165388204 0  8.572078947479326 43.61173138476552 0  41.80712904169465 4.01230676429957 0  42.28503219075499 4.800952030552923 0  31.20549888772847 21.54792090297281 0  9.589973458589446 16.85142951186863 0  36.17856735365741 27.95203276318169 0  34.94713505625348 44.42043437603353 0  18.31580392269443 3.721367990842506 0  27.9999114070187 13.99237289859185 0  48.27766442254681 25.12392387857168 0  35.89384449223825 1.521329439947519 0  31.8354841133219 16.78904211362142 0  32.83430663809352 32.21441124740878 0  34.12753640251373 32.04006861783423 0  19.02979986417161 7.186701834553016 0  45.44363644705829 45.06467063888772 0  13.69372864372652 25.186298697529 0  0.5732382492152321 19.18989182748641 0  15.06571143063232 15.76258367496529 0  43.91012822899259 9.038563540253714 0  21.70335332236895 5.586298168250281 0  48.48245956284656 29.19040394679282 0  49.3689464578334 29.91066612773828 0  47.47176421601485 7.829285723858914 0  11.83692360423063 49.35760513903695 0  11.31857456731316 29.67779596168569 0  9.909183739179507 10.03410627125523 0  3.26071642313037 44.56506456189527 0  26.75492149042842 29.84341234227977 0  27.42586248285682 35.15017337979956 0  42.35180303666024 11.88756355799855 0  32.63862916237267 10.71523136890637 0  32.22376962098352 11.82217215570841 0  31.44895458604825 11.09601484214655 0  18.52265895604826 44.38743920738031 0  10.88037730155984 11.64877094497179 0  22.37563410706945 23.39228866600697 0  7.583450069244529 43.70595680342557 0  1.608619380582502 18.86408630363324 0  14.13223623723125 21.13445759849078 0  13.68430353691934 21.91937165046357 0  13.19294666936822 20.60444725583594 0  7.172106892469402 26.05550534661169 0  7.319537899102288 27.36532767289678 0  41.055815776165 43.78466983704738 0  26.21875302066909 9.095627084073218 0  45.26776924942289 43.09368699825618 0  35.28250043272258 16.13262038714674 0  13.96803416271547 34.15804676533765 0  3.225489374738232 29.80697485389879 0  2.548567483259407 28.84006542278969 0  3.761939405738079 29.00972242596613 0  48.81202536299261 1.673184295639063 0  35.11472246268976 17.23018631770243 0  47.20002251384166 31.77115490034709 0  2.506188765524791 21.10113169659151 0  13.39893467533309 47.24475825584678 0  43.5144746779562 36.74811609798343 0  43.13020266948878 36.19448395210647 0  33.66288672073387 32.76605014146202 0  14.66436146278805 46.89706477983816 0  46.76043466986165 38.39660837270453 0  20.59317703692978 23.16807155839544 0  36.09408196043925 38.96202791761237 0  22.9743326065389 48.16492814147684 0  17.48837091479058 1.78027870460133 0  36.16683986880103 42.18641525094733 0  8.862315529873914 41.55391631735882 0  6.853924840318611 48.54174935361284 0  7.573189145516951 48.12478034776552 0  15.43641966668054 46.38465770953668 0  44.08877212262258 43.60408561318965 0  33.16874107594054 2.544672027890119 0  33.54953207440552 1.853849391405879 0  7.969714236455054 26.33984183977851 0  34.96311348844237 4.639918095773804 0  33.25545136223929 3.829138053593181 0  33.73486935316144 5.02099416993897 0  34.15964726602881 4.216019438659619 0  13.65249038720268 35.16315482608803 0  35.546875 0.5153567575567546 0  20.0316219367835 24.31032669829161 0  28.03774878847783 11.42085846414555 0  27.31988463060327 10.82276162524988 0  26.79135504609693 11.23885542724417 0  26.83237836542542 11.93385729671112 0  5.911193731912173 42.17770434639152 0  35.42620825437888 5.842402266405226 0  34.53948033042616 5.444413794570432 0  3.773010678593018 23.94070174834646 0  16.12095365400432 48.49306748910769 0  12.21210600616533 25.84587398824652 0  47.53998051130689 41.88345412425903 0  46.28927931485264 42.26885430517724 0  47.57689437848367 28.85582112250836 0  48.63420382595822 40.22413081286586 0  20.4667879253054 41.04819757963635 0  19.58542216677135 4.722996094986923 0  26.93552257813181 8.510159695806729 0  34.06543843602127 13.89452439041195 0  30.92837855824581 38.01667996529439 0  47.3029908402456 37.20995505704494 0  18.359375 49.48319713402029 0  6.736341289993067 44.59619253569535 0  7.689515915910208 44.83120316260378 0  8.681789148870919 44.73733705845928 0  9.566530352719498 44.32564811655718 0  23.50404191989972 31.03101585269337 0  47.65986889502163 10.24992249205545 0  46.6792320245488 10.95918304146641 0  12.28648357545386 3.157228254665124 0  12.10176409208035 2.514579384512122 0  46.88886376996597 12.26469290644798 0  0.6847837567461763 27.28329079598259 0  19.46262794792383 5.80337623717745 0  33.95888083956633 28.08747117001064 0  33.62382615486412 27.04323212430531 0  17.48060960091162 39.50302822652056 0  8.492208583065173 38.996528482503 0  11.57131440790971 13.62993153597856 0  49.49379283320678 19.140625 0  48.45211438646144 19.15548767236504 0  25.64982825695014 8.356889480120444 0  40.87019700129844 47.47856037567019 0  9.844015536104097 13.930718082668 0  32.73890870902637 39.96229074788813 0  40.63735374112542 42.01277684048297 0  31.70695860320654 27.49311359328699 0  9.674606821996585 18.13715979125498 0  21.72233001932419 27.9802742002593 0  42.31846575335277 21.34065020058015 0  18.92692597754482 3.910141781419753 0  6.418950967561835 2.530601480101879 0  6.52588063965886 38.69539820285482 0  7.362015816451308 39.31910554475228 0  6.449326352837933 39.93509076131543 0  38.85241360557293 2.73812817430919 0  18.91817540750195 32.03756113575233 0  42.16653746173375 36.82917411448437 0  47.35025954962578 29.80020626972921 0  44.59046551854032 13.43552202804606 0  25.26488842252805 1.400349861997484 0  39.57276313951476 41.17620702656527 0  43.51219730484739 44.66211788886611 0  36.91095499558704 12.49511656681731 0  36.7095003377491 13.13078303924014 0  3.592682994277198 44.01142565295958 0  23.3583610467754 20.8226871763523 0  43.58762239543032 48.5885543789158 0  44.79767189820126 48.5318353969936 0  44.140625 49.47096571767084 0  8.22316655994743 41.83161655667796 0  9.285644747513944 42.55332226448423 0  8.386236823751966 42.71215902829048 0  49.3972716993062 2.854581130810818 0  34.79902012561624 12.95949609063231 0  30.69235099103487 34.02219393515313 0  </DataArray>
</Points>
<Cells>
<DataArray  type="UInt32"  Name="connectivity"  format="ascii">1 2 3  0 3 4  0 1 3  563 2082 2125  102 1913 2817  151 1956 2020  5 6 8  1611 3347 3823  240 1705 1848  6 7 8  461 3053 3820  5 8 9  760 2434 2582  899 1317 3423  353 3076 3407  366 2401 3786  583 2186 3385  205 2470 2560  857 1992 3350  759 1211 2248  990 2951 3804  444 1517 3639  599 1595 1596  133 1791 3396  1324 3712 3713  1686 2028 2568  31 1523 2022  786 1214 1227  1033 1559 3251  146 1492 2824  151 1152 2020  936 1798 2977  81 2012 2057  977 3210 3769  212 1638 2730  397 2155 2816  110 2275 2414  955 2191 3139  1354 2232 3091  150 1413 2165  628 2360 3614  560 1483 3127  46 1229 1849  1004 1853 3853  1003 2001 3566  425 1376 2857  1790 2377 3292  2377 2794 3148  243 2223 2224  49 2047 2925  1352 2803 3164  808 1790 2976  161 1769 2490  791 1474 2629  914 1491 2359  537 1194 2423  1218 1858 2155  970 3723 3724  771 2488 2489  1179 3426 3818  751 1785 3515  1021 1658 3448  1310 1898 3121  522 1969 3919  1062 1909 3916  101 1613 2501  621 1759 2120  734 1755 1873  260 2228 2980  176 2855 3474  1181 1883 3738  1192 1816 2111  922 1815 2214  162 1820 1908  36 1366 2314  190 1349 2641  205 2470 3112  598 2139 3320  318 1101 2261  499 1891 3869  1008 2010 3864  968 2429 3348  518 1602 2838  142 1764 2080  299 2307 2359  722 1425 1473  1405 2401 3786  895 3174 3431  536 1975 2478  761 2850 2851  899 1317 1590  1371 2378 3375  6 1955 3509  916 1953 1955  1055 2161 2162  249 2018 2625  755 2126 3860  813 1378 1998  177 1938 3180  610 1938 3180  729 1598 2982  80 1494 2829  429 1593 2940  1221 2328 3458  617 1492 2824  145 1210 1606  379 1329 2755  1135 2965 2999  531 1931 2028  371 1317 1590  501 1842 3557  1023 3426 3818  466 1345 1723  269 2383 2725  930 2048 2859  1107 3458 3946  850 2232 3232  163 1190 2576  1547 2855 3474  562 1152 2215  759 2248 3710  1648 2870 3376  422 2053 3913  92 2111 2468  576 1999 2000  602 1718 2623  601 1630 3019  1084 1477 3936  44 1503 3486  25 3039 3864  439 1204 2587  193 1277 1460  827 2214 3085  225 2913 2919  331 2745 3156  778 2624 3778  447 1499 1728  536 1257 2590  356 2376 3908  30 1425 1473  137 1684 2781  1603 3221 4009  526 1936 2277  104 1111 1799  1349 2637 2641  641 1306 1572  285 2397 3500  506 1535 1933  838 2258 3185  734 1754 3983  1291 1883 3738  109 2475 2889  1165 3240 3510  1124 2614 2754  405 3058 3241  1839 2128 3726  597 1469 3009  1079 2006 3791  599 1596 2283  974 2382 3694  1147 2787 3014  565 1206 1236  408 2164 3100  1032 1559 3942  654 1667 3792  148 1123 2895  1290 2384 3669  118 2169 3362  456 1675 3330  837 1354 3091  1697 2456 2928  37 1612 3685  434 1612 3683  312 2473 2931  1055 1541 2161  972 1700 1852  577 1804 3242  1197 2262 3719  531 1201 1501  417 1510 1511  15 1089 2689  1008 2198 2395  550 1769 3681  922 1816 3483  830 1865 2053  606 2549 3111  912 3197 3965  861 1795 1818  131 1794 2388  398 1369 2808  857 1619 3286  322 3221 4009  880 1779 2489  823 1589 2355  486 1167 1835  480 1479 1832  308 1153 1934  649 2434 2435  132 2322 2338  918 2807 3567  385 1541 3935  580 2235 2762  431 1290 1396  488 1101 2096  1307 2494 3526  648 1573 3311  921 1426 3314  1354 2232 3235  842 1429 2313  842 1998 2313  813 1998 2313  82 1138 1609  557 2035 3639  274 1486 1762  944 2510 3541  792 2975 3928  467 1328 3990  697 2137 2669  1046 1733 2412  1318 3499 3500  1011 2397 3910  266 3060 3529  43 1376 1695  90 1372 3176  514 1153 1934  1383 2076 3199  925 2036 2565  786 1227 2880  511 1186 2243  1453 2745 3156  518 1601 3513  229 1076 1518  957 3166 3381  497 1115 1886  312 2269 2886  123 2687 2932  445 1630 2292  270 2542 2619  87 2794 2796  1027 1902 3661  1769 3680 3681  490 1663 1664  541 1796 3604  423 1426 3314  1749 3233 3234  327 2197 3339  264 2056 3094  162 1820 3635  213 1663 1664  273 1984 2130  182 1986 3478  557 1516 2372  547 1332 2797  175 1287 1699  409 2457 3657  1043 2412 3762  141 1074 2893  67 1435 3744  43 1466 1829  171 2170 3437  831 1712 2014  172 1712 2014  1071 2366 3561  402 1325 1882  458 1700 3409  666 2309 2571  896 2748 3821  674 1368 3293  1308 3947 3948  177 1092 2507  639 1092 2507  518 1602 2773  1072 2364 2365  565 2060 2061  537 2057 3503  36 1240 1337  620 1580 1674  257 1759 2120  843 1515 2583  841 2566 3514  763 1450 2553  110 1317 3423  1251 3068 3436  493 1502 1847  538 1154 1742  934 1732 3041  487 2564 3356  294 3469 3977  552 1091 1237  545 1911 3341  393 1128 1433  18 2716 2926  1383 2076 3323  553 1150 3958  588 1446 1920  878 2004 3173  304 2038 3178  83 1879 2417  889 1586 2632  1760 2502 3477  980 2502 3477  554 1941 4006  937 1939 2762  895 1893 3799  319 1121 1300  658 2064 3190  204 1720 3265  1022 1658 3801  657 1642 3112  440 1660 3697  1239 2271 2332  913 3494 3946  311 1470 2325  598 1199 1301  598 1199 2138  1062 1639 1909  462 1688 3137  1499 1728 1990  71 2249 3725  1013 1636 1638  572 1908 2782  752 2249 2250  755 1661 3860  1195 1793 3787  248 1838 1890  215 1395 1741  1177 2566 3154  474 3242 3981  1055 2039 3925  531 1501 1528  370 1589 3050  296 2337 3865  399 1471 2017  1278 2233 3530  677 2013 2746  1142 2496 3155  1142 2825 3340  153 1707 1831  855 1164 3288  217 2809 3925  400 2172 3275  255 1451 2030  798 2967 3338  328 1213 1248  435 1650 3192  603 1438 1527  919 1996 1997  227 1692 2863  1036 2082 2084  347 1359 2972  1076 1518 3000  229 1783 2994  430 1526 2981  297 1620 3381  773 2632 3002  1313 1496 2747  98 1257 2136  232 2393 3147  1343 1975 2133  777 2751 2752  234 1968 2923  832 2932 2949  1341 1579 3602  1053 3158 3992  829 3097 3103  858 3079 3307  600 1814 3128  611 2428 3818  396 2297 2403  396 1462 2403  1030 2942 3775  1461 2942 3775  1058 3602 3833  383 1222 3980  1698 1903 3231  848 1531 1698  767 2300 2301  380 1343 1346  644 1943 2149  2119 2336 3267  763 2553 3047  93 1999 3395  755 2320 2625  962 2421 3147  242 2131 2486  95 2065 2431  20 2406 2407  426 1549 1550  894 2584 2763  838 1160 1789  118 1536 2169  491 1294 3177  1960 2983 3329  463 1260 2085  463 1282 3263  1006 3499 3500  1071 2585 3264  1173 2452 3196  583 1739 2930  255 3399 3555  375 2437 3764  1081 1874 2043  621 2336 3267  1759 2040 2392  258 2040 2221  643 2222 2223  72 1164 3288  901 2367 3211  358 1096 2242  1337 1713 3979  120 3302 3449  262 1555 3175  150 1413 1881  1672 3552 3553  286 1973 3989  263 2870 3376  778 1625 2624  568 1656 2927  33 1870 3256  912 3198 3299  879 1905 2230  83 1879 3034  298 1867 3716  914 1513 2081  643 1581 2221  945 2237 2299  808 2794 2796  1360 2077 3997  271 2246 3771  754 2180 2238  872 1822 3029  362 1468 3318  844 1546 2130  646 1194 2452  45 1856 2069  114 1407 2603  1016 1736 2079  1147 3014 3465  988 1427 3684  926 1960 2983  491 1347 2110  995 1356 2259  1247 3254 3352  931 1626 2341  87 2795 2805  1345 1723 2544  876 2390 2391  1779 2810 4020  1292 2527 3447  220 1701 3107  1685 2800 3736  570 1205 2050  1198 2492 3052  106 2349 3498  538 1154 2021  384 2934 3530  1371 3048 3375  919 1479 2634  317 1185 2183  147 1187 2600  95 1479 2943  935 2257 3434  454 3434 3562  50 1108 2955  516 1864 3631  1262 2864 2874  1262 2272 3763  314 1133 1584  292 3251 3942  293 1073 2128  428 1223 1992  929 1916 3888  294 1660 2333  836 2868 3951  1063 2240 3969  32 1534 3122  1958 4016 4018  783 1526 2981  1813 2815 3846  877 1866 1867  35 1974 2865  178 2364 2374  626 2048 2365  784 2027 2826  784 1987 3456  1028 3146 3517  1005 3124 3181  394 1392 2205  1048 1956 3654  796 2594 3558  1025 2638 3178  601 1806 2094  306 1490 2428  1490 2322 2338  90 1372 1771  513 1267 1956  1422 1761 3159  735 2433 3189  164 3708 3767  960 2354 3774  1264 3023 3281  484 1210 1464  399 1470 2946  1469 1971 3009  955 3142 3564  955 3564 3565  388 2554 3445  875 1253 3092  136 2922 3898  136 2487 2526  183 1987 2026  542 1176 2033  475 1577 2154  1188 2154 3931  556 2072 2156  488 1101 2261  622 2443 3501  990 2475 2889  1162 2184 3214  464 1292 1862  1127 3130 4010  429 1183 1594  102 1403 1913  1791 1812 3015  323 1785 3515  1043 1976 2613  1043 2613 2615  1025 1797 1969  582 2054 3369  74 2752 2776  1655 3709 3774  264 1656 2927  745 1178 1250  46 1982 3834  233 1827 2095  871 2090 3748  731 2790 2791  569 2171 2389  512 1142 3155  331 1178 2425  1521 3342 3343  1298 1523 2968  1061 1750 3850  334 1257 1750  334 1256 2780  334 1750 1884  335 1694 3636  742 1156 2601  1137 1870 2816  911 1548 3238  1218 1858 3671  46 1249 2200  1576 3105 3871  338 2239 2846  128 1289 3750  792 1583 3551  2016 2115 3182  41 2067 3124  340 2115 3182  776 1781 3535  633 1580 1674  231 1586 2739  696 1268 2639  1309 3949 3950  388 1253 2099  564 1493 1771  163 1303 2100  799 1512 2828  1077 1813 3846  834 1681 3195  406 3014 3465  1015 3365 3856  1296 2413 2559  502 1295 2158  1158 1515 2583  350 1787 2583  996 1524 3470  493 1458 1502  634 1845 3496  634 1846 3885  205 1642 3112  353 2527 3447  668 1547 3474  640 2503 2506  101 1332 2797  665 1424 2592  978 1587 3547  1130 3078 3908  50 1108 1449  1123 2894 2895  83 1540 3248  650 1096 2242  105 1408 2636  359 1350 2550  206 1319 3629  478 1219 2343  415 1466 1731  119 1189 1246  362 1279 1468  363 1307 2979  363 1573 3311  668 1463 3020  364 3104 3499  185 1846 2254  1006 1729 3498  521 1919 3827  366 1361 3095  210 2003 2941  107 2840 3096  1301 3467 3537  342 1199 2138  25 1216 1803  947 1830 2324  971 1852 3747  1377 2474 3115  1590 2458 3305  1251 2289 2380  748 1352 1569  892 1715 3414  627 1459 2963  996 2199 3471  651 1388 2547  923 1266 1879  224 1452 1863  890 1778 4019  890 1778 3560  378 1390 3917  377 1390 3046  835 2514 3167  1358 2757 2840  741 1346 2618  380 1554 3573  997 1193 3460  241 1354 3235  1109 2799 3408  463 1682 2085  1166 2464 3980  111 1721 3655  612 2233 2741  73 1242 2378  971 1132 2244  1132 2244 3108  386 2529 3036  880 2488 2489  649 2434 2526  1310 3947 3948  1174 2019 3536  1095 2487 2526  1362 1530 3028  654 1161 1437  1667 2166 3674  909 2196 3664  654 1220 2286  534 2047 3811  1560 2427 3216  545 1910 3587  1144 2205 2543  394 1391 1758  259 2458 3305  901 3212 3550  1308 3948 3949  396 1463 3020  233 1826 1827  99 2918 2967  768 2807 3567  803 1761 3131  73 2378 3375  612 1242 1719  255 1451 3262  890 1452 1863  1560 3216 3217  401 1458 1502  521 1562 3851  140 1101 2096  975 2127 2781  768 2808 3335  939 2302 3857  511 2243 3877  235 1341 1579  407 1481 1482  276 3606 3684  251 1406 1802  407 1427 1480  175 1483 2173  774 1483 2903  23 1417 1418  770 1418 2562  896 2098 2362  421 1258 1571  45 1288 3856  1428 2217 3579  2010 3039 3864  637 2198 2395  67 1321 3744  1504 2537 2622  414 1399 1400  251 1406 3219  938 2302 3337  1466 1731 3313  404 2077 3997  119 1189 2211  591 2310 2312  115 1552 3260  1553 2539 2956  319 1122 2444  419 3391 3800  1230 1644 3011  730 1567 3246  769 1361 1865  462 1689 3491  769 1865 2053  830 2053 3913  921 1756 3140  921 3139 3140  424 1897 2675  886 3261 3262  940 1555 3175  425 3304 3891  261 3648 3651  837 1767 2406  293 1074 1592  67 1504 1899  170 1144 2627  857 3286 3350  209 1595 1746  429 1785 1792  297 1620 1737  765 2814 2815  431 1396 1397  452 1564 1565  293 2262 3719  1223 1774 2319  724 2163 2990  737 1936 2277  219 1971 2540  435 1365 1649  806 2300 2387  246 2050 3031  124 2180 2298  492 1654 3717  1505 3718 4013  1398 2467 3161  438 1544 2608  357 1204 2587  1289 2580 3679  1091 1237 1659  440 1091 1659  441 1302 2405  51 3592 3693  442 1168 2317  442 1909 3916  443 1604 2011  965 2881 3001  1145 2514 3167  444 3167 3585  2176 3045 3866  211 2303 2729  739 1539 2726  447 1637 3111  1328 3207 3230  738 1668 1744  726 1884 3850  1608 3572 3731  26 1307 3526  653 1617 1912  209 1595 1617  189 1434 3004  892 3004 3416  402 3099 3815  521 1325 1882  1395 1741 3459  530 2002 3253  103 1293 1670  251 1481 3268  826 2991 3705  455 2353 3711  261 1519 1675  868 1675 3330  947 2324 3505  947 1831 3504  488 1298 2246  75 1703 3745  1460 3518 3960  227 1607 3852  1106 1577 2154  961 1582 3700  961 3636 3637  210 1690 2960  858 1689 3491  656 2560 2885  1598 2982 3796  1179 3425 3426  464 1292 2527  465 1686 3970  465 1686 2568  1295 1877 2962  1443 2522 3032  623 1582 2440  623 1261 2909  951 1765 3651  468 1141 3266  1844 3646 3650  469 2232 3091  1370 2228 2872  470 1749 3234  472 1639 2116  127 1639 1909  472 1529 2936  1173 1655 2938  2101 3708 3767  216 1804 3549  474 1165 2586  870 2740 3073  475 2154 3931  478 1696 2466  749 1457 2398  749 2466 2937  478 1697 2928  621 2120 3267  479 1753 2299  1088 1788 3517  1720 2066 3190  1016 2079 3906  481 1497 1646  482 2485 3904  2070 3835 3837  878 1782 1921  801 2972 2973  1606 2368 3998  484 1609 3150  2368 2867 4000  1322 1836 2148  1167 1679 1835  486 1377 3115  497 1115 1184  488 1298 1523  271 1298 2246  489 1624 2001  940 1555 1983  680 1195 1793  741 1343 1346  277 2036 3380  437 2715 3658  1202 3658 3717  401 1459 2267  493 1846 3885  1605 2616 3040  2616 2854 3675  129 1815 2214  1160 2111 2468  914 1513 2853  267 1513 2853  497 3940 3943  497 1184 1885  498 1823 3751  97 1824 2114  122 1641 2515  847 1838 1890  734 1323 1873  500 1755 1873  841 1643 2420  840 1643 2954  1296 1747 2413  502 3000 3081  67 1504 2622  970 1900 3795  303 2528 2761  505 2245 3948  505 1318 2397  253 2196 3664  506 1948 3963  144 1782 1921  476 1430 2063  806 2147 2300  508 1892 2363  1797 2577 2915  335 1216 3013  510 1831 3504  511 1849 1964  46 1249 2911  916 1955 3509  5 6 3509  513 1444 1974  877 1867 3716  308 1152 2215  514 1925 2150  515 1081 1874  561 1081 2043  110 1317 1864  516 1702 2881  231 1586 2632  773 2633 3002  1039 1454 2425  626 2364 2773  263 2334 3451  263 1207 2143  879 1651 2282  520 1952 3695  1405 1919 3827  521 1562 1918  1046 1926 3770  304 2082 4004  1250 1914 2129  154 1178 1250  94 2237 2916  643 2221 2222  1769 2490 2984  525 1996 1997  1612 3683 3685  1971 2540 3441  527 2006 2007  1094 2938 3589  646 2452 3196  529 1953 1955  590 2306 2308  1475 1775 3291  530 1193 3460  823 1931 2028  678 1110 2555  279 2377 3148  604 2256 2339  907 2184 3214  534 1253 2099  869 1677 2251  816 3118 3119  816 1393 3016  536 1257 2136  334 1257 2590  943 1855 2510  537 1182 2057  1458 2316 3840  538 2021 2023  212 2088 3583  539 1820 1908  917 1252 1720  1244 2607 3272  861 2607 3273  1059 1851 2769  784 1851 3456  543 1065 1726  543 1976 2613  541 1244 3272  544 1244 2607  39 2339 3295  1439 2952 2953  851 1138 1609  1080 3482 3734  547 1333 3151  547 2394 2455  277 2076 3323  1162 2184 3678  533 2460 3678  1289 2580 3750  551 1607 2984  551 1853 3853  1005 2016 3182  1567 3507 3556  552 1916 3888  553 2016 2115  1150 1811 3714  1120 1623 3021  554 2117 2178  871 1671 3748  555 2090 2091  332 3859 3961  556 2073 2074  1280 1538 2409  70 2216 3116  472 1529 1556  200 1529 1556  1035 3356 3854  1320 2640 3854  1316 2193 3078  1716 3907 3939  561 1558 1566  613 1558 2009  1267 1956 2020  562 2144 2145  785 2125 2438  576 2000 2260  307 1170 2441  595 2332 2576  896 1423 2098  665 1424 1618  1018 2176 3866  515 1874 3044  851 3149 3559  582 1625 2056  327 2186 2472  372 1353 2389  569 1207 2170  999 2136 3183  806 2051 2147  490 1662 1666  675 2031 2499  2704 3419 3882  491 1347 1840  404 1254 2381  609 1254 1271  260 1937 2872  260 2228 2872  230 1286 2000  796 1999 2000  577 1773 3242  474 1804 3242  514 1924 2759  47 1925 3017  1326 2640 3356  245 1939 2188  581 1485 2265  1020 1611 3823  92 1192 2111  582 1097 2054  254 2185 3413  1117 2186 3385  172 2014 2493  585 2195 3672  1063 3512 3968  1373 3401 3490  1446 1920 3088  802 1446 2992  194 1772 2410  719 2204 2732  589 1128 1946  1128 1433 1946  164 1757 2989  590 2308 3994  127 1168 3694  472 1639 3915  168 1316 2193  355 3135 3151  253 2253 2525  882 2196 3374  1062 1639 3915  594 1984 1986  595 2330 2331  513 1974 2512  287 1832 2634  1853 1902 3661  311 2007 3791  597 1470 2325  598 1746 3320  599 1595 1746  79 2045 3229  252 2447 3797  1082 1814 3876  1179 2428 3818  445 1630 1632  104 1630 3019  94 2149 2237  602 1753 2623  670 2187 2188  815 2180 2298  931 2702 3355  270 1626 2542  605 2289 3436  672 2614 2754  1235 2549 2845  1235 2845 2846  1334 2266 2621  607 2266 2621  969 3062 3473  1238 3466 3591  574 1189 1271  610 1937 1938  470 1441 2071  281 2323 3912  611 1490 2322  219 1469 1719  903 3048 3375  613 1566 2231  1452 1768 2231  379 1836 2495  721 1329 2755  877 1262 2864  1044 2874 3763  943 2510 2907  616 2326 2328  453 3564 3565  1044 2273 2326  90 1151 1780  1493 2837 3393  148 1419 2092  324 1733 2412  181 1580 1717  966 1740 3642  621 1759 2040  643 2223 2224  109 2475 2891  319 1121 1122  467 1261 1860  623 2440 3544  1026 1760 2502  178 2374 3741  299 3290 3841  1601 2773 2839  626 2364 2365  627 2426 2427  627 1560 2427  179 1489 2360  628 2070 3837  1113 1148 2473  630 1113 1148  1113 2931 2932  273 1984 3383  1054 2638 3887  1644 3225 3884  181 1568 1717  1367 2254 3324  634 1366 2314  900 1708 2025  38 2352 2553  423 1531 1698  640 2503 2551  991 2396 3224  550 1289 3681  638 2617 3296  638 1547 2491  639 2071 2504  57 1304 2508  345 1305 2551  345 1304 2551  1306 1572 2882  641 1937 1938  643 1581 2106  1 1581 2106  945 2149 2226  258 2221 2222  243 1942 3497  644 2149 2226  565 1206 2309  645 1288 2517  418 1552 3410  179 1553 2539  178 1269 2220  647 1321 2536  648 2321 3868  237 1436 2567  1095 2434 2582  1095 2434 2526  180 1314 2548  650 1313 1957  359 1350 2660  651 1314 2548  352 1845 3496  180 1314 1957  450 1595 1596  450 1595 1617  391 1220 2286  654 2285 3792  349 1877 2596  86 3448 3801  891 1682 2561  891 2848 2849  657 1403 1913  1127 2833 3130  919 1382 2944  95 2943 3073  247 2064 2997  1336 2168 3516  660 2388 3243  659 1252 1720  106 1729 3498  354 2572 2617  698 2667 2668  1060 1824 2114  14 1837 2720  680 1662 1663  713 2284 3417  1618 2281 3236  168 1424 1618  666 1699 2571  645 1287 1699  1680 3512 3548  295 2604 3402  668 1547 2581  668 2581 2595  669 1708 2025  900 3258 3259  139 2160 2722  226 1541 2161  1009 1543 2159  672 2613 2615  1024 2125 2438  764 2532 2533  673 2532 2630  365 1368 3293  185 1742 2236  540 1212 3273  214 1793 3418  993 2240 2746  1087 1950 3933  586 2014 2015  84 2013 2746  710 1110 2778  1087 1217 2052  190 1335 2641  105 1334 2266  984 1837 3228  934 2926 3599  682 1994 2783  64 1599 1895  188 1237 1659  886 1299 1451  393 1434 3415  28 1128 2108  201 2718 2821  65 2379 3029  160 2702 3355  561 2043 3280  54 2174 3054  1388 1786 3930  692 2693 3707  567 1468 3318  359 1349 2637  1203 2268 2621  679 2637 2641  346 2318 3177  15 1089 1118  1134 1363 2163  1159 1652 3657  341 1277 2668  1140 1887 4014  319 1887 4014  1139 2611 3845  17 2229 2993  269 1360 3539  1007 2695 3634  706 2174 2175  1149 1711 3759  1586 2739 2906  27 1363 2163  764 2531 2532  1087 1950 3816  678 1217 2052  217 2162 2530  2161 3508 3955  60 1212 1745  1326 2564 3356  198 2695 3634  954 2207 2910  715 2288 2910  1079 2109 2142  369 2010 2198  717 1605 2616  718 2627 2628  720 1404 3753  719 2204 2733  170 1404 3753  170 1392 3753  367 2087 3844  107 2757 2840  410 1423 2098  722 2098 2362  723 1443 1877  655 1255 1622  343 1134 1363  724 1134 2163  894 1892 2363  725 2363 2763  333 1980 3849  1114 1826 2966  350 1725 2394  843 1787 2583  1357 2087 3844  70 1517 2035  1068 1991 3394  206 1697 2479  730 2771 2772  1263 1991 3974  995 1738 2976  731 1695 2790  732 2161 2162  764 2533 2908  733 2476 2736  1377 2474 2736  485 1534 2008  379 1322 1836  90 1170 2144  805 1522 3025  736 1373 2604  736 2604 3283  219 1469 1971  434 1640 3301  448 1548 3238  448 1548 1668  739 1539 2303  741 1635 3179  446 1635 3179  212 1636 1638  920 2249 2250  741 1343 2729  1156 1615 3424  147 1328 3990  743 1439 3457  902 2789 2804  233 1826 2966  952 1114 1826  745 1250 2744  1704 2918 2967  1137 2155 2816  1137 1735 3256  597 1470 2946  747 1569 2784  748 1433 2843  748 1569 2843  749 1457 2465  476 1429 2204  44 2549 2845  750 2845 2846  1126 1603 3221  1603 3322 4009  752 1664 3756  490 1662 1663  367 1358 2087  728 2003 2941  271 2432 2570  754 2244 3108  1554 2478 3162  933 2486 2519  508 1810 2018  76 2300 2301  904 3451 3891  757 1973 2934  758 2406 2407  758 2408 3883  481 1736 2079  481 1475 1497  975 3036 3598  344 2435 2947  395 2852 3613  761 2851 3776  792 1691 3551  227 1692 2058  1038 1450 2287  230 2814 3522  764 2530 2531  764 1331 2530  77 2518 2970  765 1813 2815  766 1608 3392  766 2262 2892  767 2147 2300  76 2300 2387  578 2150 3017  918 3567 3612  422 3008 3944  1047 1405 3786  1419 2092 3926  148 1123 1419  1616 3358 3896  771 2489 3749  772 2342 2725  927 2703 3540  1770 2350 3975  1135 2350 3975  2164 2903 3100  2257 3434 3562  1243 2802 3571  1042 1973 3989  776 1781 2939  342 1199 1230  1191 1456 3368  1456 3277 3368  512 1929 3757  2055 2866 3388  1208 2383 2725  780 1208 2383  604 1626 1657  270 1447 2871  820 2952 2953  279 2377 3292  782 1706 2958  222 1605 1807  783 1059 2769  784 1851 2826  784 1987 2026  183 2850 3257  1124 2290 2957  785 2754 2957  153 1186 2243  510 1803 3013  1229 2471 4021  225 1228 2900  788 1213 1248  788 1248 2919  1228 2727 3803  100 1214 1227  136 2526 2922  790 1467 1898  791 1474 2436  204 1720 2066  1156 2975 3928  792 2024 2974  1109 1260 2799  793 1319 2929  1102 2811 2812  644 2222 2223  48 3425 3426  321 1779 2489  834 2528 2761  303 1146 2528  678 1501 1528  797 2630 2764  952 1826 2776  329 1114 3584  289 2569 3692  1478 2569 3692  830 3428 3913  250 1232 3120  1669 2004 3171  228 1920 3088  834 2528 3874  834 1843 3195  887 2806 3159  803 1431 2948  735 2818 3189  804 1780 2433  1431 2948 3026  805 1431 3026  76 1649 2387  806 2451 3582  807 1605 3040  1008 2010 2198  902 2102 3609  330 1738 2976  503 1900 3795  111 2464 3655  523 3070 3832  154 1250 1914  129 1588 2883  318 1100 2074  229 1378 3083  812 1379 3082  483 1669 3171  229 1076 2995  1669 2518 3781  77 2973 3405  603 1527 2298  815 1541 2905  375 1393 3119  816 1342 3016  1442 2770 3114  218 2770 2869  516 1702 2275  818 1702 3077  140 1101 1564  402 1325 1872  545 1387 3416  279 1910 3292  30 1425 2591  1688 3136 3137  619 1710 2860  822 2894 2895  486 1589 1835  823 1589 3050  824 2935 2936  1529 2935 2936  99 1453 3506  329 1114 1364  1534 2008 2921  826 2921 3122  862 2072 3754  556 2074 3373  828 2876 3597  828 2407 3237  236 3306 3760  829 3095 3097  118 3362 3363  118 1571 2201  831 2014 2015  234 1968 2015  832 2931 2932  932 1673 3525  280 1345 3663  834 1843 3874  1146 2528 3874  835 2255 2836  444 1516 2609  1685 3735 3736  485 2148 3999  381 2408 3883  20 1767 2406  327 2197 2258  838 1160 2468  833 1432 2304  1177 1432 2304  840 1643 2420  841 1842 3557  1176 2033 3154  841 2566 3087  143 1260 2799  143 1260 1374  843 1984 1986  1787 2792 3478  362 1280 2483  845 1158 1515  845 1158 3116  450 1617 1912  252 1596 2283  499 1890 3752  122 1641 3807  470 1441 2399  848 1698 3231  997 1741 3459  849 3244 3282  1092 1441 2071  850 2232 3235  362 1281 3318  851 1609 3150  468 1141 1764  852 1905 3793  601 1630 1632  853 1629 3043  256 1874 2043  256 1386 2344  855 1705 3287  1012 1705 1848  856 1721 3241  856 1222 1894  141 1223 1774  857 1223 2319  421 1473 2768  236 1361 1865  1474 2436 3186  859 1714 2430  262 1555 3303  120 1550 3332  162 1795 1818  861 2607 3272  862 2393 3157  962 2393 3157  863 2293 3201  214 1666 2293  25 1216 2724  864 2737 3170  865 1399 1400  865 3269 3270  251 1399 3328  103 1344 2827  867 1481 1482  867 1482 3218  426 1315 2877  120 3449 3900  869 2047 2925  391 1559 2924  1576 3072 3074  870 1714 2430  871 2421 3147  333 1980 2421  389 1362 1530  872 1362 3028  553 1150 3911  873 2475 2891  363 2402 3346  874 2416 2858  1033 3251 3252  315 3358 3896  280 2391 3663  876 2978 2979  615 2272 3763  1262 2874 3763  878 2004 3171  801 1669 2004  1905 2230 3793  879 3113 3354  48 1621 3006  880 2529 2950  1278 2515 3531  881 1640 3312  392 2427 3216  2199 3471 3472  883 2761 3390  93 2454 2897  1523 2022 2968  885 2022 3344  1205 2050 3031  1205 3859 3961  400 1299 1451  886 1897 3143  887 1761 3159  803 1422 1761  730 1568 3246  633 1494 2829  889 1586 3247  83 1313 1496  890 3274 3275  252 2447 2848  463 1282 3106  108 2842 3414  892 3004 3415  777 1191 1456  777 1456 2825  894 2049 2749  895 1893 3174  895 1649 3431  1552 2748 3821  896 2362 3822  897 3068 3436  605 2208 2290  431 1397 3065  431 1290 2384  899 1808 3422  946 2987 3258  900 3257 3316  946 3258 3316  901 2987 3550  259 2987 3258  902 2102 2804  1738 3361 3609  569 2143 2171  569 1207 2143  904 1578 3891  904 1578 3449  254 2362 3822  905 3363 3385  759 1497 1646  906 2787 3014  1121 1300 2463  907 2463 3213  1699 2032 3956  1888 2360 3614  909 1535 1933  909 3216 3217  936 1467 3588  910 1798 2977  912 1989 3299  912 3061 3198  961 1582 3637  623 1582 3700  528 1757 2276  1182 2012 2057  2081 2917 3563  1513 2081 2917  2123 3099 3815  140 1700 2123  916 1625 3094  1625 2056 3094  541 1794 3604  917 1720 3265  918 2552 3442  428 1436 1828  1479 1832 2634  919 1479 2943  920 2519 3372  1554 3162 3321  313 2271 2332  89 3245 3461  326 1192 1816  922 2089 3085  358 2242 3527  923 1597 3529  277 1840 3208  277 2036 3323  548 2005 2565  548 2036 2565  103 2983 3329  491 1293 1670  1254 1271 2381  927 2077 3539  928 3401 3402  1373 3401 3402  1947 3399 3555  929 1947 3555  7 2048 3250  930 2048 3250  376 1330 1447  931 1330 2871  432 2494 3572  432 1307 2494  933 2519 3372  242 2486 2519  1732 3041 3875  703 2692 3945  408 1406 2257  935 3203 3433  1467 2554 3588  936 1467 2977  63 2187 2235  937 2187 2188  119 1246 1247  938 1731 3371  574 1189 2211  2965 2999 3696  425 1555 1983  43 1695 3578  520 1952 2165  941 1871 3554  97 2579 3488  942 3518 3960  274 2510 3541  944 1855 3733  617 1225 1486  944 3502 3733  602 1753 2299  602 2237 2299  946 2987 3550  946 3316 3613  782 2324 2958  222 1830 2324  617 1557 3353  948 1557 3622  426 1315 1878  949 1519 3647  1871 3554 3645  950 1871 3645  1764 3370 3653  1141 1764 2080  777 1191 3430  952 1114 3584  121 2701 3595  953 2479 3594  953 1697 2479  1069 2498 2535  89 1756 3140  313 2191 3139  438 3718 4013  438 2608 3161  1620 3166 3381  1620 1841 3166  958 1971 3009  597 2325 2335  545 1387 1850  451 1387 1850  960 1739 3339  960 1739 3709  335 1215 2878  1694 3053 3820  862 2589 3317  962 2393 3147  448 1668 2361  265 3061 3965  1159 2113 2788  1604 2011 3326  965 1604 3325  342 1230 2766  966 3642 3643  447 1728 3809  44 1637 2549  810 1520 3071  810 1520 2429  608 1407 2603  969 3062 3465  235 3071 3724  1520 3723 3724  754 2238 3108  971 3745 3747  458 1700 1852  972 2246 3771  1478 3203 3692  935 3203 3434  974 1510 1511  974 1511 3691  137 3109 3334  1082 2044 3109  976 2529 3036  880 2488 2529  473 2354 3774  1173 2938 3589  101 1332 2037  978 3546 3667  546 2034 3163  82 1138 2093  585 2195 3492  980 2502 3476  528 1757 2989  981 3607 3608  418 1551 3755  69 1739 2930  371 2289 3630  983 1864 3631  984 1837 3699  213 1661 2086  985 1336 3576  985 3075 3574  986 1265 2075  276 2075 3993  987 1891 3869  987 1854 3806  988 3683 3685  988 1427 1480  405 3543 3833  989 1848 3743  389 1530 2951  990 1116 3805  1233 2767 3224  991 2767 3224  713 1195 3787  540 1819 3668  465 3817 3969  993 1201 3107  994 1695 2790  278 2588 2790  1093 3254 3620  1093 2259 3720  554 1524 3005  996 2427 3471  1647 3245 3461  997 1647 3461  1116 1777 2821  284 2051 2182  999 2478 3162  360 2982 3796  1000 1282 3797  500 1872 3713  455 1167 1679  482 3904 3905  1225 1486 1762  150 1196 1624  520 1413 2165  1004 1853 1902  1004 1993 3991  1084 2067 3124  1084 3124 3181  538 1226 2023  1006 1226 3621  1143 2274 3568  373 2274 3561  1008 2822 3863  25 2724 2737  670 1543 2159  1009 2160 3666  102 1403 3603  353 2469 3076  1310 2245 3948  1318 2397 3500  1012 3878 3924  947 1707 1831  1013 3808 3810  1539 1752 2726  301 2538 3936  1401 3501 3880  1288 3365 3665  1052 3365 3366  481 2079 3721  1016 2485 3904  406 1484 3063  1265 1628 3600  257 1875 3152  566 2177 2392  625 2373 2375  88 2373 3688  581 1658 2213  1020 2212 2835  1658 3448 3801  581 2212 3824  466 1345 2132  839 2390 2391  464 1621 1862  1023 1621 1862  522 1797 1969  1024 1970 2438  58 1724 2638  310 1139 2611  1026 2610 3163  596 2068 3090  287 1904 3802  596 1245 1904  1028 1904 3444  1085 2523 4003  161 2490 3739  449 1461 1833  1461 1833 2942  524 1942 1943  292 1944 3953  1559 3251 3942  156 1161 1437  49 2047 3092  1034 1119 2418  1034 3187 3432  524 1133 1584  156 1885 1979  487 1667 2166  1036 2454 3959  504 1163 2295  1450 3377 3522  1038 1450 2553  1038 2287 3022  300 2027 2826  9 1929 3972  1272 1949 3443  506 1933 3784  1040 2023 3987  1041 1549 1550  286 1973 2606  1042 1868 2831  1042 3530 3531  1733 3003 3628  1046 2412 3762  616 2327 2328  207 2273 2326  567 1468 1981  310 3023 3149  522 1926 1970  1046 1733 3628  1047 2218 2933  1047 3826 3827  394 1391 1614  298 1867 3542  1049 2917 3563  1049 1391 1758  836 2867 3427  82 2800 3736  1051 2368 3998  484 1210 1606  1052 3365 3665  1288 3365 3856  809 2078 3057  1053 1839 3726  1054 2038 3178  1054 1498 3886  2039 2809 3925  1055 1541 3935  1056 4017 4018  1064 2337 3865  585 1653 1896  1057 3892 4011  1982 3543 3833  1058 1982 3834  783 1059 1508  1059 1851 2826  1060 1824 3957  272 1811 3310  1061 2492 3849  1198 1980 2492  182 2792 3478  442 1683 3916  1373 2604 3402  928 2105 3548  455 1709 3644  134 1679 1835  516 2881 3001  184 1065 1927  233 2966 3132  1066 1870 2816  1275 3315 3740  1180 1291 1883  729 1537 2045  1537 2045 3469  729 1537 2535  1537 3469 3977  1263 2772 3732  1263 3732 3974  116 1274 2285  116 1274 2366  1234 2373 3688  1234 3290 3841  1774 2319 3397  141 1074 1774  766 2262 2893  1197 2262 2892  1075 1732 3875  268 1115 1184  814 2046 2995  297 3381 3995  1076 2046 2995  77 1669 2518  589 2109 2142  208 1433 1946  2006 2007 3791  1079 2006 3790  979 3734 3735  1080 3734 3735  80 2964 3521  515 1494 1875  1814 3128 3876  398 1082 1814  1083 2024 2974  339 1083 2024  1401 1477 2538  419 1401 1477  443 2523 4003  439 2587 2894  339 1083 3170  339 1086 1961  1149 1711 2151  220 1701 2152  1088 3146 3517  1088 3206 3988  1511 2775 3382  417 3382 3387  476 2465 3986  1090 2688 3985  1091 2602 3973  113 1915 2602  610 1141 2080  1092 1441 3662  1093 2588 3577  278 2259 2588  309 2276 3798  1094 2101 3708  1095 2582 3188  386 2488 2529  180 1957 3872  358 1096 1713  92 2054 4002  568 1656 2354  475 1576 3623  539 1821 2629  556 2156 3373  31 1099 2073  811 3066 3067  811 1588 2883  1101 1564 1565  318 1101 1565  133 2830 3367  1103 2813 3359  1103 3367 3475  314 1584 3432  1174 2019 3093  315 2019 3536  198 1143 3634  1105 3561 3568  762 2183 2861  762 1185 2183  1221 3458 3946  496 1866 1867  822 1710 2896  822 2896 2986  463 1109 1260  360 1109 3838  126 2122 2643  678 1110 2122  1111 3012 4001  305 1753 2623  436 1112 1962  1112 2432 3364  629 1131 1148  1131 1148 2473  798 1704 2967  1114 1364 3338  268 3041 3875  268 1184 2135  990 2124 3805  389 2951 3804  1117 2186 2472  800 2169 3362  1294 2318 3177  875 2019 3093  875 1119 1678  1120 2141 3862  320 2124 3682  1121 3213 3682  622 2442 2444  1122 2124 2889  357 1291 2578  1123 2587 2894  1124 2208 2290  1251 2289 3436  321 1779 2810  1102 1616 2811  794 1791 1812  323 1812 3015  1010 1532 3130  1127 3322 4009  686 2315 2690  393 1128 2315  460 1129 1692  128 1448 1965  2405 3592 3693  1302 2405 3592  1131 2269 2270  312 1131 2269  1132 2294 3489  75 1132 2294  1224 1972 3689  1224 3475 3689  939 2999 3696  1135 3975 3976  150 1196 3069  1196 1770 2350  449 1673 3525  125 1461 3775  911 1548 1735  911 3061 3198  310 1138 3761  310 1139 2034  1139 2034 2610  700 1139 2698  1140 1887 4015  1141 2291 3266  610 1141 3378  777 2752 3430  221 2055 3277  390 1143 2263  1144 2627 2628  302 2543 2628  728 1357 1514  728 1725 2216  701 1930 2229  303 1146 1930  1147 3062 3465  114 1147 3062  832 1968 2923  676 1711 2151  1150 2904 3958  272 1811 2904  1780 2433 3189  308 1151 2818  308 1152 1934  151 1152 1924  47 1153 1420  47 1591 2807  1825 2963 3758  68 1154 1825  504 1498 3886  303 2761 3390  475 1727 3931  338 2846 3828  727 1787 2792  1613 3546 3667  1158 2216 3116  1158 1725 2216  1159 2137 3656  169 1945 2113  495 1160 1995  250 1160 1995  1161 1559 3204  1033 1559 2924  504 1163 2454  1163 2454 2897  395 1411 2887  72 1409 3212  1412 2852 3870  383 1164 1411  856 1222 2464  1222 2464 3980  455 1167 2353  218 1167 2353  1168 2382 3694  441 1168 2382  163 1169 2100  564 1170 2441  1170 2144 2145  307 1170 2145  1171 2330 2331  1171 1974 2512  663 2126 3860  1172 2049 3193  646 2539 2956  1173 2452 3589  790 1509 2922  388 2554 3588  305 1175 2094  1175 1806 2094  1176 2566 3154  1177 2566 3087  239 1723 2544  239 1177 1432  1178 1454 2425  154 1178 1454  611 1490 2428  1179 2371 3425  357 1291 3738  97 1180 1291  551 2490 2984  1275 3739 3740  528 1182 2012  528 1182 2276  642 2224 2225  642 1812 2153  559 1184 1979  1184 1885 1979  525 1993 3991  317 1382 2944  786 2878 2879  337 1229 4021  742 2599 2600  338 2599 3828  1156 2975 3424  96 2975 3424  416 1246 1507  1246 1507 3429  921 3139 3141  163 1190 1426  871 2090 2091  326 1816 2089  2054 2356 3369  326 1191 3368  955 3139 3140  955 3140 3142  646 1784 2956  537 1455 1888  680 1663 1901  361 1734 3371  1196 1624 3049  577 1804 3549  293 1839 2128  806 2051 3582  332 1198 1751  181 3225 3884  1199 1230 3011  344 1200 1327  29 1327 1880  993 1701 3107  2240 3817 3969  1654 3658 3717  1203 1623 3021  173 1203 1623  161 1204 1415  439 1204 1415  570 1205 3859  570 1311 1751  175 1206 1988  175 1906 2173  1376 2179 2857  519 1207 2334  1330 1447 2871  1208 2342 2725  152 1209 2335  527 1600 2005  444 1210 2255  145 1210 2255  1211 3703 3814  1211 3702 3703  992 1819 3668  540 1212 1745  745 1213 2743  328 1250 2744  335 1214 3636  961 2439 3820  1215 2878 2879  153 1215 2879  864 1959 2724  335 1694 1959  789 2727 2900  336 1218 2899  121 1219 2343  593 1677 2251  116 2366 3264  81 2327 3494  1221 2327 2328  1222 1894 1907  855 1164 1907  857 1223 1992  428 1223 1828  1133 1972 3689  1224 1972 2830  482 1225 2485  617 1225 2824  674 1226 2349  538 1742 2236  1227 2727 3803  1228 2727 2900  1228 2471 4021  787 1229 2471  1229 1849 1964  511 1186 1964  966 1740 2766  181 1580 1740  1231 3451 3891  519 2179 2857  250 1160 1789  1396 1859 3008  1233 2767 3077  290 1702 3077  88 2081 3563  625 1234 2373  606 1235 2239  1235 2239 2846  168 1424 2059  168 1236 2193  175 1699 2571  175 1287 1906  595 1239 2332  35 1171 2330  358 1337 1713  1713 3962 3979  652 2545 2765  105 1241 2546  399 1469 2598  747 1471 2017  215 1395 2802  215 1475 1497  1245 2348 3800  1245 1904 3444  1247 3254 3620  1246 1247 3352  119 2302 3337  1247 3336 3620  1248 2913 2919  225 1228 2913  787 1249 2911  328 1248 2912  523 1914 2129  328 1250 2129  1251 2459 3068  1251 2380 2459  21 2167 2168  534 1253 2047  1253 2047 3092  404 1254 2077  1360 2077 3539  656 2559 2560  349 2413 2559  738 1744 2998  211 1343 2729  1061 1750 3276  1257 1750 3276  905 1258 1571  722 1473 2768  480 1259 1788  247 1259 1788  382 1378 1998  1260 2085 3333  623 1693 2909  147 1187 1328  35 1262 2272  877 1444 2865  1263 1991 3394  1263 2771 2772  1045 2611 3845  1045 2611 3023  1017 3080 3601  406 1265 1628  266 1266 1651  517 1266 1651  513 1267 2512  307 1267 2512  574 2211 3440  187 1268 2210  413 1504 2537  413 1269 2537  1270 3123 3400  420 3064 3400  574 2209 2210  512 1272 1949  5 3509 3778  714 2263 2477  1105 1274 2366  390 1105 1274  1067 1275 3315  551 1067 1275  341 1276 2370  23 1276 1418  1277 1460 3960  341 1277 3519  1278 3530 3531  122 2515 3531  362 1279 2483  1280 2409 3153  362 1281 2206  362 1538 2206  362 1280 1538  557 1538 2206  1282 2447 3263  1282 2447 3797  575 1283 3060  575 2227 2798  776 2329 2940  342 2939 3773  655 1285 2470  1403 3076 3766  347 2509 2594  796 1286 2000  1238 1906 3591  1287 1906 3591  645 2217 3579  1288 2517 3665  550 1289 3278  128 1289 3278  422 1232 1290  250 1232 1290  1291 2578 2579  97 1291 2579  1021 3446 3447  281 2213 3446  799 2827 3954  346 1512 2828  192 1294 2665  723 1443 2522  349 1295 1877  656 1296 2559  34 1682 2561  1297 2503 2506  638 1547 2855  271 1298 2570  1112 2432 2570  685 1574 2172  202 1300 2463  1301 3467 3468  79 2139 3468  356 1302 1506  441 1302 1506  636 2419 2482  345 1304 2481  636 1903 2481  57 1903 3231  618 2403 2404  618 1493 2837  661 2422 2574  641 1306 3777  1307 2978 2979  26 1307 2978  1308 3949 3950  1200 1327 1880  1309 2581 2595  505 3948 3949  790 1467 2554  1310 1898 3947  1311 1751 3052  1198 1751 3052  374 1312 1786  691 1388 1786  433 1496 2747  374 1313 2747  1314 1957 2901  1313 1957 2901  20 1315 3649  1315 1878 3649  592 2280 2376  356 1587 3547  983 3627 3630  983 1317 1864  505 1318 3104  1318 3104 3499  1000 1598 3796  206 2498 2535  186 1320 2181  559 1320 2181  718 3271 3744  67 1321 2622  485 1836 2148  145 1322 2148  614 1405 2401  174 1405 2400  915 1442 1923  218 1834 2770  174 1323 1873  174 1873 2898  42 1273 2564  42 1326 2564  805 1431 3873  29 1463 3024  1187 1328 3207  606 3207 3230  379 1323 2347  379 1329 2347  689 2121 2642  376 1330 2121  355 2281 3236  355 2281 3596  821 2960 3135  821 1690 2960  679 1408 2636  351 1335 2635  694 2140 2141  659 1336 2168  575 1370 2228  358 1337 2227  661 2573 2574  1339 2572 2617  661 1339 2572  106 1368 2573  354 1338 2505  354 1340 2505  235 1341 3071  1520 3071 3724  535 3560 3917  536 1975 2133  211 1343 2133  866 2497 3329  454 1344 2497  1022 1722 2132  466 1722 2132  741 1635 2618  920 2249 3725  573 1347 2556  652 2146 2546  180 1348 2545  359 1349 2660  651 2547 2550  61 2547 2654  743 1351 2803  171 2789 2804  743 2102 2804  372 1351 2803  747 2017 2785  372 1352 1569  381 3459 3883  837 2406 2408  702 1355 2686  87 2796 3202  1356 2259 3720  367 3843 3844  753 1358 2087  721 2756 2757  367 1358 2756  347 1359 3309  1359 2973 3405  779 2735 2805  269 2383 2735  1361 3095 3097  236 1361 3097  389 1362 2612  389 1116 1777  696 1363 2639  825 2496 3155  825 3156 3506  1365 2801 3379  246 1365 2801  365 1306 2882  36 1366 1572  185 1367 2254  634 1846 2254  1368 2573 2574  365 1368 2574  600 1542 3782  1369 3567 3612  575 1370 2798  1337 2227 2798  903 1648 3048  612 1719 2357  1493 1771 3479  1372 1771 3479  586 2015 2234  736 1373 2605  1457 2465 3986  842 1374 2063  772 1355 2415  376 1447 2342  940 1983 3780  43 1983 3780  733 2294 3489  370 1377 2476  812 2516 3083  382 1379 2516  812 1379 2516  34 1379 3082  217 2530 2531  370 2631 3050  680 1381 2626  664 1381 2656  317 1382 1577  317 1106 1577  526 1935 2774  414 1400 2305  816 1393 3119  224 1384 3118  690 2437 2593  1385 2437 3764  1385 2344 3764  1386 2344 3764  1434 3004 3415  651 1388 3930  374 1786 3930  688 1389 2988  376 1389 2988  1391 1614 3101  1614 2760 3654  170 1144 1392  1144 1392 2205  1354 1394 2453  241 1354 1394  1395 3459 3883  758 2406 2408  452 1397 2524  59 1918 2524  452 1397 3066  1397 3065 3066  1398 3206 3988  135 2467 3206  866 3328 3632  414 1383 3199  526 2305 3616  37 1612 1936  1122 2442 2444  419 1401 2443  363 1307 1573  1436 1828 3868  1285 3076 3766  1285 2469 3076  514 2150 2759  170 2627 3286  174 1405 1919  614 1405 2400  867 1406 3219  408 1407 3220  867 3218 3220  114 1482 3218  652 1408 2765  359 1408 2765  395 1409 2887  1164 1411 2887  761 1412 2852  1410 2850 3257  1411 3240 3870  1412 3240 3870  125 2445 3510  1412 2445 3510  517 1540 2633  517 1413 1881  673 1414 2631  223 2630 2764  1085 1415 2523  439 1449 3922  619 1733 3003  619 2457 3129  697 2137 2823  770 1869 2370  409 1418 2562  770 1869 2092  1869 2092 3926  403 1420 1421  403 2806 3159  1153 1420 1421  308 1153 1421  238 1422 2820  1422 2819 2820  1423 2060 2061  115 1423 2061  410 1423 2060  410 1424 2060  410 1424 2592  722 1425 3890  163 1426 2482  1426 2419 2482  906 1265 2075  407 1482 2787  645 1699 2032  45 1428 2217  1429 2204 2732  144 1429 2732  1430 2063 3686  143 2937 3686  344 2947 3873  803 1684 2947  833 1432 1861  839 1432 1861  748 1352 2842  208 1433 2843  293 1073 1592  1073 1592 3586  1436 2552 3442  237 1436 2552  2640 3356 3854  1035 3356 3357  815 1527 2298  603 1438 2890  743 1439 3164  108 2952 3164  352 1241 2146  1440 2545 3996  142 1763 3232  142 1441 2399  817 2770 3114  817 1834 2770  1443 1877 2962  155 1443 2962  1444 3027 4012  877 1444 3716  378 1778 3917  378 1445 1778  1208 1447 2342  270 1208 1447  460 1691 1965  412 1083 2974  50 1449 3923  1449 3922 3923  1037 2814 3522  2000 2260 3377  400 1451 1768  400 1452 1768  613 1768 2231  613 1558 1566  745 1453 2745  99 2743 2918  968 2856 3893  154 1454 3893  179 1888 2360  1455 1888 3614  893 3277 3368  893 2055 3277  62 1457 2723  1154 1742 2316  1742 2316 3840  173 1459 2268  173 1203 2268  872 1823 3751  125 1136 1461  449 1136 1461  1462 2403 2404  668 1462 3474  396 1463 3025  396 1522 3025  851 3145 3150  166 1464 3145  568 1097 1465  1097 2054 4002  994 1695 3578  415 3336 3620  1467 1898 3121  149 1467 3121  1468 1981 3707  1242 1719 2598  1469 1719 2598  311 1078 1470  399 1471 2738  1078 1471 2738  208 1078 1471  212 2730 3298  572 2782 3386  858 3306 3307  30 1473 3079  1474 1821 2629  288 1474 1821  759 1497 2480  215 1497 2480  196 2351 2793  1312 1786 3319  596 1245 2068  1084 1477 3090  454 1344 2569  454 1478 2569  95 1479 2431  1259 2065 2431  865 3268 3269  37 1480 3270  1481 3268 3269  407 1481 3269  1147 1482 2787  114 1147 1482  175 1483 1988  560 1483 1988  1628 3080 3601  1628 3600 3601  132 3347 3823  132 1485 2265  944 1486 2346  944 1855 2510  625 1487 2374  1144 2543 2628  115 1488 3260  1552 3260 3410  908 1553 3411  411 3579 3881  600 1490 2338  600 1490 3128  1491 3607 3608  267 2853 3608  530 1475 1775  453 1492 2002  564 1493 3393  345 2837 3393  515 1494 2964  80 1494 2964  107 1329 3038  107 1495 3038  889 3002 3248  433 1586 3247  91 1646 2446  759 1646 2446  303 1155 2295  1155 2295 2875  130 1728 1990  467 1499 1990  563 2082 2084  244 2290 2957  678 1528 2555  220 2152 3934  607 2268 2621  1502 1847 3690  44 1503 3812  539 1503 3812  970 1504 1899  413 1520 3723  66 1505 4015  66 2296 4015  1168 1506 2317  441 1168 1506  1360 3533 3997  1507 3533 3997  1037 2814 2815  1037 2815 3089  387 1898 3947  387 1509 2575  591 2116 2312  417 1510 2310  799 1512 3382  289 1511 2775  1118 1512 3387  346 2318 3593  267 1513 2734  496 1513 2734  1145 1514 3843  70 1517 3842  273 2409 3153  843 1984 3383  1464 1516 2609  166 1464 1516  1145 3585 3842  1145 3167 3585  1518 3000 3081  812 1518 3081  1550 3331 3332  868 1519 1675  413 1520 3348  1520 2429 3348  31 1521 3342  862 2589 3754  238 2948 3026  804 2433 3215  488 1099 1523  31 1099 1523  554 1524 2178  1007 2117 2178  603 1525 2890  603 2298 3192  1077 2046 3847  430 2815 3846  226 2159 2847  226 2161 3508  531 1528 1931  223 1528 1931  471 1529 2935  873 1811 3310  1150 1811 2904  849 1647 3245  241 1531 3244  795 2786 3007  1532 3130 4010  1533 2577 2915  1025 1797 2577  485 1534 1754  32 1534 1754  910 1798 3481  506 1932 3480  1232 1536 2169  422 1232 1536  1069 2535 3977  1537 2535 3977  845 1538 2409  1517 2035 3639  446 1752 3810  446 1539 1752  83 1540 3034  1266 1879 3034  815 2180 2238  226 1541 2905  1542 2416 2858  237 1542 2416  622 2608 3391  622 1544 2608  631 1545 1546  631 1546 3168  594 1985 3209  1985 3227 3794  1297 2617 2855  638 2617 2855  33 1548 2779  1548 1668 2779  775 2876 3597  286 1868 2462  868 3331 3332  426 1550 3331  896 1551 3822  982 2185 3413  896 1551 3821  115 1552 2748  908 3260 3410  179 1553 3411  380 1343 1975  933 3321 3573  425 1555 3304  1578 3304 3891  591 2310 2311  207 2273 3640  617 1486 2346  515 1081 2964  561 1081 1558  391 1161 1559  1032 1559 3204  68 1560 3217  627 1825 2963  648 2321 3294  432 1307 1573  452 1562 2524  1562 1918 2524  753 1358 2840  462 1563 2841  819 2123 3099  452 1562 3098  811 3065 3066  318 1565 3067  561 1384 1566  224 1384 1566  929 3507 3556  552 1915 3888  1568 3064 3246  1568 1717 3064  372 1569 2834  747 1569 2834  421 1570 3307  1570 3306 3307  421 1570 2201  421 1571 2201  641 1572 3617  36 1572 3617  648 1573 3294  1561 2321 3294  138 1574 3274  1574 2172 3274  33 1870 2902  738 1668 2779  870 3072 3074  288 1576 3072  475 1576 3074  475 1577 2740  860 3302 3304  1578 3302 3449  809 2078 3059  1721 3058 3241  620 1580 3642  1580 1740 3642  2 2119 2336  1 2 1581  265 2440 3965  912 3061 3965  762 2861 2862  96 2945 3424  524 1584 1944  524 1943 3952  576 1500 1585  244 1500 1585  1476 2793 3223  433 1586 2906  592 1587 2376  1316 2280 2376  898 2384 3669  129 1815 3300  486 1377 1589  370 1377 1589  635 1590 2458  371 2289 2380  918 1591 2807  428 1436 3442  427 1435 3586  427 1592 3586  209 1284 2329  209 1593 2329  0 1183 1594  0 4 1594  653 1617 3285  209 1617 3285  252 1596 2888  450 1596 2888  575 1597 3060  1597 3060 3529  1598 3229 4005  79 2264 4005  683 1599 1600  64 2704 3882  2006 2219 2520  548 1600 2005  1039 1601 3513  8 9 2969  178 1269 1602  1269 1602 2838  323 1603 3015  323 1183 1785  1604 3308 3325  290 2767 3077  222 1830 3239  717 1605 1807  484 1606 3421  1606 2368 3421  227 1607 2058  1129 1692 2058  932 2494 3526  932 2494 3572  1050 3420 3421  82 1609 3420  182 2792 3914  1986 2386 3794  1611 2402 3346  1611 3346 3347  737 1612 1936  737 2540 3301  978 1506 2317  101 1613 3546  720 1614 2760  394 1392 2758  742 1615 2599  742 1156 1615  1102 1616 3358  321 1616 2811  657 1912 1913  653 1912 1913  592 1618 2281  168 1316 2280  1435 3271 3744  718 1619 3271  501 1842 3030  501 1620 1737  1621 3006 3007  464 1621 3007  86 1722 2521  655 1285 2469  554 1623 3005  173 1623 3005  1003 2001 2750  1624 2001 2750  916 1625 2624  582 2055 2866  781 1657 2542  1626 1657 2542  1333 3135 3151  355 1627 3236  1484 1628 3080  406 1484 1628  1629 3055 3056  256 1629 3055  104 2176 3045  104 1630 2292  445 1629 3056  1805 1806 2620  191 1631 1632  445 2175 2961  963 1860 3728  130 1633 3729  448 1633 3033  448 1634 3033  740 2728 3523  71 1665 1966  967 1637 3487  967 2088 3583  967 3386 3486  447 1637 3487  740 2728 2730  446 1635 2728  127 1639 2312  1639 2116 2312  219 1719 2357  434 1640 3312  987 3727 3807  434 1854 3727  846 2848 2888  205 2560 2885  501 1643 1841  501 1620 1841  730 1644 3225  368 3467 3537  571 2333 3205  571 2333 3697  1017 2079 3721  91 3600 3601  381 1394 1647  849 1394 1647  757 1648 2870  757 1648 2934  895 2985 3799  435 1649 3431  884 1743 1962  435 1365 3379  517 1413 2282  517 1651 2282  619 1652 2457  619 1652 3003  172 1712 1896  584 1712 1896  492 1654 3574  1654 3075 3574  473 1656 2354  69 1739 3709  977 3210 3768  264 1953 3210  279 1657 2256  604 1657 2256  1021 1658 3446  1658 2213 3446  684 2557 2844  684 1645 2844  1070 3732 3974  440 1091 3973  752 1661 2097  213 1664 3756  863 1666 2293  214 1662 1666  213 2086 3698  213 1663 1901  752 1664 1665  490 1664 1665  490 1666 2202  490 1966 2202  490 1665 1966  740 1966 2202  487 1437 1667  654 1437 1667  739 1744 2361  1668 1744 2361  814 2518 3781  483 1669 3781  277 3208 3380  926 3138 3920  744 1826 2776  333 2103 3165  456 3464 3553  1578 3302 3304  1136 2247 3772  216 1804 2247  1494 1875 3152  257 1674 3152  456 1675 3404  950 1871 3404  860 1676 3464  456 3330 3464  253 2525 3481  593 1677 2253  1103 1678 2742  315 3358 3359  455 1679 3644  1709 4017 4018  928 3512 3548  296 1958 4018  347 2594 3558  1359 2972 2973  1379 1682 2085  34 1379 1682  442 1683 3580  727 1683 3580  760 2434 2435  760 2127 2781  836 1685 2800  295 2105 2868  134 1686 3971  134 1679 3971  32 3122 3932  1001 1687 2511  821 3136 3137  30 1688 3136  1563 1689 3103  462 1563 1689  753 1563 2841  210 2832 2941  412 1448 1691  1448 1691 1965  762 2862 2863  460 1691 3551  461 1086 1693  147 2600 3785  461 2439 3820  1694 1959 3053  1376 1695 2179  731 1695 2179  1696 2466 2937  749 1430 2937  206 1319 2456  206 1697 2456  636 1698 1903  423 1426 2419  411 2032 3956  666 1699 3956  915 1700 3409  915 1700 2123  676 2152 2597  677 2278 2597  290 3308 3325  290 1702 2881  817 2474 3115  458 3114 3409  788 1704 2918  397 1858 2155  855 1907 3289  457 1705 3287  782 2112 2367  457 1706 2958  1012 2243 3877  457 1707 3878  1038 2352 2553  635 2380 2459  1056 4016 4018  455 1709 4017  619 1710 3129  148 1710 3129  676 1711 1950  55 1711 1950  584 2269 2270  584 1653 1896  1096 1713 3962  352 3962 3979  658 1259 2065  859 1714 2558  748 1715 3455  393 1715 3455  1316 3078 3908  51 1716 3907  633 1580 1717  1270 2829 3123  602 1718 3010  268 1718 3010  881 1640 2357  219 1640 2357  658 2066 3190  659 1720 3190  809 1721 3058  1773 3158 3992  466 2522 3032  466 1722 2522  840 1443 3032  239 1177 3087  632 1724 3887  1724 2638 3887  728 1725 2455  1725 2394 2455  50 1726 2955  965 1604 3326  475 1727 3623  750 1727 3623  1013 3808 3809  130 2726 3808  638 1729 3296  106 1729 3296  605 1730 2208  184 1730 2208  1731 1734 3371  489 1731 1734  934 1732 2926  619 1733 2860  324 1733 2860  1624 1734 3049  489 1624 1734  1137 1870 3256  336 1218 3570  1736 1775 3291  146 1736 1775  297 1526 1737  783 1526 1737  278 2790 2791  902 3361 3609  982 2930 3861  69 2930 3861  181 1230 1740  1230 1740 2766  530 1475 1741  215 1475 1741  674 2236 3191  185 2236 3191  884 2801 3379  436 1743 1962  1256 2780 2998  738 2780 2998  992 1745 3417  209 1746 3895  598 1746 3895  502 1747 2413  34 1296 1747  639 1092 2071  57 1748 2504  848 3233 3234  241 1749 3233  746 1884 3398  334 1884 3398  570 1751 3859  332 1751 3859  1752 2726 3808  1752 3808 3810  1753 3012 4001  479 1753 3012  734 1754 1755  32 1754 1755  32 1687 2511  32 1755 2511  849 1756 3282  423 1756 3282  981 2306 2989  164 2306 2989  1019 2543 3452  88 2373 3453  257 1875 3438  257 1759 2484  282 3482 3734  282 1760 3134  887 1761 3334  887 2044 3334  482 3836 3905  482 1225 1762  951 1844 3646  142 1764 3653  951 3370 3653  468 1764 3370  950 1765 3648  468 1766 3652  950 1766 3652  78 3554 3645  949 1878 3649  469 3646 3650  1451 1768 2030  613 1768 2030  1029 3680 3681  161 1769 3680  231 1770 3975  1540 2633 3002  90 1170 1771  564 1170 1771  587 1446 2358  1446 2358 2884  111 1773 3992  577 1773 3158  1074 1774 3397  427 2319 3397  530 1775 3253  1492 2002 3253  655 1776 3126  86 1776 3126  389 1777 2612  687 1777 2612  2172 3274 3275  890 1863 3560  1125 1978 2810  1978 2810 4020  90 1780 3176  804 1780 3176  4 1781 3535  3 4 1781  813 2996 3051  144 1782 3051  483 1782 2996  483 1783 2996  646 1784 3196  69 1784 3196  429 1183 1785  751 1785 1792  691 1786 2719  1157 2394 2777  350 2394 2777  247 1788 1801  247 1336 3576  250 1789 3120  800 1789 3120  808 1790 2377  330 1790 2976  1126 1791 3396  794 1972 2830  429 1593 1792  653 1593 1792  680 1662 1793  214 1662 1793  131 1244 1794  541 1244 1794  791 1820 3635  541 1795 2753  791 2753 3635  204 2436 3186  964 1797 2915  522 1926 3454  1798 2525 3481  1677 2253 2525  566 1759 2484  479 1799 2177  566 2176 2177  566 1759 2392  1088 1788 1801  492 1398 3988  454 1802 3562  866 1960 3329  1216 1803 3013  1830 3239 3255  474 1136 2247  474 1804 2247  681 1805 1806  681 1175 1806  601 1632 2620  601 1806 2620  782 2112 3615  494 1807 2112  899 1590 3305  494 1808 3422  494 1807 3200  494 1809 3200  1810 2985 3799  76 1810 2985  1530 2951 3310  873 2951 3310  323 1183 2153  323 1812 2153  77 1813 3405  765 1813 3405  600 1814 3782  398 1814 3782  495 1815 3439  1815 3300 3439  922 1816 2089  495 1816 3483  833 1861 3618  449 1833 3839  675 2031 2500  162 1818 2031  675 2293 3201  540 1819 2500  539 1503 2782  539 1908 2782  44 1098 3812  1098 1821 3871  498 1460 1822  459 1822 2424  1060 2904 3958  498 1824 3957  942 1917 3488  498 1460 3518  627 1560 1825  68 1560 1825  744 3165 3349  744 1826 1827  746 1884 2095  726 1884 2095  141 1561 2321  141 1223 1828  489 1731 3313  940 2001 3566  510 1803 3255  510 1830 3255  335 1215 3013  153 1215 1831  1028 1904 3802  480 1788 3517  833 1833 3839  316 2033 3154  486 1167 1834  218 1167 1834  1589 1835 2355  134 1835 2355  734 2495 3983  1836 2495 3983  14 1172 1837  663 1172 1837  775 1838 2462  248 2042 2876  293 1839 3719  577 1839 3719  1840 3138 3920  926 1670 3920  1643 1841 2954  155 1841 2954  783 2769 3030  85 1851 2769  228 1843 3195  228 1843 3088  949 1844 3650  261 1519 3647  352 1241 1845  493 1241 1845  493 1458 1846  185 1742 3840  493 1241 1847  105 1241 1847  989 1848 3018  240 1848 3743  989 1982 3543  989 1982 3018  39 2157 3295  542 1987 3456  85 1851 3084  971 2244 3746  458 1852 3747  551 1067 1853  41 3124 3125  987 1854 3727  276 1854 3806  1221 2327 3494  943 1855 3160  1002 1856 3836  1002 1856 2069  774 1716 1857  51 1716 1857  397 1858 3894  788 1858 3894  59 2524 3520  769 2218 2933  963 1990 3730  265 1860 3728  26 1861 3618  839 2391 3663  281 1292 1862  1023 2323 3912  816 3117 3118  535 1863 3117  516 1864 2275  110 1864 2275  236 1865 3760  830 1865 3760  496 1866 3927  291 1866 3927  496 1867 3901  1867 3542 3901  1838 1868 2462  847 1838 1868  341 1869 2370  662 2578 2579  1066 1870 3737  1870 2902 3737  456 1871 3404  941 3552 3553  402 1324 1872  1324 1872 3713  500 1872 2898  500 1873 2898  853 3043 3044  256 1629 3043  515 1875 3867  1875 3438 3867  708 2644 3759  708 1876 2949  723 1622 2596  723 1877 2596  868 1519 3331  949 1519 1878  923 1879 3528  923 3527 3528  1308 1880 3403  1200 1880 3403  150 1881 3069  773 1881 3069  521 1882 3851  819 1882 3851  340 1180 1883  1181 3739 3740  1750 1884 3850  726 1827 2095  1032 1940 3943  156 1161 3941  1031 3611 3952  1940 3940 3943  319 1300 1887  699 1300 1887  537 1194 1888  179 1194 1888  847 1868 2831  847 1890 3752  248 1890 3814  1211 2248 3814  986 3702 3703  986 2075 3993  508 1892 2018  249 1892 2018  245 1893 1939  937 1939 2188  1894 1907 3289  240 1894 3289  1599 1600 1895  548 1600 1895  585 1896 3492  172 1896 3492  424 1237 1897  552 1237 1897  790 1509 1898  387 1509 1898  67 1073 1899  503 1073 1899  1053 2078 3057  235 1900 3059  680 1381 1901  984 1381 1901  525 1997 3279  525 1185 1993  57 1304 1903  1304 1903 2481  1904 3389 3909  596 1904 3389  78 1766 3855  78 1905 3855  608 1906 2173  608 1238 1906  383 1222 1907  383 1164 1907  675 2293 2500  572 1908 2499  127 1168 1909  442 1168 1909  279 1910 3463  279 2256 3463  820 2952 3341  1439 2952 3164  450 1642 1912  657 1642 1912  653 1792 2817  653 1913 2817  810 2429 2513  1341 3070 3832  552 1091 1915  1091 1915 2602  886 1451 3262  552 1916 3261  662 1869 1917  341 1869 1917  1047 1405 3827  59 1918 3826  521 1325 1919  174 1325 1919  878 3172 3173  588 1920 3172  719 2731 2732  588 1921 2731  682 1653 3351  1922 2194 3351  402 1324 1923  402 1923 3815  151 1956 3654  151 1924 2760  514 1153 1925  47 1153 1925  964 2788 3454  325 2788 3454  983 1927 3627  184 1927 3627  512 1142 1928  221 1142 1928  1272 1929 3972  512 1272 1929  701 1155 1930  303 1155 1930  823 1414 1931  223 1414 1931  910 1932 3480  149 1467 2977  1933 3783 3784  68 1933 3783  514 1924 1934  1152 1924 1934  925 2565 2774  152 2005 2565  526 1936 3616  1400 2305 3616  610 1937 3378  260 1937 3378  641 1938 3777  177 1938 3777  725 2363 3687  894 2363 2763  1031 1940 3940  1031 1944 3953  1120 1941 4006  16 2140 3862  243 1133 1942  524 1133 1942  1943 3611 3952  94 1943 3611  292 3251 3252  292 1944 3187  509 2915 3545  509 1533 2915  208 1078 1946  589 1078 1946  420 3246 3556  888 3123 3400  1011 1948 3963  285 2397 3910  331 1949 3443  1453 3156 3506  55 1950 2721  1951 3113 3354  879 1905 3354  941 3552 3695  262 3303 3552  1953 3210 3769  529 1953 3769  590 3484 3607  529 1954 2308  6 7 3250  6 1955 3250  151 2760 3654  513 1444 4012  650 1096 3872  650 1957 3872  1958 3705 3706  826 1958 3705  335 1216 1959  1216 1959 2724  866 1960 3632  1399 3328 3632  461 1086 1961  864 1959 3053  884 1962 3899  124 1962 3899  171 1963 3437  1207 2170 3437  337 1186 1964  337 1229 1964  550 1129 3278  460 1129 1965  740 1966 3523  1635 2728 3523  129 1100 1967  922 2214 3085  831 1712 2886  831 1968 2015  1024 1969 3919  304 2082 3765  1926 1970 3770  117 1970 3770  737 2540 3441  958 1971 3441  243 1133 1972  243 2224 2225  286 1549 3819  286 2606 3819  1444 1974 2865  35 1171 1974  380 1554 1975  1554 1975 2478  324 1108 1976  543 1726 2955  543 1065 1977  184 1065 1977  322 3221 3222  795 3006 3007  559 1320 3938  559 1979 3938  962 1198 1980  962 1980 2421  1045 3023 3281  24 1981 3742  1849 1982 3018  46 1849 1982  425 1376 1983  43 1376 1983  594 1546 2130  594 1984 2130  52 1545 3209  52 1985 3209  182 1610 2386  182 1986 2386  761 2850 2852  542 1987 2851  1206 1236 1988  560 1236 1988  789 2899 2900  100 1989 3524  963 3033 3729  467 1990 3730  294 1991 3974  1068 2045 3469  1992 3350 3534  428 1992 3534  227 2863 4007  1004 3852 3853  584 2270 2783  157 2270 2685  898 3300 3439  898 1995 3669  317 1185 1996  525 1185 1996  287 1904 3909  287 1997 3909  842 1374 3327  842 1998 3327  563 2084 3345  563 1500 3345  763 2260 3377  230 2000 3377  940 1829 2001  489 1829 2001  530 1193 2002  453 1193 2002  547 1333 2003  210 1333 2003  228 2971 3173  801 1681 2971  527 1209 2005  152 1209 2005  112 2006 2219  1209 2325 2335  527 1209 2007  283 2008 2921  1051 2368 4000  888 1947 3399  80 2829 3123  807 2010 3039  369 2616 3040  50 2011 3326  1085 3922 3923  1221 3494 3946  528 2989 3495  586 2013 3490  1373 2605 3490  586 2605 3490  586 2014 2605  234 2151 2278  234 2234 2278  553 2016 3911  301 2016 3911  73 1242 2785  1242 2017 2785  756 1810 2018  756 2018 2625  315 1678 3360  315 2019 3360  562 1267 2020  562 1152 2020  68 1154 2021  1040 3783 3784  885 3342 3343  436 2968 3344  1040 2021 2023  285 2023 3987  792 2024 3928  339 2024 3928  183 2025 2026  669 2025 2026  784 2026 2027  669 2026 2027  300 2027 3022  669 2027 3022  531 2028 2568  134 1686 2028  1015 2029 3905  1015 3365 3366  613 2009 3715  613 2030 3715  1908 2031 2499  162 1908 2031  411 2032 3579  645 2032 3579  1030 3638 3776  316 1833 2942  310 2034 3761  546 2034 3761  557 1538 2035  845 1538 2035  924 3208 3380  924 3380 3903  978 1587 3546  592 1587 2037  1036 2082 4004  504 2454 3959  733 2039 2809  733 2039 3489  1581 2221 3625  2040 2221 3625  779 1507 2041  416 1507 2041  248 2248 3814  828 2042 2876  256 1386 2043  1386 2043 3280  398 1082 2044  887 2044 3335  79 3229 4005  1068 3467 3468  814 2518 2970  297 2046 3847  869 2047 3811  869 2924 2925  518 1601 2773  7 2048 2839  894 2049 3929  249 2049 3929  2050 2451 3582  246 2050 2451  1311 2182 3813  570 1311 3813  220 1501 2052  678 1501 2052  422 2053 3944  769 2053 3944  92 1192 2356  92 2054 2356  221 1928 3388  221 2055 3388  582 1097 2056  264 1097 2056  943 3160 3503  81 2327 3160  550 1129 2058  550 1607 2058  168 1236 2059  565 1236 2059  1424 2059 2060  565 2059 2060  666 2309 2873  411 1488 3956  913 2062 3495  267 2734 3144  476 1429 2063  842 1429 2063  658 1259 2064  247 1259 2064  1714 2065 2558  95 1714 2065  859 1474 3186  658 2065 2558  1027 3389 3909  41 1853 3661  2068 3090 4008  419 2068 4008  628 2360 3485  45 1428 2069  1002 3835 3837  274 2070 3835  1748 2071 2504  470 1748 2071  232 2091 3086  232 2072 3086  2073 2589 3754  31 2073 2589  2073 2074 3982  318 2074 3982  906 2075 3606  276 2075 3606  926 2076 3199  277 1840 3138  927 2077 3184  1254 2077 3184  1900 2078 3059  503 1900 2078  2079 3722 3906  1017 2079 3722  1441 2080 3662  142 1441 2080  88 2081 3688  914 2081 3688  2082 2125 3765  1024 2125 3765  244 1500 2083  563 1500 2083  93 1999 3345  93 2084 3345  382 1379 3333  1379 2085 3333  663 1837 3699  663 2086 3699  1357 2087 2832  753 2087 2832  572 1472 2088  212 1472 2088  326 1191 2089  555 2090 2563  74 2752 3430  74 2090 2563  827 3085 3086  555 2089 3085  148 2092 3966  770 2092 3966  979 3735 3736  546 1760 3134  104 1111 3019  305 1753 4001  1066 2541 3132  746 2902 3737  972 2096 3830  140 2096 3830  755 1661 2097  242 2131 2320  722 2098 3890  410 2098 3890  936 1798 2099  534 1798 2099  564 1303 2100  307 1169 2441  977 2101 3767  473 1656 3768  743 2102 3457  330 2102 3457  2103 3165 3349  744 1827 3349  1534 2921 3122  826 2921 2991  667 2105 3951  2105 2868 3951  642 2106 2241  642 2153 2241  589 1128 2108  716 2691 3789  716 2107 2142  28 2107 2108  589 1078 2109  311 1078 2109  491 1294 2110  192 1294 2110  495 1816 2111  495 1160 2111  2112 2367 3211  494 2112 3211  325 1926 3454  964 2113 2788  553 1180 2114  97 1180 2114  340 1180 2115  553 1180 2115  472 1556 2116  591 1556 2116  554 1941 2117  704 2117 2682  289 1511 3691  973 3203 3692  3 2119 3643  2 3 2119  257 1674 2120  620 1674 2120  689 1389 2121  376 1389 2121  126 1217 2122  678 1217 2122  819 1564 2123  140 1564 2123  990 2124 2889  320 2124 3805  785 2083 2125  563 2083 2125  249 2049 3193  249 2126 3193  760 1684 2781  760 2127 2582  503 2128 3726  503 1073 2128  523 1249 2129  328 1249 2129  273 2130 3153  844 2130 3153  756 2320 2625  756 2131 2320  280 1345 2132  1022 3824 3825  334 1256 2590  211 1744 2998  856 1894 2134  240 1894 2134  559 1184 2135  1075 2181 3945  1311 3052 3183  98 3052 3183  409 1418 2823  409 2137 2823  209 1284 3895  342 1284 2138  598 1301 2139  1301 2139 3468  351 1335 2141  694 1335 2141  2140 2141 3862  351 1203 3021  2107 2108 2142  589 2108 2142  903 1648 3376  903 2143 2171  90 1151 2144  562 1151 2144  562 1267 2145  307 1267 2145  652 1440 2146  1241 2146 2546  284 2051 2147  767 2486 2920  1051 2148 3999  145 1606 3998  94 1943 2149  945 2149 2237  1925 2150 3017  578 1404 2150  234 2015 2234  677 2234 2278  1087 3933 3934  676 1950 3933  0 1183 2241  1183 2153 2241  1188 2154 2945  1106 2154 2945  1218 2155 3570  1137 2155 3570  1967 2156 3373  827 1967 2156  959 2339 3295  451 1850 2157  957 3381 3995  155 1841 3166  670 1438 2847  670 2159 2847  712 1331 2411  1331 2411 3037  1009 3508 3955  732 2161 3955  732 1331 2162  1331 2162 2530  709 2189 2990  408 1407 2164  608 1407 2164  1003 1952 2165  150 1624 2750  390 2166 3674  390 1273 2166  2167 2168 3516  707 2167 3516  21 1252 2168  659 1252 2168  1117 2472 3362  800 2472 3362  372 1351 2389  171 1351 2170  73 1353 2171  1353 2171 2389  685 1299 2172  400 1299 2172  1483 2173 2903  608 2173 2903  854 2175 3054  2174 2175 3054  706 1631 2961  706 2175 2961  1799 2176 2177  104 1799 2176  1800 2177 2392  479 1800 2177  2274 3561 3568  373 1524 2178  519 1963 2179  731 1963 2179  754 2180 3364  124 2180 3364  1075 2135 2181  559 2135 2181  999 2182 3162  284 2182 3162  317 1106 2183  1106 2183 2861  320 3213 3682  998 3676 3677  583 2185 3384  254 2185 3384  583 1739 2186  960 2197 3339  671 1543 2645  1543 2645 3967  670 1438 2188  245 1438 2188  2163 2189 2990  27 2163 2189  52 1985 3227  52 2190 3227  615 1239 2271  948 2191 3641  166 1281 2192  1264 3149 3559  560 2193 3078  560 1236 2193  682 1922 3351  56 1922 2194  980 3477 3672  282 1760 3477  882 2585 3264  253 2196 2253  1465 2258 3673  2197 2258 3673  369 1233 2198  637 2396 3224  996 1524 2199  373 1524 2199  523 1249 2200  1058 3602 3832  830 2201 3428  1570 3306 3760  863 1666 3297  1666 2202 3297  170 1404 2203  578 1404 2203  1090 3985 3986  1090 2204 2733  2205 2543 3452  394 2205 3452  557 2206 2372  1281 2206 2372  19 2207 3102  19 2345 3102  1124 2208 2614  184 2208 2614  1268 2209 2210  343 1268 2209  574 1271 2210  187 2210 2385  939 3440 3857  2211 3440 3857  2212 3824 3825  280 2212 3825  581 1485 2213  281 2323 3918  827 1967 2214  129 1967 2214  562 1151 2215  308 1151 2215  728 1514 2216  70 1514 2216  645 1288 2217  45 1288 2217  769 1859 2218  59 1859 2218  683 1600 2520  683 2219 2520  178 2220 3741  1487 2374 3741  644 2222 2226  258 2222 2226  243 2223 3497  644 2223 3497  794 1972 2225  243 1972 2225  643 2106 2224  642 2106 2224  642 1812 2225  794 1812 2225  945 1800 2226  258 1800 2226  575 1597 2227  358 2227 3527  575 1283 2980  575 2228 2980  1146 1930 2229  1146 2229 2993  879 1651 2230  266 1651 2230  224 1566 2231  224 1452 2231  469 1763 2232  1763 2232 3232  612 1371 2233  384 1648 3048  586 2013 2234  677 2013 2234  937 2187 2235  937 2235 2762  538 1226 2236  674 1226 2236  602 1115 2916  602 2237 2916  815 1541 2238  385 1541 2238  1187 2239 3207  338 1187 2239  993 2240 3817  84 2240 2746  1 2106 2241  0 1 2241  2242 3527 3528  650 2242 3528  1012 2243 3924  153 2243 3924  271 2432 3746  754 2432 3364  1011 1932 2245  149 1932 2245  972 2096 2246  488 2096 2246  216 1673 2247  1673 2247 3772  248 2042 2248  2042 2248 3710  71 1665 2249  752 1665 2249  752 2097 2250  242 2097 2250  593 1220 2251  391 1220 2251  116 1220 2252  593 1220 2252  2196 2253 3374  593 2253 3374  634 1366 3324  634 2254 3324  145 1322 2836  145 2255 2836  959 2256 3463  959 2256 2339  774 1857 3100  1857 3100 3633  838 2468 3110  327 2258 3185  1093 2259 2588  1738 3361 3704  576 1585 2260  763 1585 2260  1099 2073 3982  488 1099 2261  293 1074 2262  1074 2262 2893  714 1273 2263  390 1273 2263  2139 2264 3320  79 2139 2264  581 2212 2265  1020 2212 2265  1847 2266 3690  105 1847 2266  401 1502 2267  607 2266 3690  1459 2267 2268  607 2267 2268  584 1712 2269  1712 2269 2886  157 1994 2270  1994 2270 2783  2191 2271 3641  313 2191 2271  615 1239 2272  35 1239 2272  615 2271 3641  615 2273 3641  373 2178 2274  1007 2178 2274  818 1702 2275  818 2275 2414  309 2452 3589  537 1182 2423  526 1935 2277  958 1935 2277  676 2151 2597  2151 2278 2597  591 2311 3978  591 1556 3978  168 1618 2280  592 1618 2280  592 2037 3596  592 2281 3596  520 1951 3113  520 1413 2282  599 2264 2283  1000 2264 2283  1745 2284 3417  60 1745 2284  654 1220 2285  116 1220 2285  654 1161 2286  391 1161 2286  300 2287 3022  1037 3089 3605  2207 2288 2910  19 2207 2288  605 1730 2289  1730 2289 3630  897 3435 3436  244 2290 3435  852 2291 3266  260 2291 2980  445 1629 2292  853 1629 2292  1819 2293 2500  214 1819 2293  733 2294 2736  1377 2476 2736  504 1498 2875  504 2295 2875  1887 2296 4015  699 1887 2296  396 1522 2297  804 1522 2297  124 1650 2298  1650 2298 3192  479 1800 2299  945 1800 2299  756 1810 2301  76 1810 2301  767 2131 2301  756 2131 2301  938 2302 3371  938 3336 3337  211 1744 2303  739 1744 2303  316 1833 2304  833 1833 2304  414 1383 2305  526 1383 2305  1954 2306 2308  164 1954 2306  1491 2359 3484  2307 2359 3484  930 2914 3994  529 1955 2914  2061 2309 2873  565 2061 2309  1089 2310 2311  417 1089 2310  558 2279 3978  558 2311 3978  1510 2310 2312  127 1510 2312  144 1429 2313  1782 2996 3051  36 1240 2314  634 1240 2314  686 1434 2315  393 1434 2315  401 1458 2316  1154 1825 3758  978 2317 3667  442 2317 3667  1118 2448 3593  695 2318 3593  427 1619 2319  857 1619 2319  242 2097 2320  755 2097 2320  141 1828 2321  1828 2321 3868  611 1485 2322  132 1485 2322  611 1485 3918  611 2323 3918  782 2324 3615  222 2324 3615  1209 2007 2325  311 2007 2325  2326 3502 3733  207 2326 3502  1855 2327 3160  616 1855 2327  1044 2326 2328  291 2864 2874  1593 2329 2940  776 1284 2329  35 1239 2330  595 1239 2330  163 1169 2576  307 1169 2331  313 3139 3141  1190 2332 2576  1660 2333 3697  1069 2333 3205  1231 2334 3451  263 1207 2334  152 1935 3624  152 2335 3624  2 1581 2336  621 2040 3625  1063 2337 3902  296 2337 3902  874 3346 3347  600 1542 2858  604 1626 2341  604 2341 3532  604 2339 3532  532 2340 3532  532 2341 3532  376 1375 2342  772 1375 2342  478 1697 2343  953 1697 2343  854 3055 3056  854 1385 2344  1645 2345 3102  684 1645 2345  617 1557 2346  207 1557 2346  614 1495 3038  174 1323 2400  956 2608 3391  1398 2467 3206  106 1368 2349  674 1368 2349  361 1734 3049  1135 2999 3511  1476 2351 2793  709 1476 2351  635 1708 2459  669 1708 2352  1001 2353 3711  218 2869 3712  568 2197 2354  960 2197 2354  823 2028 2355  134 2028 2355  893 2356 3369  893 1192 2356  612 2357 2741  881 2357 2741  194 1772 2884  194 2358 2884  914 2359 3290  299 2359 3290  1428 2069 3485  628 2069 3485  448 1633 2361  739 1633 2361  254 1258 2362  722 1258 2362  508 1893 3687  508 2363 3687  178 1602 2364  1602 2364 2773  2048 2365 2859  299 2365 2859  1071 2366 3264  1105 2366 3561  782 1706 2367  72 1706 2367  283 2867 4000  1050 2368 2867  474 1165 2369  383 1165 2369  770 1418 2370  1276 1418 2370  975 2781 3109  976 3036 3598  166 1516 2372  166 1281 2372  1019 2375 3453  2373 2375 3453  1072 2364 2374  625 1072 2374  302 1487 2375  625 1487 2375  356 1587 2376  1316 2376 3908  781 2794 3148  808 2377 2794  612 1371 2378  612 1242 2378  1822 2379 3029  459 1822 2379  371 1590 2380  635 1590 2380  1189 1271 2381  404 2381 3429  974 2118 2382  441 2118 2382  780 2735 2805  780 2383 2735  898 1588 2384  431 1588 2384  1271 2210 2385  609 1271 2385  824 3227 3794  824 1610 2386  1365 1649 2387  806 1365 2387  917 3243 3538  660 3243 3538  1351 2170 2389  569 2170 2389  839 1861 2390  26 1861 2390  1020 1611 2402  1020 2402 2835  258 2040 2392  258 1800 2392  862 2072 2393  232 2072 2393  350 1787 2777  547 1157 2394  637 1448 2395  412 1448 2395  128 1448 2396  637 1448 2396  1011 2245 2397  505 2245 2397  749 1219 2398  477 1219 2398  470 1749 2399  850 1749 2399  1323 2347 2400  614 2347 2400  614 1495 2401  366 1495 2401  876 2391 2835  876 2402 2835  1372 2297 2403  618 1372 2403  345 1305 2837  176 1305 2404  441 2118 2405  973 2118 2405  20 1315 3237  20 2407 3237  758 2407 3571  828 2407 3571  381 1394 2453  381 2408 2453  273 1515 2409  845 1515 2409  507 2410 3858  507 2688 2733  139 2160 3037  139 2411 3037  324 1976 2412  1043 1976 2412  502 1295 2413  349 1295 2413  1809 2414 3200  110 1809 2414  772 1375 2415  159 1375 2415  874 1402 2416  237 2416 2567  83 1313 2417  650 1313 2417  49 1119 2418  1033 2924 2925  423 1698 2419  636 1698 2419  239 1723 2420  840 1723 2420  871 1671 2421  333 1671 2421  661 1338 2422  177 1338 2422  1182 2276 2423  309 2276 2423  1460 1822 2424  193 1460 2424  331 2425 3443  1039 2425 3443  627 1459 2426  173 1459 2426  996 2426 2427  392 2427 3471  306 2371 2428  1179 2371 2428  1454 2856 3893  968 2429 2513  859 1474 2430  288 1474 2430  480 1479 2431  480 1259 2431  754 2244 2432  2244 2432 3746  238 2820 3215  735 2819 2820  1200 2575 3249  649 2575 3249  760 1684 2435  1684 2435 2947  204 2436 3670  791 2436 3670  690 1393 2437  375 1393 2437  117 1970 2438  1124 2754 2957  461 1693 2439  623 1693 2439  265 1860 3544  265 2440 3544  1169 2100 2441  564 2100 2441  622 2442 3501  1401 2443 3501  622 2443 3391  419 2443 3391  319 1544 2444  622 1544 2444  761 1412 2445  1412 3240 3510  1211 2446 3702  759 1211 2446  891 2447 3263  891 2447 2848  695 2448 3593  15 1118 2448  629 1148 2450  630 1148 2449  1148 2449 2450  10 2449 2450  806 1365 2451  246 1365 2451  1194 2423 2452  309 2423 2452  837 2408 2453  837 1354 2453  1036 2084 2454  93 2084 2454  547 2003 2455  728 2003 2455  793 2456 2928  793 1319 2456  1652 2457 3657  409 1416 2457  900 3258 3316  635 2458 3259  1708 2352 2459  38 2352 2459  1162 2461 3214  1162 2460 3678  1162 2460 2461  13 2460 2461  286 2462 3984  775 2462 3984  1121 2463 3213  202 2463 2706  111 1773 2464  1166 1773 2464  476 1430 2465  749 1430 2465  478 1219 2466  749 1219 2466  135 2348 2467  956 2348 2467  92 3110 4002  92 2468 3110  655 1776 2469  353 2469 3701  1255 2470 2560  655 1255 2470  1228 2471 2913  787 2471 2913  327 2472 3185  800 2472 3185  312 1131 2473  1113 2473 2931  817 1703 2474  75 1703 2474  1014 1811 2891  873 1811 2891  733 1380 2476  370 1380 2476  1143 2263 2477  198 1143 2477  999 2136 2478  536 2136 2478  206 2479 2498  954 2479 2498  1243 2042 3710  215 2480 2802  564 1303 3393  636 2481 2482  1303 2481 2482  163 1303 2482  1279 2483 3169  844 2483 3169  566 2176 2484  1018 2176 2484  1016 1736 2485  146 1736 2485  767 2131 2486  933 2486 2920  1104 3897 3898  771 2487 3897  386 2488 3188  771 2488 3188  321 1616 3749  321 2489 3749  1275 2490 3739  551 1275 2490  638 1729 2491  364 2491 3499  1980 2492 3849  98 1257 3276  1057 2195 3492  1057 3492 3892  1608 3392 3572  432 3392 3572  379 1323 2495  734 1323 2495  329 1364 3406  329 2496 3406  866 1802 2497  454 1802 2497  1069 2498 3205  954 2498 3205  863 1472 3201  572 1472 2499  1818 2031 2500  540 1818 2500  547 1157 2797  727 1787 2777  1026 2502 3831  1026 2699 3831  176 1305 2503  1305 2503 2551  639 1340 2504  57 1340 2504  639 1340 2505  639 1338 2505  640 1340 2506  354 1340 2506  177 1338 2507  639 1338 2507  57 1340 2508  640 1340 2508  347 1681 2509  834 1681 2509  274 2070 2907  274 2510 2907  500 1755 2511  1001 3712 3713  1171 2331 2512  307 2331 2512  154 1914 3779  154 2513 3779  1358 2756 2757  835 2836 2959  881 2515 3312  1278 2233 2741  382 1378 2516  1378 2516 3083  645 1287 2517  348 3466 3591  1077 2046 2970  814 2046 2970  920 2250 2519  242 2250 2519  527 2006 2520  527 1600 2520  655 1622 3126  723 1622 2521  1722 2521 2522  723 2521 2522  1029 1415 2523  443 2580 3679  1396 1397 3520  1397 2524 3520  534 1677 2525  534 1798 2525  649 1509 2526  1509 2526 2922  464 1532 2527  1010 1532 2527  883 2509 2761  834 2509 2761  976 2371 3425  976 2529 2950  673 2531 3921  217 2531 3921  797 2532 2630  673 2531 2532  797 2764 2778  797 2532 2533  22 2533 2534  2533 2534 2908  712 2534 2908  206 2535 3629  729 2535 3629  647 1487 2536  302 1487 2536  1269 2220 2537  647 2220 2537  1477 2538 3936  1014 1811 3714  179 1194 2539  646 1194 2539  219 1640 2540  1640 2540 3301  798 1704 2541  397 1704 2541  781 2794 2795  781 2542 2619  302 2375 2543  1019 2375 2543  239 1432 2544  839 1432 2544  652 1440 2545  180 2545 3996  652 1408 2546  105 1408 2546  61 1350 2547  1350 2547 2550  651 1348 2548  180 1348 2548  1637 2549 3111  606 1235 2549  1348 2545 2765  651 1348 2550  1304 2508 2551  640 2508 2551  918 2552 3612  237 2552 3612  38 2459 3068  38 2553 3047  1174 2922 3445  790 2922 3445  223 1528 2555  1110 2764 2778  1347 2110 2556  192 2110 2556  1659 2557 2844  188 1659 2557  658 2558 3569  859 2558 3569  349 1255 2559  1255 2559 2560  846 2849 2885  846 2848 2849  34 1296 2561  656 1296 2561  1416 3129 3966  409 1416 2562  555 2089 2563  1191 2089 2563  487 2166 2564  1273 2166 2564  152 1935 2565  1935 2565 2774  85 3084 3514  1176 3084 3514  1402 2416 2567  648 1402 2567  531 1201 2568  465 2568 3817  799 2775 3382  799 2775 3954  436 1298 2570  436 1112 2570  1206 2309 2571  175 1206 2571  354 1338 2572  661 1338 2572  1339 2617 3296  661 1339 2573  1306 2422 2574  365 1306 2574  649 1509 2575  649 2435 3249  1169 2331 2576  595 2331 2576  58 2577 2638  58 1533 2577  1123 1419 3226  662 1869 3926  662 1917 2579  1917 2579 3488  991 2580 3750  443 1604 3581  1547 2491 2581  364 2491 2581  386 2582 3188  386 2127 2582  350 1725 2583  1158 1725 2583  894 2584 2749  705 2584 2749  882 2585 3284  392 2585 3284  474 1136 2586  125 1136 2586  1123 2587 3226  357 2587 3226  994 2588 3577  994 2588 2790  1521 2589 3317  31 1521 2589  1256 2133 2590  536 2133 2590  821 1627 3136  665 1627 2591  1425 2591 2592  665 2591 2592  1385 2437 2593  54 1385 2593  883 2509 2594  93 2897 3395  29 1463 2595  668 1463 2595  1255 1622 2596  349 1255 2596  677 1701 2597  1701 2152 2597  399 2017 2598  1242 2017 2598  338 1187 2599  1187 2599 2600  1086 2600 3785  742 1086 2600  742 1086 2601  339 1086 2601  1070 2602 3973  113 2772 3732  114 3062 3473  608 1238 2603  295 2868 3829  295 2604 3283  2014 2493 2605  736 2493 2605  757 1973 2606  1041 2606 3610  544 1212 2607  1212 2607 3273  2467 2608 3161  956 2467 2608  444 1210 2609  1210 1464 2609  2034 2610 3163  197 2610 2699  1264 3023 3149  310 2611 3023  687 2612 2717  543 1977 2613  672 1977 2613  672 1977 2614  184 1977 2614  785 2754 3493  785 2438 3493  369 2616 2854  369 1233 2854  1297 2506 2617  354 2506 2617  71 1635 2618  920 1346 3725  270 1208 2619  780 1208 2619  191 1805 2620  191 1632 2620  351 1334 2621  351 1203 2621  647 2537 2622  647 1321 2622  305 2623 3042  305 1175 3042  1929 3757 3778  778 3757 3778  755 2126 2625  249 2126 2625  680 1195 2626  165 2626 2680  1619 2627 3286  718 1619 2627  1321 2536 2628  302 2536 2628  791 1820 2629  539 1820 2629  223 1414 2630  673 1414 2630  370 1380 2631  673 1380 2631  773 1770 2632  231 1770 2632  517 1881 2633  773 1881 2633  919 1997 2634  287 1997 2634  351 1334 2635  679 1334 2635  679 1334 2636  105 1334 2636  679 1408 2637  359 1408 2637  1025 2577 2638  1054 2638 3178  343 1363 2639  343 1268 2639  579 2640 2663  186 1320 2664  1335 2635 2641  679 2635 2641  1330 2121 2642  160 1330 2642  1110 2122 2643  710 1110 2643  1711 2644 3759  55 1711 2644  63 2187 3967  63 2645 3967  200 1529 2646  471 1529 2646  1505 3659 3718  66 1505 2647  632 1498 2648  195 1498 2648  189 1434 2649  686 1434 2649  1393 2650 3016  690 1393 2650  378 1390 2651  12 2651 2705  688 1389 2652  11 2652 2653  1389 2652 2653  689 1389 2653  1388 2547 2654  691 1388 2654  451 1387 2655  189 1387 2655  1381 2626 2656  165 2626 2656  159 1375 2657  688 2657 2988  27 1363 2658  696 1363 2658  1350 2659 2660  61 1350 2659  693 2659 2660  190 1349 2661  1349 2660 2661  693 2660 2661  694 1335 2662  190 1335 2662  1326 2640 2663  42 1326 2663  1320 2640 2664  579 2640 2664  1294 2318 2665  695 2318 2665  167 1279 2666  692 1279 2666  193 1277 2667  1277 2667 2668  341 1276 2668  698 2668 2670  2137 2669 3656  169 2669 3656  1276 2668 2670  23 1276 2670  696 1268 2671  187 1268 2671  609 1254 2672  40 2703 3184  917 1252 3538  21 1252 2673  544 1244 2674  131 1244 2674  1897 2675 3143  53 2675 3143  188 1237 2676  424 1237 2676  477 1219 2677  121 1219 2677  711 1217 2678  126 1217 2678  60 1212 2679  544 1212 2679  1195 2626 2680  713 1195 2680  681 1175 2681  18 2926 3599  1941 2117 2682  16 1941 2682  705 1172 2683  14 1172 2683  195 1155 2684  701 1155 2684  1131 2270 2685  629 1131 2685  1355 2415 2686  159 2415 2686  630 1113 2687  1113 2687 2932  1090 2688 2733  62 2688 3985  1089 2311 2689  558 2311 2689  1128 2315 2690  28 1128 2690  112 2691 3790  112 2006 3790  2181 2692 3945  186 2181 2692  1981 2693 3707  24 1981 2693  1045 3281 3742  700 1139 3845  1007 2117 2695  704 2117 2695  998 2184 3678  201 2696 3677  985 1336 3575  203 1654 3075  1139 2610 2698  197 2610 2698  1026 2610 2699  624 2699 3831  980 2194 2700  56 2194 2700  953 3594 3595  715 2910 3594  931 2341 2702  532 2341 2702  927 2703 3184  702 2703 3540  924 3419 3882  573 2704 3419  1390 2651 2705  377 1390 2705  907 2463 2706  549 2461 3214  844 1546 3168  167 1279 3169  802 1843 3874  587 1446 2992  22 2533 3889  22 2709 3889  725 1939 2762  199 2584 2763  42 1273 2711  714 1273 2711  886 1299 3619  685 1299 2712  535 1342 3046  158 1342 2713  699 1300 2714  202 1300 2714  203 1654 2715  1654 2715 3658  1732 2716 2926  703 1732 2716  1362 2612 2717  65 1362 2717  1777 2718 2821  687 1777 2718  1786 2719 3319  196 2719 3319  1837 2720 3228  664 2720 3228  1950 2721 3816  711 2721 3816  2160 2722 3666  671 2722 3666  1457 2398 2723  477 2398 2723  1083 2737 3170  864 2724 2737  772 1355 2725  269 1355 2725  739 1633 2726  130 1633 2726  789 1989 3524  789 2727 3524  446 1638 2728  1638 2728 2730  1539 2303 2729  741 1539 2729  863 3297 3298  740 2202 3297  719 1772 2731  588 1772 2731  1921 2731 2732  144 1921 2732  507 2733 3858  719 2733 3858  1107 2734 3144  496 2734 3927  269 1360 2735  779 1507 3533  75 2474 2736  75 2294 2736  25 2737 2822  1083 2737 2822  399 1470 2738  1078 1470 2738  231 3975 3976  724 1134 2739  1382 1577 2740  1382 2740 3073  1278 2515 2741  881 2515 2741  1119 1678 2742  314 2742 3432  99 1453 2743  745 1453 2743  328 1213 2744  745 1213 2744  331 1178 2745  745 1178 2745  993 1701 2746  677 1701 2746  1312 2793 3223  374 1312 2747  896 1423 2748  115 1423 2748  1172 2049 2749  705 1172 2749  150 2165 2750  1003 2165 2750  777 2751 3340  329 2751 3340  952 2751 2752  952 2752 2776  204 1796 3670  541 1796 2753  2615 2754 3493  672 2615 2754  379 1322 2755  1322 2836 2959  835 2514 2959  367 2514 2756  107 1329 2757  721 1329 2757  394 1614 2758  720 1614 2758  1404 2150 2759  720 1404 2759  1924 2759 2760  720 2759 2760  1163 2897 3390  883 2897 3390  199 2710 3626  580 2710 3626  199 2763 3626  725 2763 3626  1110 2555 2764  223 2555 2764  1348 2550 2765  359 2550 2765  1781 2939 3773  342 2766 3773  290 2767 3308  991 2767 3308  722 1258 2768  421 1258 2768  85 1842 2769  1842 2769 3030  1442 1923 2869  1442 2770 2869  368 1644 2771  730 1644 2771  730 1567 2772  113 1567 2772  626 2048 2839  626 2773 2839  526 1383 2774  925 2036 3323  289 2569 3954  289 2775 3954  744 1671 2776  74 2090 3748  727 2501 2777  1157 2501 2777  2709 2778 3889  710 2709 2778  738 1575 2779  33 1575 2779  746 1575 3398  738 1575 2780  137 2781 3109  2044 3109 3334  1503 3386 3486  1503 2782 3386  682 1653 2783  584 1653 2783  747 1471 2784  208 1471 2784  747 1353 2785  73 1353 2785  795 1978 2786  322 1978 2786  407 2787 3133  906 2787 3133  1159 1652 2788  325 1652 2788  731 1963 2789  171 1963 2789  902 2791 3361  278 2791 3361  731 2789 2791  902 2789 2791  1683 2792 3914  727 1683 2792  433 2906 3223  1476 2906 3223  780 2795 2805  87 2794 2795  781 2619 2795  780 2619 2795  995 1356 3202  995 2796 3202  1157 2501 2797  101 2501 2797  1337 2798 3879  1370 2798 3879  143 1696 3408  143 2799 3408  1050 2368 3421  1050 2867 3427  884 1743 2801  246 1743 2801  1243 2480 2802  758 2802 3571  372 1352 2803  743 2803 3164  171 1351 2804  743 1351 2804  779 2041 2805  87 2041 2805  768 1420 2806  403 1420 2806  47 1420 2807  768 1420 2807  2044 2808 3335  398 2044 2808  673 1380 3921  733 1380 2809  321 2810 2811  1125 2810 2811  1125 3222 3396  1125 2811 2812  1102 2812 2813  133 2812 2813  133 2813 3367  1224 2830 3367  796 1286 3558  1286 3309 3660  430 1508 3089  430 2815 3089  1066 2541 2816  397 2541 2816  751 1603 3322  751 1792 2833  735 1421 2818  308 1421 2818  403 1421 2819  735 1421 2819  735 2433 2820  2433 2820 3215  998 3677 3678  1116 2821 3676  412 1083 3863  1083 2822 3863  697 1417 2823  1417 1418 2823  1225 2485 2824  146 2485 2824  221 1142 2825  777 2825 3340  1059 2826 3462  300 2826 3462  491 1293 3177  103 1293 2827  1293 2827 2828  799 2827 2828  1270 1717 2829  633 1717 2829  794 1791 2830  133 1791 2830  847 1889 2831  122 1889 2831  753 2832 3590  753 2841 3590  1792 2817 2833  102 2817 2833  372 1353 2834  747 1353 2834  280 2212 2835  280 2391 2835  721 2755 2959  1322 2755 2959  1305 2404 2837  618 2404 2837  968 1269 2838  518 1454 2856  8 1601 2839  7 8 2839  753 1563 2840  1563 2840 3096  1690 2841 3590  462 1690 2841  748 1715 2842  1715 2842 3414  1569 2784 2843  208 2784 2843  440 1645 2844  440 1659 2844  1098 3105 3871  44 1098 2845  1727 2846 3828  750 1727 2846  226 1527 2847  1438 1527 2847  656 2849 2885  252 2848 2888  891 2561 2849  656 2561 2849  1987 2850 2851  183 1987 2850  2851 3638 3776  542 2851 3638  1410 2850 2852  1410 2852 3613  914 1491 2853  1491 2853 3608  818 2414 3675  818 2854 3675  176 2503 2855  1297 2503 2855  518 2838 2856  968 2838 2856  1231 2334 2857  519 2334 2857  600 2338 2858  874 2858 3347  930 2307 2859  299 2307 2859  1710 2860 2896  324 2860 2896  96 1583 2861  1583 2861 2862  460 1692 2862  1692 2862 2863  762 1185 4007  762 2863 4007  877 1866 2864  291 1866 2864  877 1262 2865  35 1262 2865  582 1625 2866  778 1625 2866  283 2104 2867  836 2104 2867  1685 2868 3829  836 1685 2868  1324 2869 3712  1324 1923 2869  904 3450 3451  757 2870 3450  270 1626 2871  931 1626 2871  641 2872 3617  641 1937 2872  115 1488 2873  115 2061 2873  291 2328 2874  1044 2328 2874  195 1155 2875  195 1498 2875  248 1838 2876  775 1838 2876  286 1549 3984  426 1549 2877  335 1214 2878  786 1214 2878  786 1186 2879  153 1186 2879  337 1186 2880  786 1186 2880  1065 1726 3001  965 1726 3001  1366 1572 2882  365 1367 3324  129 1100 2883  811 2883 3067  588 1446 2884  588 1772 2884  205 1642 2885  846 1642 2885  312 2886 3848  312 2931 3848  72 1409 2887  72 1164 2887  846 1642 2888  450 1642 2888  1122 2442 2889  109 2442 2889  245 1893 3174  245 1438 2890  109 2891 3880  1014 2891 3880  766 1608 2892  216 1673 3731  141 1561 2893  766 1561 2893  439 1449 2894  822 1449 2894  822 1710 2895  148 1710 2895  324 1108 2986  324 2896 2986  883 2594 3395  883 2897 3395  174 1325 2898  1325 1872 2898  789 1989 2899  336 3198 3299  1218 2899 2900  225 2919 3671  374 1313 2901  651 1314 3930  33 1575 2902  746 1575 2902  774 2903 3100  608 2164 2903  1060 1823 2904  272 1823 2904  815 1527 2905  226 1527 2905  724 2739 2906  724 1476 2906  943 1455 2907  1455 2070 2907  764 1331 2908  712 1331 2908  147 1693 2909  467 1261 3990  954 2479 3594  954 2910 3594  46 1229 2911  787 1229 2911  328 1249 2912  787 1249 2912  1248 2912 2913  787 2912 2913  529 2308 2914  2308 2914 3994  964 2113 3545  964 2915 3545  94 1886 2916  1115 1886 2916  496 1513 2917  1049 3542 3901  1213 2743 2918  788 1213 2918  1858 2919 3671  788 1858 2919  767 2147 2920  284 2147 2920  283 2104 2991  283 2921 2991  790 2554 3445  1174 2922 3898  234 2151 2923  1149 2151 2923  869 2251 2924  391 2251 2924  1033 2418 2925  49 2418 2925  1175 3042 3599  934 3042 3599  264 1097 2927  568 1097 2927  478 1696 2928  793 1696 2928  793 1109 2929  360 1109 2929  583 2185 2930  982 2185 2930  832 1968 3848  832 2931 3848  123 1876 2949  123 2932 2949  366 1361 2933  769 1361 2933  384 2233 3530  384 1648 2934  471 2190 3227  471 2935 3227  472 1610 2936  824 1610 2936  1430 2937 3686  143 1696 2937  1094 2101 2938  473 2101 2938  342 1284 2939  776 1284 2939  429 1594 2940  776 1594 2940  1357 2832 2941  728 1357 2941  316 2033 2942  1030 2033 2942  1382 2943 3073  919 1382 2943  317 1996 2944  919 1996 2944  96 2861 2945  1106 2861 2945  399 1469 2946  597 1469 2946  803 1431 2947  1431 2947 3873  803 1422 2948  238 1422 2948  832 2923 2949  1149 2923 2949  48 2950 3964  48 3006 3964  990 2475 2951  873 2475 2951  108 1911 2952  1911 2952 3341  820 1790 2953  330 1790 2953  840 1443 2954  155 1443 2954  543 1976 2955  1108 1976 2955  418 2956 3755  418 1553 2956  244 2083 2957  785 2083 2957  2324 2958 3505  457 2958 3505  2514 2756 2959  721 2756 2959  210 1333 2960  1333 2960 3135  445 1632 2961  1631 1632 2961  1295 2158 2962  155 2158 2962  401 2963 3758  401 1459 2963  1558 2009 3521  80 2009 3521  343 2965 3696  343 1134 2965  798 2541 3132  798 2966 3132  1364 2967 3338  99 1364 2967  2022 2968 3344  436 1298 2968  8 1601 2969  1039 1601 2969  77 1813 2970  1077 1813 2970  801 2004 2971  2004 2971 3173  801 1681 2972  347 1681 2972  77 1669 2973  801 1669 2973  412 1691 2974  792 1691 2974  792 1583 2975  96 1583 2975  808 2796 2976  995 2796 2976  149 1932 2977  910 1932 2977  876 2390 2978  26 2390 2978  363 2402 2979  876 2402 2979  852 2291 2980  1283 2230 3793  430 1508 2981  783 1508 2981  1319 2929 2982  360 2929 2982  103 1670 2983  926 1670 2983  550 1607 2984  550 1769 2984  895 1649 2985  76 1649 2985  822 1449 2986  1108 1449 2986  259 1808 2987  901 1808 2987  1375 2657 2988  376 1375 2988  2062 2989 3495  981 2062 2989  709 1476 2990  724 1476 2990  667 2991 3705  667 2104 2991  587 2708 2992  802 2992 2993  2708 2992 2993  17 2708 2993  229 1378 2994  813 1378 2994  229 1783 2995  814 1783 2995  1783 2994 2996  813 2994 2996  247 1336 2997  659 1336 2997  211 2133 2998  1256 2133 2998  361 3194 3511  939 2302 3194  957 2158 3000  502 2158 3000  516 1927 3001  1065 1927 3001  889 2632 3002  1540 3002 3248  325 3003 3628  325 1652 3003  189 1387 3004  1387 3004 3416  1524 3005 3470  173 3005 3470  1779 3006 3964  795 1779 3006  1532 2786 3007  464 1532 3007  422 1290 3008  1290 1396 3008  2335 3009 3624  597 2335 3009  602 1115 3010  268 1115 3010  368 1644 3011  1199 1301 3537  1111 1799 3012  479 1799 3012  1215 1831 3013  510 1831 3013  906 1265 3014  406 1265 3014  1126 1603 3015  1126 1791 3015  158 2650 3016  158 1342 3016  47 1591 3017  578 3017 3534  511 1848 3018  511 1849 3018  1111 2094 3019  601 2094 3019  396 1462 3020  668 1462 3020  351 2141 3021  1120 2141 3021  1038 2352 3022  669 2352 3022  567 2192 3281  1264 2192 3281  29 1327 3024  805 1327 3024  1463 3024 3025  805 3024 3025  238 1522 3026  805 1522 3026  1048 3027 4012  298 1391 3101  272 1823 3028  872 1823 3028  65 1362 3029  872 1362 3029  501 1737 3030  783 1737 3030  246 1743 3031  885 1743 3031  840 1723 3032  466 1723 3032  963 1634 3033  1633 3033 3729  517 1266 3034  517 1540 3034  976 2371 3598  306 2371 3035  975 2127 3036  386 2127 3036  732 1331 3037  732 2160 3037  614 2347 3038  1329 2347 3038  25 1803 3039  807 1803 3039  369 2010 3040  807 2010 3040  934 1718 3041  268 1718 3041  1718 2623 3042  934 1718 3042  256 1874 3043  1874 3043 3044  1018 3438 3867  853 3045 3866  104 2292 3045  853 2292 3045  1342 2713 3046  377 2713 3046  763 1585 3047  897 1585 3047  384 2233 3048  1371 2233 3048  361 2350 3049  1196 2350 3049  1414 2631 3050  823 1414 3050  813 2313 3051  144 2313 3051  98 2492 3052  98 2136 3183  864 1961 3053  461 1961 3053  54 1385 3054  854 1385 3054  854 2344 3055  256 2344 3055  445 2175 3056  854 2175 3056  111 1721 3057  809 1721 3057  405 1579 3058  809 1579 3058  809 1579 3059  235 1579 3059  1283 2230 3060  266 2230 3060  265 1634 3061  911 1634 3061  1238 2603 3473  114 2603 3473  1052 1484 3063  969 3466 3788  1270 1717 3064  1270 3064 3400  431 1588 3065  811 1588 3065  1565 3066 3067  452 1565 3066  1100 2883 3067  318 1100 3067  38 3047 3068  897 3047 3068  1196 1770 3069  773 1770 3069  523 1914 3070  810 2513 3779  1341 3070 3071  810 3070 3071  870 2430 3072  288 2430 3072  95 1714 3073  870 1714 3073  475 2740 3074  870 2740 3074  203 2697 3075  985 3075 3575  1403 3407 3603  1403 3076 3407  1233 2854 3077  818 2854 3077  1130 3078 3939  560 3078 3939  858 1688 3079  30 1688 3079  275 3722 3906  275 1484 3080  502 1747 3081  812 3081 3082  1747 3081 3082  34 1747 3082  229 1518 3083  812 1518 3083  542 1176 3084  1176 2566 3514  555 2091 3085  2091 3085 3086  2072 2156 3086  827 2156 3086  239 2420 3087  841 2420 3087  802 1446 3088  802 1843 3088  300 3462 3605  1059 1508 3462  596 2067 3090  1084 2067 3090  837 1767 3091  469 1767 3091  49 1119 3092  875 1119 3092  388 1253 3093  875 1253 3093  264 1953 3094  916 1953 3094  366 1495 3095  829 1495 3095  829 1495 3096  107 1495 3096  1689 3097 3103  236 1689 3097  452 1564 3098  819 1564 3098  402 1882 3099  819 1882 3099  408 2257 3633  408 3100 3633  298 3027 3101  1048 3027 3101  571 2207 3102  571 1645 3102  829 3096 3103  1563 3096 3103  1309 2581 3104  364 2581 3104  1098 2845 3105  750 2845 3105  1109 3106 3838  463 1109 3106  1201 1501 3107  220 1501 3107  385 2238 3108  1132 3108 3489  975 3035 3109  1082 3035 3109  838 2258 3110  1465 2258 3110  447 1499 3111  606 1499 3111  1285 2470 3112  657 1403 3766  520 2282 3113  879 2282 3113  458 1703 3114  817 1703 3114  486 1834 3115  817 1834 3115  70 2035 3116  845 2035 3116  816 1342 3117  535 1342 3117  1863 3117 3118  224 1863 3118  1384 3118 3119  375 1384 3119  1232 2169 3120  800 2169 3120  1310 2245 3121  149 2245 3121  826 3122 4016  826 1958 4016  80 2009 3123  888 2009 3123  1005 3125 3182  1005 3124 3125  41 1853 3125  1067 1853 3125  1622 2521 3126  86 2521 3126  774 1716 3127  774 1483 3127  306 3128 3876  306 1490 3128  1416 2457 3129  148 3129 3966  102 2833 3130  1010 3407 3603  803 1684 3131  137 1684 3131  1066 2095 3132  233 2095 3132  407 1427 3133  906 3133 3606  546 2093 3134  979 2093 3134  355 1627 3135  821 1627 3135  1627 2591 3136  30 2591 3136  462 1690 3137  821 1690 3137  277 2076 3138  926 2076 3138  1190 2332 3141  313 2332 3141  89 1193 3142  89 3140 3142  921 1426 3141  1190 1426 3141  453 1193 3564  1193 3142 3564  886 3143 3619  53 3143 3619  267 2062 3144  913 2062 3144  851 3145 3559  166 3145 3559  1028 3146 3444  135 3146 3444  232 2091 3147  871 2091 3147  279 1657 3148  781 1657 3148  851 1138 3149  310 1138 3149  1464 3145 3150  484 1464 3150  547 1332 3151  355 3151 3596  633 1494 3152  633 1674 3152  1280 2483 3153  844 2483 3153  316 2304 3154  1177 2304 3154  512 1949 3155  825 1949 3155  825 1949 3156  331 1949 3156  962 1198 3157  332 1198 3157  1053 1839 3158  577 1839 3158  403 2819 3159  1422 2819 3159  81 2057 3160  2057 3160 3503  1202 3659 3718  1202 1398 3161  284 2920 3321  284 3162 3321  546 1760 3163  1026 1760 3163  1352 2842 3164  108 2842 3164  333 1671 3165  744 1671 3165  155 2158 3166  957 2158 3166  835 2255 3167  444 2255 3167  167 2707 3169  631 2707 3168  2707 3168 3169  844 3168 3169  339 1961 3170  864 1961 3170  483 1782 3171  878 1782 3171  878 1921 3172  588 1921 3172  1920 3172 3173  228 1920 3173  245 2890 3174  1525 2890 3174  940 3175 3566  262 3175 3566  1372 2297 3176  804 2297 3176  1293 2828 3177  346 2828 3177  1025 1969 3178  304 1969 3178  741 1539 3179  446 1539 3179  177 1092 3180  610 2080 3662  1005 2016 3181  301 2016 3181  1067 3125 3182  340 3315 3740  999 2182 3183  1311 2182 3183  40 2672 3184  1254 2672 3184  838 1789 3185  800 1789 3185  658 2066 3569  204 2066 3186  1584 1944 3187  1584 3187 3432  1095 2487 3188  771 2487 3188  1151 2818 3189  1151 1780 3189  2064 2997 3190  659 2997 3190  365 1367 3293  185 1367 3191  435 1525 3192  603 1525 3192  663 2126 3193  663 1172 3193  939 2999 3511  939 3194 3511  1681 2971 3195  228 2971 3195  1173 1655 3196  69 1655 3196  912 1989 3197  100 1989 3197  911 1735 3198  336 1735 3198  414 1960 3199  926 1960 3199  717 2414 3200  717 1807 3200  1472 2499 3201  675 2499 3201  87 2041 3202  1356 2041 3202  973 2405 3693  973 3203 3693  1161 3204 3941  1032 3204 3941  571 2207 3205  954 2207 3205  1088 3146 3206  135 3146 3206  606 2239 3207  606 1499 3230  1347 1840 3208  924 3208 3419  594 1546 3209  1545 1546 3209  264 1656 3210  1656 3210 3768  901 1808 3211  494 1808 3211  901 2367 3212  72 2367 3212  320 2184 3213  907 2184 3213  549 2706 3214  907 2706 3214  804 1522 3215  238 1522 3215  882 2196 3284  909 2196 3216  909 1933 3217  68 1933 3217  114 1407 3218  1407 3218 3220  251 1481 3219  867 1481 3219  408 1406 3220  867 1406 3220  1126 3222 3396  1126 3221 3222  322 1978 3222  1125 1978 3222  1312 2747 3223  433 2747 3223  637 2198 3224  1233 2198 3224  181 1568 3225  730 1568 3225  1419 2578 3226  357 2578 3226  824 2935 3227  824 2386 3794  984 1381 3228  664 1381 3228  729 2045 3229  729 1598 3229  467 1499 3230  467 1328 3230  848 1748 3231  57 1748 3231  142 2399 3232  850 2399 3232  848 1531 3233  241 1531 3233  470 1748 3234  848 1748 3234  850 1749 3235  241 1749 3235  665 1618 3236  665 1627 3236  828 3237 3597  1315 3237 3597  911 1634 3238  448 1634 3238  222 1605 3239  807 1605 3239  383 1411 3240  383 1165 3240  856 2134 3241  405 3241 3543  1166 1773 3981  1773 3242 3981  1794 2388 3243  917 1796 3604  849 1394 3244  241 1394 3244  849 1756 3245  89 1756 3245  420 3064 3246  1567 3246 3556  433 1496 3247  889 3247 3248  1496 3247 3248  83 1496 3248  344 2435 3249  344 1200 3249  1955 2914 3250  930 2914 3250  1034 2418 3252  1033 2418 3252  292 3187 3252  1034 3187 3252  146 1492 3253  146 1775 3253  1093 3254 3720  416 3254 3720  807 3239 3255  807 1803 3255  1548 1735 3256  33 1548 3256  183 2025 3257  900 2025 3257  2458 3258 3259  259 2458 3258  900 1708 3259  635 1708 3259  908 3260 3412  908 3411 3412  886 1897 3261  552 1897 3261  1916 3261 3262  255 1916 3262  463 1682 3263  891 1682 3263  116 2252 3264  882 3264 3374  917 1796 3265  204 1796 3265  468 1766 3266  852 1905 3855  620 2120 3267  620 2119 3267  251 1399 3268  865 1399 3268  1480 3269 3270  407 1480 3269  865 1400 3270  37 1400 3270  427 1619 3271  427 1435 3271  861 1795 3272  541 1795 3272  540 1818 3273  861 1818 3273  890 3274 4019  138 3274 4019  400 1452 3275  890 1452 3275  98 2492 3276  1061 2492 3276  221 2825 3277  1456 2825 3277  1129 1965 3278  128 1965 3278  525 1902 3279  1027 1902 3279  375 1384 3280  561 1384 3280  567 1981 3742  567 3281 3742  1531 3244 3282  423 1531 3282  736 3283 4011  1057 3482 4011  2196 3216 3284  392 3216 3284  653 1593 3285  209 1593 3285  170 2203 3286  2203 3286 3350  855 1706 3287  457 1706 3287  72 1706 3288  855 1706 3288  855 1705 3289  240 1705 3289  1072 2365 3841  299 2365 3841  481 1736 3291  481 1475 3291  820 1790 3292  820 1910 3292  1367 3191 3293  674 3191 3293  432 1573 3294  432 1561 3294  959 1850 3295  1850 2157 3295  1339 2573 3296  106 2573 3296  740 2730 3297  2730 3297 3298  212 1472 3298  863 1472 3298  336 2899 3299  1989 2899 3299  129 1588 3300  898 1588 3300  434 1612 3301  737 1612 3301  860 1676 3302  120 1676 3302  1672 3303 3552  860 1672 3303  1555 3303 3304  860 3303 3304  899 1808 3305  259 1808 3305  236 1689 3306  858 1689 3306  1473 3079 3307  421 1473 3307  1604 3308 3581  991 3308 3581  765 2814 3660  765 3309 3660  272 3028 3310  1530 3028 3310  648 1402 3311  363 1402 3311  1641 2515 3312  434 1641 3312  489 1829 3313  1466 1829 3313  921 1756 3314  423 1756 3314  340 3182 3315  1067 3182 3315  1410 3316 3613  1410 3257 3316  862 3157 3317  332 3157 3317  1281 2192 3318  567 2192 3318  1312 2793 3319  196 2793 3319  599 2264 3320  599 1746 3320  1554 3321 3573  933 2920 3321  751 2833 3322  1127 2833 3322  925 2774 3323  1383 2774 3323  365 2882 3324  1366 2882 3324  290 2881 3325  965 2881 3325  965 1726 3326  50 1726 3326  382 1998 3327  1260 1374 3333  251 1802 3328  866 1802 3328  1344 2497 3329  103 1344 3329  868 1676 3330  1676 3330 3464  1519 1878 3331  426 1878 3331  120 1676 3332  868 1676 3332  1374 3327 3333  382 3327 3333  1761 3131 3334  137 3131 3334  768 2806 3335  887 2806 3335  938 1731 3336  415 1731 3336  1247 3336 3337  119 1247 3337  798 2966 3338  1114 2966 3338  327 2186 3339  1739 2186 3339  1142 2496 3340  329 2496 3340  545 1910 3341  820 1910 3341  885 2022 3342  31 2022 3342  1205 3031 3343  885 3031 3343  885 1743 3344  436 1743 3344  576 1500 3345  576 1999 3345  363 1402 3346  874 1402 3346  2338 2858 3347  132 2338 3347  968 1269 3348  413 1269 3348  726 1827 3349  726 2103 3349  578 2203 3350  578 3350 3534  585 2194 3351  585 1653 3351  416 3254 3352  416 1246 3352  617 1492 3353  453 1492 3353  78 1905 3354  78 1951 3354  160 1330 3355  931 1330 3355  487 1437 3357  487 3356 3357  156 1979 3937  156 1437 3937  1102 2813 3359  1102 3358 3359  315 1678 3359  1103 1678 3359  875 2019 3360  875 1678 3360  278 2259 3704  278 3361 3704  1117 3363 3385  1117 3362 3363  118 1571 3363  905 1571 3363  1112 1962 3364  124 1962 3364  275 2029 3366  1015 2029 3366  1052 1484 3366  275 1484 3366  1103 2813 3367  1224 3367 3475  326 1192 3368  893 1192 3368  582 2055 3369  893 2055 3369  951 1765 3370  468 1765 3370  2302 3194 3371  361 3194 3371  380 1346 3372  920 1346 3372  1100 2074 3373  1100 1967 3373  2252 3264 3374  593 2252 3374  73 2171 3375  903 2171 3375  903 2143 3376  263 2143 3376  763 1450 3377  230 3377 3522  1141 2291 3378  260 2291 3378  435 1650 3379  884 1650 3379  548 2036 3903  2036 3380 3903  1076 2046 3995  297 2046 3995  417 1511 3382  1512 3382 3387  843 1515 3383  273 1515 3383  905 1258 3384  254 1258 3384  905 3384 3385  583 3384 3385  572 2088 3386  967 2088 3386  417 1089 3387  1089 1118 3387  778 2866 3388  512 1928 3757  1027 2067 3389  596 2067 3389  303 2295 3390  1163 2295 3390  956 2348 3800  956 3391 3800  766 1561 3392  432 1561 3392  1303 2481 3393  345 2481 3393  368 2771 3394  1263 2771 3394  796 1999 3395  796 2594 3395  1125 2812 3396  133 2812 3396  1074 1592 3397  427 1592 3397  1575 2780 3398  334 2780 3398  2030 3399 3715  255 2030 3399  888 1947 3400  420 1947 3400  1063 3512 3902  84 3401 3968  295 2105 3402  928 2105 3402  387 2575 3403  1200 2575 3403  1765 3648 3651  261 1675 3648  1359 3309 3405  765 3309 3405  825 2496 3406  99 1364 3506  353 2527 3407  1010 2527 3407  793 1109 3408  793 1696 3408  1442 3114 3409  915 1442 3409  908 1553 3410  418 1553 3410  1489 3411 3412  179 1489 3411  1488 3260 3412  411 1488 3412  1551 3413 3755  982 3413 3755  892 1911 3414  108 1911 3414  892 1715 3415  393 1715 3415  545 1911 3416  892 1911 3416  713 3417 3787  992 3417 3787  214 1819 3418  992 1819 3418  1347 3208 3419  573 1347 3419  836 2800 3427  82 2800 3427  1609 3420 3421  484 1609 3421  899 1809 3422  494 1809 3422  110 1809 3423  899 1809 3423  1188 2945 3424  1188 1615 3424  976 2950 3425  48 2950 3425  48 1621 3426  1023 1621 3426  82 3420 3427  1050 3420 3427  118 2201 3428  118 1536 3428  1189 2381 3429  1189 1246 3429  74 2563 3430  1191 2563 3430  1525 3174 3431  435 1525 3431  1119 2742 3432  1034 1119 3432  935 1857 3433  51 1857 3433  1478 3203 3434  454 1478 3434  897 1585 3435  244 1585 3435  2290 3435 3436  605 2290 3436  519 1963 3437  519 1207 3437  257 2484 3438  1018 2484 3438  898 1995 3439  495 1995 3439  574 2209 3440  939 3440 3696  737 2277 3441  958 2277 3441  428 1591 3442  918 1591 3442  1272 2969 3443  1039 2969 3443  1245 2348 3444  135 2348 3444  388 3093 3445  1174 3093 3445  281 1292 3446  1292 3446 3447  1776 2469 3701  1021 1776 3701  1021 1776 3448  86 1776 3448  904 3449 3610  904 3450 3610  2606 3450 3610  757 2606 3450  2870 3450 3451  263 2870 3451  1019 1758 3452  394 1758 3452  88 1758 3453  1019 1758 3453  522 1797 3454  964 1797 3454  748 1433 3455  393 1433 3455  542 3084 3456  1851 3084 3456  1439 2953 3457  330 2953 3457  291 2328 3458  1107 2734 3927  381 1647 3459  997 1647 3459  530 1741 3460  997 1741 3460  89 1193 3461  997 1193 3461  1508 3089 3605  1508 3462 3605  1910 3463 3587  959 3463 3587  860 1672 3464  1672 3464 3553  406 3063 3465  969 3063 3465  1052 3665 3788  348 2517 3665  368 3394 3467  1068 3394 3467  1068 2045 3468  79 2045 3468  1068 1991 3469  294 1991 3469  996 2426 3470  173 2426 3470  392 2585 3472  392 3471 3472  1071 2199 3472  1071 2585 3472  969 3466 3473  1238 3466 3473  1462 2404 3474  176 2404 3474  1103 2742 3475  314 2742 3475  980 2700 3476  624 2700 3476  282 2195 3477  2195 3477 3672  843 1787 3478  843 1986 3478  618 1493 3479  618 1372 3479  506 1535 3480  910 1535 3480  910 1535 3481  253 1535 3481  1057 2195 3482  282 2195 3482  922 1815 3483  495 1815 3483  590 2307 3484  1491 3484 3607  1489 2360 3485  1428 3579 3881  967 1637 3486  44 1637 3486  212 1636 3583  447 1636 3487  942 1824 3488  97 1824 3488  385 3108 3489  385 2039 3489  84 3401 3490  84 2013 3490  462 1688 3491  858 1688 3491  172 2493 3892  172 3492 3892  117 2438 3493  117 2615 3493  913 2012 3494  81 2012 3494  528 2012 3495  913 2012 3495  634 1240 3496  352 3496 3979  1942 1943 3497  644 1943 3497  1226 2349 3498  1006 1226 3498  1729 2491 3499  1006 1729 3499  1006 3500 3621  285 3500 3621  109 3501 3880  109 2442 3501  944 2346 3502  207 2346 3502  537 1455 3503  943 1455 3503  947 1830 3504  510 1830 3504  947 1707 3505  457 1707 3505  1364 3406 3506  825 3406 3506  113 1915 3507  113 1567 3507  226 2159 3508  1009 2159 3508  2624 3509 3778  916 2624 3509  1165 2586 3510  125 2586 3510  1135 2350 3511  361 2350 3511  3401 3512 3968  928 3401 3512  518 1454 3513  1039 1454 3513  841 1842 3514  85 1842 3514  751 1603 3515  323 1603 3515  1336 3516 3575  707 3516 3575  480 1832 3517  1028 1832 3517  498 1824 3518  942 1824 3518  942 1917 3519  341 1917 3519  59 1859 3520  1396 1859 3520  1081 2964 3521  1081 1558 3521  1450 2287 3522  1037 2287 3522  71 1966 3523  71 1635 3523  1227 2727 3524  100 1227 3524  932 1817 3525  449 1817 3525  449 1817 3839  932 1817 3526  1597 2227 3527  923 1597 3527  1879 2417 3528  650 2417 3528  266 1266 3529  923 1266 3529  1973 2934 3530  1042 1973 3530  1042 2831 3531  122 2831 3531  39 2339 3532  39 2340 3532  779 2735 3533  1360 2735 3533  1591 3017 3534  428 1591 3534  776 1594 3535  4 1594 3535  1104 1616 3896  1174 3536 3898  1199 3011 3537  368 3011 3537  1252 2673 3538  660 2673 3538  269 1355 3539  927 1355 3539  927 1355 3540  702 1355 3540  274 1486 3541  944 1486 3541  298 1391 3542  1049 1391 3542  2134 3241 3543  989 2134 3543  623 1261 3544  1261 1860 3544  509 1945 3545  1945 2113 3545  1587 2037 3546  101 2037 3546  978 1506 3547  356 1506 3547  667 2105 3548  667 3705 3706  1197 2892 3549  216 2892 3549  1409 3212 3550  946 3550 3613  460 2862 3551  1583 2862 3551  262 1952 3552  1952 3552 3695  941 1871 3553  456 1871 3553  941 1951 3554  78 1951 3554  255 1916 3555  929 1916 3555  420 1947 3556  929 1947 3556  841 1643 3557  501 1643 3557  1286 3309 3558  347 3309 3558  1264 2192 3559  166 2192 3559  535 1863 3560  1778 3560 3917  1071 2199 3561  373 2199 3561  1406 1802 3562  1406 2257 3562  1049 1758 3563  88 1758 3563  948 3565 3622  453 3565 3622  955 2191 3565  948 2191 3565  1003 1952 3566  262 1952 3566  768 2808 3567  1369 2808 3567  390 1143 3568  390 1105 3568  2066 3186 3569  859 3186 3569  336 1735 3570  1137 1735 3570  1243 2042 3571  828 2042 3571  932 1673 3731  932 3572 3731  380 3372 3573  933 3372 3573  985 1801 3574  492 1801 3574  2697 3075 3575  707 2697 3575  247 1801 3576  985 1801 3576  415 1466 3577  994 1466 3577  994 1466 3578  43 1466 3578  1489 3412 3881  411 3412 3881  1613 2501 3580  727 2501 3580  443 2580 3581  991 2580 3581  570 2050 3582  570 2051 3582  1636 3487 3583  967 3487 3583  952 2751 3584  329 2751 3584  444 1517 3585  1517 3585 3842  67 1073 3586  67 1435 3586  545 1850 3587  959 1850 3587  936 2099 3588  388 2099 3588  309 3589 3798  1094 3589 3798  210 2832 3590  210 1690 3590  348 2517 3591  1287 2517 3591  1130 3907 3939  1130 1302 3592  346 1512 3593  1118 1512 3593  715 2701 3594  2701 3594 3595  121 2343 3595  953 2343 3595  1332 3151 3596  1332 2037 3596  775 2877 3597  1315 2877 3597  2371 3035 3598  975 3035 3598  18 2681 3599  1175 2681 3599  986 1265 3600  91 2446 3702  91 1646 3601  1017 3601 3721  1058 1982 3833  1341 3602 3832  1010 3130 3603  102 3130 3603  917 3243 3604  1794 3243 3604  1037 2287 3605  300 2287 3605  1427 3133 3606  1427 3606 3684  590 2306 3607  981 2306 3607  981 2062 3608  267 2062 3608  330 2102 3609  330 1738 3609  3449 3610 3900  1041 3610 3900  1031 1886 3611  94 1886 3611  1369 1542 3612  237 1542 3612  1409 3550 3613  395 1409 3613  628 2070 3614  1455 2070 3614  1807 2112 3615  222 1807 3615  37 1936 3616  37 1400 3616  1370 2872 3617  36 1337 3879  1817 3526 3618  26 3526 3618  1299 2712 3619  53 2712 3619  415 3577 3620  1093 3577 3620  1226 2023 3621  285 2023 3621  1557 3353 3622  453 3353 3622  1576 3105 3623  750 3105 3623  958 3009 3624  958 1935 3624  621 2336 3625  1581 2336 3625  580 2762 3626  725 2762 3626  1730 3627 3630  184 1730 3627  1046 1926 3628  325 1926 3628  1319 2982 3629  729 2982 3629  983 1317 3630  371 1317 3630  983 1927 3631  516 1927 3631  414 1960 3632  414 1399 3632  935 1857 3633  935 2257 3633  1143 2274 3634  1007 2274 3634  1795 2753 3635  162 1795 3635  100 1214 3637  1214 3636 3637  1582 3197 3637  100 3197 3637  1030 2033 3638  542 2033 3638  444 1516 3639  557 1516 3639  207 1557 3640  948 1557 3640  2273 3640 3641  948 3640 3641  2119 3642 3643  620 2119 3642  966 1781 3643  3 1781 3643  1679 3644 3971  1064 3644 3971  78 1766 3645  950 1766 3645  951 1763 3646  469 1763 3646  261 1844 3647  949 1844 3647  1675 3404 3648  950 3404 3648  949 1767 3649  20 1767 3649  469 1767 3650  949 1767 3650  951 1844 3651  261 1844 3651  468 1765 3652  950 1765 3652  142 1763 3653  951 1763 3653  1614 3101 3654  1048 3101 3654  856 2464 3655  856 1721 3655  1159 2113 3656  169 2113 3656  1159 2137 3657  409 2137 3657  1202 3658 3659  437 3658 3659  1505 2647 3659  437 2647 3659  230 1286 3660  230 2814 3660  41 2067 3661  1027 2067 3661  610 3180 3662  1092 3180 3662  1345 2544 3663  839 2544 3663  253 1535 3664  909 1535 3664  348 3466 3788  348 3665 3788  1009 1543 3666  671 1543 3666  1613 3580 3667  442 3580 3667  540 1745 3668  992 1745 3668  250 1290 3669  250 1995 3669  1796 2753 3670  791 2753 3670  225 2900 3671  1218 2900 3671  585 2194 3672  980 2194 3672  568 2197 3673  568 1465 3673  1274 2285 3792  390 1274 3674  717 2616 3675  717 2414 3675  998 2184 3676  320 2184 3676  2821 3676 3677  201 2821 3677  2696 3677 3678  533 2696 3678  443 2523 3679  1029 2523 3679  1029 1415 3680  161 1415 3680  1289 3679 3681  1029 3679 3681  1121 1122 3682  1122 2124 3682  434 1854 3683  988 1854 3683  988 1854 3684  276 1854 3684  988 1480 3685  37 1480 3685  1374 2063 3686  143 1374 3686  725 1939 3687  1893 1939 3687  1234 3290 3688  914 3290 3688  314 3475 3689  314 1133 3689  607 2267 3690  1502 2267 3690  289 2118 3691  974 2118 3691  973 2118 3692  289 2118 3692  3203 3433 3693  51 3433 3693  127 1510 3694  974 1510 3694  520 1951 3695  941 1951 3695  2209 3440 3696  343 2209 3696  440 1645 3697  571 1645 3697  213 1901 3698  984 1901 3698  2086 3698 3699  984 3698 3699  961 2439 3700  623 2439 3700  1021 3447 3701  353 3447 3701  91 3600 3702  986 3600 3702  986 1891 3703  499 1891 3703  995 1738 3704  995 2259 3704  1680 3548 3706  667 3548 3706  296 1958 3706  296 1680 3706  692 1279 3707  1279 1468 3707  1094 1757 3708  164 1757 3708  69 1655 3709  960 3709 3774  1243 2480 3710  759 2480 3710  455 1687 3711  1001 1687 3711  218 2353 3712  1001 2353 3712  1001 2511 3713  500 2511 3713  1014 2538 3714  301 2538 3714  888 3399 3715  888 2009 3715  1444 3027 3716  298 3027 3716  492 1398 3717  1202 1398 3717  1202 3161 3718  438 3161 3718  1197 3549 3719  577 3549 3719  1356 2041 3720  416 2041 3720  1646 3601 3721  481 1646 3721  275 3080 3722  1017 3080 3722  413 1504 3723  970 1504 3723  970 1900 3724  235 1900 3724  1346 2618 3725  71 2618 3725  1053 2078 3726  503 2078 3726  434 1641 3727  1641 3727 3807  963 1634 3728  265 1634 3728  963 1990 3729  130 1990 3729  963 1860 3730  467 1860 3730  216 2892 3731  1608 2892 3731  113 2602 3732  1070 2602 3732  616 2326 3733  616 1855 3733  282 3134 3734  979 3134 3734  1685 3735 3829  1080 3735 3829  979 2093 3736  82 2093 3736  746 2095 3737  1066 2095 3737  1181 1204 3738  357 1204 3738  161 1204 3739  1181 1204 3739  1181 1883 3740  340 1883 3740  647 1487 3741  647 2220 3741  1045 2694 3742  24 2694 3742  989 2134 3743  240 2134 3743  1321 2628 3744  718 2628 3744  971 1132 3745  75 1132 3745  971 1852 3746  271 1852 3746  1703 3745 3747  458 1703 3747  74 2776 3748  1671 2776 3748  1104 3536 3898  1104 1616 3897  128 2396 3750  991 2396 3750  498 1822 3751  872 1822 3751  499 1889 3752  847 1889 3752  1392 2758 3753  720 2758 3753  556 2073 3754  556 2072 3754  1784 2956 3755  982 1784 3755  213 1661 3756  752 1661 3756  1928 3388 3757  778 3388 3757  1154 2316 3758  401 2316 3758  708 2949 3759  1149 2949 3759  1570 2201 3760  830 2201 3760  1138 2093 3761  546 2093 3761  1043 2615 3762  117 2615 3762  1044 2273 3763  615 2273 3763  375 3280 3764  1386 3280 3764  304 1969 3765  1024 1969 3765  657 3112 3766  1285 3112 3766  164 1954 3767  977 1954 3767  473 2101 3768  977 2101 3768  977 1954 3769  529 1954 3769  1046 3762 3770  117 3762 3770  271 1852 3771  972 1852 3771  449 1673 3772  449 1136 3772  966 1781 3773  966 2766 3773  1655 2938 3774  473 2938 3774  761 2445 3776  125 2445 3775  2445 3775 3776  1030 3775 3776  1306 2422 3777  177 2422 3777  5 9 3778  9 1929 3778  810 3070 3779  1914 3070 3779  43 1829 3780  940 1829 3780  814 1783 3781  483 1783 3781  1369 1542 3782  398 1369 3782  1040 2021 3783  68 2021 3783  506 1948 3784  1040 1948 3784  147 1693 3785  1086 1693 3785  366 2933 3786  1047 2933 3786  1793 3418 3787  992 3418 3787  969 3063 3788  1052 3063 3788  716 2142 3789  1079 2142 3789  2691 3789 3790  1079 3789 3790  1079 2109 3791  311 2109 3791  1274 3674 3792  1667 3674 3792  1283 2980 3793  852 2980 3793  594 1986 3794  594 1985 3794  970 1899 3795  503 1899 3795  1282 3106 3838  1000 1282 3796  252 2283 3797  1000 2283 3797  1757 2276 3798  1094 1757 3798  508 1810 3799  508 1893 3799  1245 2068 3800  419 2068 3800  86 1722 3801  1022 1722 3801  1028 1832 3802  287 1832 3802  337 2880 3803  1227 2880 3803  389 1116 3804  990 1116 3804  1116 3676 3805  320 3676 3805  987 1891 3806  276 1891 3806  122 1889 3807  987 1889 3807  130 1728 3808  1728 3808 3809  447 1636 3809  1013 1636 3809  1013 1638 3810  446 1638 3810  534 1677 3811  869 1677 3811  1098 1821 3812  539 1821 3812  2051 2182 3813  570 2051 3813  499 3703 3814  499 1890 3814  915 2123 3815  915 1923 3815  1087 1217 3816  711 1217 3816  1201 2568 3817  993 1201 3817  1023 2323 3818  611 2323 3818  1041 2606 3819  1041 1549 3819  961 3636 3820  1694 3636 3820  418 1552 3821  418 1551 3821  1551 3413 3822  254 3413 3822  132 2265 3823  1020 2265 3823  581 1658 3824  1022 1658 3824  1022 2132 3825  280 2132 3825  1047 2218 3826  59 2218 3826  1918 3826 3827  521 1918 3827  1615 2599 3828  1188 1615 3828  295 3283 3829  1080 3283 3829  972 1700 3830  140 1700 3830  2502 3476 3831  624 3476 3831  1058 2200 3832  523 2200 3832  1579 3602 3833  405 1579 3833  46 2200 3834  1058 2200 3834  1002 1762 3835  274 1762 3835  482 1762 3836  1002 1762 3836  628 2069 3837  1002 2069 3837  1282 3796 3838  360 3796 3838  1817 3618 3839  833 3618 3839  185 1846 3840  1458 1846 3840  625 1234 3841  625 1072 3841  70 1514 3842  1145 1514 3842  367 2514 3843  1145 2514 3843  1514 3843 3844  1357 1514 3844  700 2694 3845  1045 2694 3845  430 1526 3846  1077 1526 3846  1077 1526 3847  297 1526 3847  831 2886 3848  831 1968 3848  333 2103 3849  1061 2103 3849  1061 2103 3850  726 2103 3850  1562 3098 3851  819 3098 3851  1004 1993 3852  227 1993 3852  1607 3852 3853  551 1607 3853  1320 3854 3938  1035 3854 3938  852 3266 3855  1766 3266 3855  1015 1856 3856  45 1856 3856  119 2302 3857  119 2211 3857  1772 2410 3858  719 1772 3858  1521 3317 3961  332 3317 3961  1661 2086 3860  663 2086 3860  982 1784 3861  69 1784 3861  16 1941 3862  1120 1941 3862  1008 2395 3863  412 2395 3863  1008 2822 3864  25 2822 3864  1709 3644 3865  1064 3644 3865  853 3044 3866  1018 3866 3867  3044 3866 3867  515 3044 3867  1436 2567 3868  648 2567 3868  987 1889 3869  499 1889 3869  395 2852 3870  395 1411 3870  288 1576 3871  288 1821 3871  180 3872 3996  1096 3872 3996  805 1327 3873  344 1327 3873  802 2993 3874  1146 2993 3874  268 2135 3875  1075 2135 3875  1082 3035 3876  306 3035 3876  511 1848 3877  1012 1848 3877  1012 1705 3878  457 1705 3878  36 3617 3879  1370 3617 3879  1401 2538 3880  1014 2538 3880  1428 3485 3881  1489 3485 3881  64 1895 3882  924 1895 3882  1395 2802 3883  758 2802 3883  1230 1644 3884  181 1230 3884  634 1845 3885  493 1845 3885  1054 2038 3886  504 2038 3886  1054 1498 3887  632 1498 3887  1915 3507 3888  929 3507 3888  797 2778 3889  797 2533 3889  1425 2592 3890  410 2592 3890  1231 2857 3891  425 2857 3891  736 3892 4011  736 2493 3892  968 2513 3893  154 2513 3893  397 1704 3894  788 1704 3894  1284 2138 3895  598 2138 3895  1104 3536 3896  315 3536 3896  1616 3749 3897  771 3749 3897  2487 3897 3898  136 2487 3898  884 1650 3899  124 1650 3899  120 1550 3900  1041 1550 3900  1049 2917 3901  496 2917 3901  1680 3512 3902  296 1680 3902  924 1895 3903  548 1895 3903  2029 3904 3905  1016 2029 3904  1856 3836 3905  1015 1856 3905  1016 2029 3906  275 2029 3906  1130 3592 3907  51 3592 3907  356 1302 3908  1130 1302 3908  1997 3279 3909  1027 3279 3909  285 1948 3910  1011 1948 3910  1150 3714 3911  301 3714 3911  1023 1862 3912  281 1862 3912  1536 3428 3913  422 1536 3913  182 1610 3914  1062 1610 3914  1062 1610 3915  472 1610 3915  1683 3914 3916  1062 3914 3916  535 3046 3917  1390 3046 3917  281 2213 3918  1485 2213 3918  522 1970 3919  1024 1970 3919  491 1670 3920  491 1840 3920  1380 2809 3921  217 2809 3921  439 1415 3922  1085 1415 3922  1085 2011 3923  50 2011 3923  1707 3878 3924  153 1707 3924  1055 2162 3925  217 2162 3925  662 2578 3926  1419 2578 3926  1107 3458 3927  291 3458 3927  1156 2601 3928  339 2601 3928  894 1892 3929  249 1892 3929  1314 2901 3930  374 2901 3930  1727 3828 3931  1188 3828 3931  32 1687 3932  1056 1687 3932  676 2152 3933  2152 3933 3934  220 2052 3934  1087 2052 3934  1055 2039 3935  385 2039 3935  1084 3181 3936  301 3181 3936  1437 3357 3937  1035 3357 3937  1979 3937 3938  1035 3937 3938  1716 3127 3939  560 3127 3939  497 1886 3940  1031 1886 3940  156 1885 3941  1032 1885 3941  1032 1940 3942  292 1940 3942  1032 1885 3943  497 1885 3943  1859 3008 3944  769 1859 3944  703 1732 3945  1075 1732 3945  1107 3144 3946  913 3144 3946  387 3403 3947  1308 3403 3947  1309 3104 3949  505 3104 3949  29 2595 3950  1309 2595 3950  1308 1880 3950  29 1880 3950  836 2104 3951  667 2104 3951  524 1944 3952  1031 1944 3952  292 1940 3953  1031 1940 3953  1344 2827 3954  1344 2569 3954  1009 2160 3955  732 2160 3955  1488 2873 3956  666 2873 3956  498 1823 3957  1060 1823 3957  553 2114 3958  1060 2114 3958  504 2038 3959  1036 2038 3959  942 3519 3960  1277 3519 3960  1205 3343 3961  1521 3343 3961  1440 2146 3962  352 2146 3962  506 1932 3963  1011 1932 3963  880 2950 3964  880 1779 3964  1582 3197 3965  1582 2440 3965  1416 2562 3966  770 2562 3966  670 1543 3967  670 2187 3967  1063 2240 3968  84 2240 3968  1063 2337 3969  465 3969 3970  2337 3969 3970  1064 2337 3970  1686 3970 3971  1064 3970 3971  9 2969 3972  1272 2969 3972  440 1660 3973  1070 1660 3973  1070 1660 3974  294 1660 3974  1134 2739 3976  231 2739 3976  1135 2965 3976  1134 2965 3976  294 2333 3977  1069 2333 3977  200 1556 3978  200 2279 3978  1240 3496 3979  1240 1337 3979  1166 2369 3980  383 2369 3980  474 2369 3981  1166 2369 3981  1099 2261 3982  318 2261 3982  485 1754 3983  485 1836 3983  1549 2877 3984  775 2877 3984  1457 3985 3986  62 1457 3985  1090 2204 3986  476 2204 3986  1040 1948 3987  285 1948 3987  492 1801 3988  1088 1801 3988  286 1868 3989  1042 1868 3989  1261 2909 3990  147 2909 3990  1004 1902 3991  525 1902 3991  111 3057 3992  1053 3057 3992  276 1891 3993  986 1891 3993  590 2307 3994  930 2307 3994  957 3000 3995  1076 3000 3995  1440 3962 3996  1096 3962 3996  404 3429 3997  1507 3429 3997  145 2148 3998  1051 2148 3998  485 2008 3999  1051 2008 3999  1051 2008 4000  283 2008 4000  305 2094 4001  1111 2094 4001  1465 3110 4002  1097 1465 4002  443 2011 4003  1085 2011 4003  1036 2038 4004  304 2038 4004  1000 1598 4005  1000 2264 4005  554 1623 4006  1120 1623 4006  227 1993 4007  1185 1993 4007  1477 3090 4008  419 1477 4008  1127 4009 4010  322 4009 4010  1532 2786 4010  322 2786 4010  1080 3482 4011  1080 3283 4011  513 1956 4012  1048 1956 4012  438 1544 4013  1140 1544 4013  1140 1544 4014  319 1544 4014  1505 4013 4015  1140 4013 4015  3122 3932 4016  1056 3932 4016  1056 1687 4017  455 1687 4017  1709 3865 4018  296 3865 4018  1445 1778 4019  138 1445 4019  795 1978 4020  795 1779 4020  337 3803 4021  1228 3803 4021  </DataArray>
<DataArray  type="UInt32"  Name="offsets"  format="ascii">3 6 9 12 15 18 21 24 27 30 33 36 39 42 45 48 51 54 57 60 63 66 69 72 75 78 81 84 87 90 93 96 99 102 105 108 111 114 117 120 123 126 129 132 135 138 141 144 147 150 153 156 159 162 165 168 171 174 177 180 183 186 189 192 195 198 201 204 207 210 213 216 219 222 225 228 231 234 237 240 243 246 249 252 255 258 261 264 267 270 273 276 279 282 285 288 291 294 297 300 303 306 309 312 315 318 321 324 327 330 333 336 339 342 345 348 351 354 357 360 363 366 369 372 375 378 381 384 387 390 393 396 399 402 405 408 411 414 417 420 423 426 429 432 435 438 441 444 447 450 453 456 459 462 465 468 471 474 477 480 483 486 489 492 495 498 501 504 507 510 513 516 519 522 525 528 531 534 537 540 543 546 549 552 555 558 561 564 567 570 573 576 579 582 585 588 591 594 597 600 603 606 609 612 615 618 621 624 627 630 633 636 639 642 645 648 651 654 657 660 663 666 669 672 675 678 681 684 687 690 693 696 699 702 705 708 711 714 717 720 723 726 729 732 735 738 741 744 747 750 753 756 759 762 765 768 771 774 777 780 783 786 789 792 795 798 801 804 807 810 813 816 819 822 825 828 831 834 837 840 843 846 849 852 855 858 861 864 867 870 873 876 879 882 885 888 891 894 897 900 903 906 909 912 915 918 921 924 927 930 933 936 939 942 945 948 951 954 957 960 963 966 969 972 975 978 981 984 987 990 993 996 999 1002 1005 1008 1011 1014 1017 1020 1023 1026 1029 1032 1035 1038 1041 1044 1047 1050 1053 1056 1059 1062 1065 1068 1071 1074 1077 1080 1083 1086 1089 1092 1095 1098 1101 1104 1107 1110 1113 1116 1119 1122 1125 1128 1131 1134 1137 1140 1143 1146 1149 1152 1155 1158 1161 1164 1167 1170 1173 1176 1179 1182 1185 1188 1191 1194 1197 1200 1203 1206 1209 1212 1215 1218 1221 1224 1227 1230 1233 1236 1239 1242 1245 1248 1251 1254 1257 1260 1263 1266 1269 1272 1275 1278 1281 1284 1287 1290 1293 1296 1299 1302 1305 1308 1311 1314 1317 1320 1323 1326 1329 1332 1335 1338 1341 1344 1347 1350 1353 1356 1359 1362 1365 1368 1371 1374 1377 1380 1383 1386 1389 1392 1395 1398 1401 1404 1407 1410 1413 1416 1419 1422 1425 1428 1431 1434 1437 1440 1443 1446 1449 1452 1455 1458 1461 1464 1467 1470 1473 1476 1479 1482 1485 1488 1491 1494 1497 1500 1503 1506 1509 1512 1515 1518 1521 1524 1527 1530 1533 1536 1539 1542 1545 1548 1551 1554 1557 1560 1563 1566 1569 1572 1575 1578 1581 1584 1587 1590 1593 1596 1599 1602 1605 1608 1611 1614 1617 1620 1623 1626 1629 1632 1635 1638 1641 1644 1647 1650 1653 1656 1659 1662 1665 1668 1671 1674 1677 1680 1683 1686 1689 1692 1695 1698 1701 1704 1707 1710 1713 1716 1719 1722 1725 1728 1731 1734 1737 1740 1743 1746 1749 1752 1755 1758 1761 1764 1767 1770 1773 1776 1779 1782 1785 1788 1791 1794 1797 1800 1803 1806 1809 1812 1815 1818 1821 1824 1827 1830 1833 1836 1839 1842 1845 1848 1851 1854 1857 1860 1863 1866 1869 1872 1875 1878 1881 1884 1887 1890 1893 1896 1899 1902 1905 1908 1911 1914 1917 1920 1923 1926 1929 1932 1935 1938 1941 1944 1947 1950 1953 1956 1959 1962 1965 1968 1971 1974 1977 1980 1983 1986 1989 1992 1995 1998 2001 2004 2007 2010 2013 2016 2019 2022 2025 2028 2031 2034 2037 2040 2043 2046 2049 2052 2055 2058 2061 2064 2067 2070 2073 2076 2079 2082 2085 2088 2091 2094 2097 2100 2103 2106 2109 2112 2115 2118 2121 2124 2127 2130 2133 2136 2139 2142 2145 2148 2151 2154 2157 2160 2163 2166 2169 2172 2175 2178 2181 2184 2187 2190 2193 2196 2199 2202 2205 2208 2211 2214 2217 2220 2223 2226 2229 2232 2235 2238 2241 2244 2247 2250 2253 2256 2259 2262 2265 2268 2271 2274 2277 2280 2283 2286 2289 2292 2295 2298 2301 2304 2307 2310 2313 2316 2319 2322 2325 2328 2331 2334 2337 2340 2343 2346 2349 2352 2355 2358 2361 2364 2367 2370 2373 2376 2379 2382 2385 2388 2391 2394 2397 2400 2403 2406 2409 2412 2415 2418 2421 2424 2427 2430 2433 2436 2439 2442 2445 2448 2451 2454 2457 2460 2463 2466 2469 2472 2475 2478 2481 2484 2487 2490 2493 2496 2499 2502 2505 2508 2511 2514 2517 2520 2523 2526 2529 2532 2535 2538 2541 2544 2547 2550 2553 2556 2559 2562 2565 2568 2571 2574 2577 2580 2583 2586 2589 2592 2595 2598 2601 2604 2607 2610 2613 2616 2619 2622 2625 2628 2631 2634 2637 2640 2643 2646 2649 2652 2655 2658 2661 2664 2667 2670 2673 2676 2679 2682 2685 2688 2691 2694 2697 2700 2703 2706 2709 2712 2715 2718 2721 2724 2727 2730 2733 2736 2739 2742 2745 2748 2751 2754 2757 2760 2763 2766 2769 2772 2775 2778 2781 2784 2787 2790 2793 2796 2799 2802 2805 2808 2811 2814 2817 2820 2823 2826 2829 2832 2835 2838 2841 2844 2847 2850 2853 2856 2859 2862 2865 2868 2871 2874 2877 2880 2883 2886 2889 2892 2895 2898 2901 2904 2907 2910 2913 2916 2919 2922 2925 2928 2931 2934 2937 2940 2943 2946 2949 2952 2955 2958 2961 2964 2967 2970 2973 2976 2979 2982 2985 2988 2991 2994 2997 3000 3003 3006 3009 3012 3015 3018 3021 3024 3027 3030 3033 3036 3039 3042 3045 3048 3051 3054 3057 3060 3063 3066 3069 3072 3075 3078 3081 3084 3087 3090 3093 3096 3099 3102 3105 3108 3111 3114 3117 3120 3123 3126 3129 3132 3135 3138 3141 3144 3147 3150 3153 3156 3159 3162 3165 3168 3171 3174 3177 3180 3183 3186 3189 3192 3195 3198 3201 3204 3207 3210 3213 3216 3219 3222 3225 3228 3231 3234 3237 3240 3243 3246 3249 3252 3255 3258 3261 3264 3267 3270 3273 3276 3279 3282 3285 3288 3291 3294 3297 3300 3303 3306 3309 3312 3315 3318 3321 3324 3327 3330 3333 3336 3339 3342 3345 3348 3351 3354 3357 3360 3363 3366 3369 3372 3375 3378 3381 3384 3387 3390 3393 3396 3399 3402 3405 3408 3411 3414 3417 3420 3423 3426 3429 3432 3435 3438 3441 3444 3447 3450 3453 3456 3459 3462 3465 3468 3471 3474 3477 3480 3483 3486 3489 3492 3495 3498 3501 3504 3507 3510 3513 3516 3519 3522 3525 3528 3531 3534 3537 3540 3543 3546 3549 3552 3555 3558 3561 3564 3567 3570 3573 3576 3579 3582 3585 3588 3591 3594 3597 3600 3603 3606 3609 3612 3615 3618 3621 3624 3627 3630 3633 3636 3639 3642 3645 3648 3651 3654 3657 3660 3663 3666 3669 3672 3675 3678 3681 3684 3687 3690 3693 3696 3699 3702 3705 3708 3711 3714 3717 3720 3723 3726 3729 3732 3735 3738 3741 3744 3747 3750 3753 3756 3759 3762 3765 3768 3771 3774 3777 3780 3783 3786 3789 3792 3795 3798 3801 3804 3807 3810 3813 3816 3819 3822 3825 3828 3831 3834 3837 3840 3843 3846 3849 3852 3855 3858 3861 3864 3867 3870 3873 3876 3879 3882 3885 3888 3891 3894 3897 3900 3903 3906 3909 3912 3915 3918 3921 3924 3927 3930 3933 3936 3939 3942 3945 3948 3951 3954 3957 3960 3963 3966 3969 3972 3975 3978 3981 3984 3987 3990 3993 3996 3999 4002 4005 4008 4011 4014 4017 4020 4023 4026 4029 4032 4035 4038 4041 4044 4047 4050 4053 4056 4059 4062 4065 4068 4071 4074 4077 4080 4083 4086 4089 4092 4095 4098 4101 4104 4107 4110 4113 4116 4119 4122 4125 4128 4131 4134 4137 4140 4143 4146 4149 4152 4155 4158 4161 4164 4167 4170 4173 4176 4179 4182 4185 4188 4191 4194 4197 4200 4203 4206 4209 4212 4215 4218 4221 4224 4227 4230 4233 4236 4239 4242 4245 4248 4251 4254 4257 4260 4263 4266 4269 4272 4275 4278 4281 4284 4287 4290 4293 4296 4299 4302 4305 4308 4311 4314 4317 4320 4323 4326 4329 4332 4335 4338 4341 4344 4347 4350 4353 4356 4359 4362 4365 4368 4371 4374 4377 4380 4383 4386 4389 4392 4395 4398 4401 4404 4407 4410 4413 4416 4419 4422 4425 4428 4431 4434 4437 4440 4443 4446 4449 4452 4455 4458 4461 4464 4467 4470 4473 4476 4479 4482 4485 4488 4491 4494 4497 4500 4503 4506 4509 4512 4515 4518 4521 4524 4527 4530 4533 4536 4539 4542 4545 4548 4551 4554 4557 4560 4563 4566 4569 4572 4575 4578 4581 4584 4587 4590 4593 4596 4599 4602 4605 4608 4611 4614 4617 4620 4623 4626 4629 4632 4635 4638 4641 4644 4647 4650 4653 4656 4659 4662 4665 4668 4671 4674 4677 4680 4683 4686 4689 4692 4695 4698 4701 4704 4707 4710 4713 4716 4719 4722 4725 4728 4731 4734 4737 4740 4743 4746 4749 4752 4755 4758 4761 4764 4767 4770 4773 4776 4779 4782 4785 4788 4791 4794 4797 4800 4803 4806 4809 4812 4815 4818 4821 4824 4827 4830 4833 4836 4839 4842 4845 4848 4851 4854 4857 4860 4863 4866 4869 4872 4875 4878 4881 4884 4887 4890 4893 4896 4899 4902 4905 4908 4911 4914 4917 4920 4923 4926 4929 4932 4935 4938 4941 4944 4947 4950 4953 4956 4959 4962 4965 4968 4971 4974 4977 4980 4983 4986 4989 4992 4995 4998 5001 5004 5007 5010 5013 5016 5019 5022 5025 5028 5031 5034 5037 5040 5043 5046 5049 5052 5055 5058 5061 5064 5067 5070 5073 5076 5079 5082 5085 5088 5091 5094 5097 5100 5103 5106 5109 5112 5115 5118 5121 5124 5127 5130 5133 5136 5139 5142 5145 5148 5151 5154 5157 5160 5163 5166 5169 5172 5175 5178 5181 5184 5187 5190 5193 5196 5199 5202 5205 5208 5211 5214 5217 5220 5223 5226 5229 5232 5235 5238 5241 5244 5247 5250 5253 5256 5259 5262 5265 5268 5271 5274 5277 5280 5283 5286 5289 5292 5295 5298 5301 5304 5307 5310 5313 5316 5319 5322 5325 5328 5331 5334 5337 5340 5343 5346 5349 5352 5355 5358 5361 5364 5367 5370 5373 5376 5379 5382 5385 5388 5391 5394 5397 5400 5403 5406 5409 5412 5415 5418 5421 5424 5427 5430 5433 5436 5439 5442 5445 5448 5451 5454 5457 5460 5463 5466 5469 5472 5475 5478 5481 5484 5487 5490 5493 5496 5499 5502 5505 5508 5511 5514 5517 5520 5523 5526 5529 5532 5535 5538 5541 5544 5547 5550 5553 5556 5559 5562 5565 5568 5571 5574 5577 5580 5583 5586 5589 5592 5595 5598 5601 5604 5607 5610 5613 5616 5619 5622 5625 5628 5631 5634 5637 5640 5643 5646 5649 5652 5655 5658 5661 5664 5667 5670 5673 5676 5679 5682 5685 5688 5691 5694 5697 5700 5703 5706 5709 5712 5715 5718 5721 5724 5727 5730 5733 5736 5739 5742 5745 5748 5751 5754 5757 5760 5763 5766 5769 5772 5775 5778 5781 5784 5787 5790 5793 5796 5799 5802 5805 5808 5811 5814 5817 5820 5823 5826 5829 5832 5835 5838 5841 5844 5847 5850 5853 5856 5859 5862 5865 5868 5871 5874 5877 5880 5883 5886 5889 5892 5895 5898 5901 5904 5907 5910 5913 5916 5919 5922 5925 5928 5931 5934 5937 5940 5943 5946 5949 5952 5955 5958 5961 5964 5967 5970 5973 5976 5979 5982 5985 5988 5991 5994 5997 6000 6003 6006 6009 6012 6015 6018 6021 6024 6027 6030 6033 6036 6039 6042 6045 6048 6051 6054 6057 6060 6063 6066 6069 6072 6075 6078 6081 6084 6087 6090 6093 6096 6099 6102 6105 6108 6111 6114 6117 6120 6123 6126 6129 6132 6135 6138 6141 6144 6147 6150 6153 6156 6159 6162 6165 6168 6171 6174 6177 6180 6183 6186 6189 6192 6195 6198 6201 6204 6207 6210 6213 6216 6219 6222 6225 6228 6231 6234 6237 6240 6243 6246 6249 6252 6255 6258 6261 6264 6267 6270 6273 6276 6279 6282 6285 6288 6291 6294 6297 6300 6303 6306 6309 6312 6315 6318 6321 6324 6327 6330 6333 6336 6339 6342 6345 6348 6351 6354 6357 6360 6363 6366 6369 6372 6375 6378 6381 6384 6387 6390 6393 6396 6399 6402 6405 6408 6411 6414 6417 6420 6423 6426 6429 6432 6435 6438 6441 6444 6447 6450 6453 6456 6459 6462 6465 6468 6471 6474 6477 6480 6483 6486 6489 6492 6495 6498 6501 6504 6507 6510 6513 6516 6519 6522 6525 6528 6531 6534 6537 6540 6543 6546 6549 6552 6555 6558 6561 6564 6567 6570 6573 6576 6579 6582 6585 6588 6591 6594 6597 6600 6603 6606 6609 6612 6615 6618 6621 6624 6627 6630 6633 6636 6639 6642 6645 6648 6651 6654 6657 6660 6663 6666 6669 6672 6675 6678 6681 6684 6687 6690 6693 6696 6699 6702 6705 6708 6711 6714 6717 6720 6723 6726 6729 6732 6735 6738 6741 6744 6747 6750 6753 6756 6759 6762 6765 6768 6771 6774 6777 6780 6783 6786 6789 6792 6795 6798 6801 6804 6807 6810 6813 6816 6819 6822 6825 6828 6831 6834 6837 6840 6843 6846 6849 6852 6855 6858 6861 6864 6867 6870 6873 6876 6879 6882 6885 6888 6891 6894 6897 6900 6903 6906 6909 6912 6915 6918 6921 6924 6927 6930 6933 6936 6939 6942 6945 6948 6951 6954 6957 6960 6963 6966 6969 6972 6975 6978 6981 6984 6987 6990 6993 6996 6999 7002 7005 7008 7011 7014 7017 7020 7023 7026 7029 7032 7035 7038 7041 7044 7047 7050 7053 7056 7059 7062 7065 7068 7071 7074 7077 7080 7083 7086 7089 7092 7095 7098 7101 7104 7107 7110 7113 7116 7119 7122 7125 7128 7131 7134 7137 7140 7143 7146 7149 7152 7155 7158 7161 7164 7167 7170 7173 7176 7179 7182 7185 7188 7191 7194 7197 7200 7203 7206 7209 7212 7215 7218 7221 7224 7227 7230 7233 7236 7239 7242 7245 7248 7251 7254 7257 7260 7263 7266 7269 7272 7275 7278 7281 7284 7287 7290 7293 7296 7299 7302 7305 7308 7311 7314 7317 7320 7323 7326 7329 7332 7335 7338 7341 7344 7347 7350 7353 7356 7359 7362 7365 7368 7371 7374 7377 7380 7383 7386 7389 7392 7395 7398 7401 7404 7407 7410 7413 7416 7419 7422 7425 7428 7431 7434 7437 7440 7443 7446 7449 7452 7455 7458 7461 7464 7467 7470 7473 7476 7479 7482 7485 7488 7491 7494 7497 7500 7503 7506 7509 7512 7515 7518 7521 7524 7527 7530 7533 7536 7539 7542 7545 7548 7551 7554 7557 7560 7563 7566 7569 7572 7575 7578 7581 7584 7587 7590 7593 7596 7599 7602 7605 7608 7611 7614 7617 7620 7623 7626 7629 7632 7635 7638 7641 7644 7647 7650 7653 7656 7659 7662 7665 7668 7671 7674 7677 7680 7683 7686 7689 7692 7695 7698 7701 7704 7707 7710 7713 7716 7719 7722 7725 7728 7731 7734 7737 7740 7743 7746 7749 7752 7755 7758 7761 7764 7767 7770 7773 7776 7779 7782 7785 7788 7791 7794 7797 7800 7803 7806 7809 7812 7815 7818 7821 7824 7827 7830 7833 7836 7839 7842 7845 7848 7851 7854 7857 7860 7863 7866 7869 7872 7875 7878 7881 7884 7887 7890 7893 7896 7899 7902 7905 7908 7911 7914 7917 7920 7923 7926 7929 7932 7935 7938 7941 7944 7947 7950 7953 7956 7959 7962 7965 7968 7971 7974 7977 7980 7983 7986 7989 7992 7995 7998 8001 8004 8007 8010 8013 8016 8019 8022 8025 8028 8031 8034 8037 8040 8043 8046 8049 8052 8055 8058 8061 8064 8067 8070 8073 8076 8079 8082 8085 8088 8091 8094 8097 8100 8103 8106 8109 8112 8115 8118 8121 8124 8127 8130 8133 8136 8139 8142 8145 8148 8151 8154 8157 8160 8163 8166 8169 8172 8175 8178 8181 8184 8187 8190 8193 8196 8199 8202 8205 8208 8211 8214 8217 8220 8223 8226 8229 8232 8235 8238 8241 8244 8247 8250 8253 8256 8259 8262 8265 8268 8271 8274 8277 8280 8283 8286 8289 8292 8295 8298 8301 8304 8307 8310 8313 8316 8319 8322 8325 8328 8331 8334 8337 8340 8343 8346 8349 8352 8355 8358 8361 8364 8367 8370 8373 8376 8379 8382 8385 8388 8391 8394 8397 8400 8403 8406 8409 8412 8415 8418 8421 8424 8427 8430 8433 8436 8439 8442 8445 8448 8451 8454 8457 8460 8463 8466 8469 8472 8475 8478 8481 8484 8487 8490 8493 8496 8499 8502 8505 8508 8511 8514 8517 8520 8523 8526 8529 8532 8535 8538 8541 8544 8547 8550 8553 8556 8559 8562 8565 8568 8571 8574 8577 8580 8583 8586 8589 8592 8595 8598 8601 8604 8607 8610 8613 8616 8619 8622 8625 8628 8631 8634 8637 8640 8643 8646 8649 8652 8655 8658 8661 8664 8667 8670 8673 8676 8679 8682 8685 8688 8691 8694 8697 8700 8703 8706 8709 8712 8715 8718 8721 8724 8727 8730 8733 8736 8739 8742 8745 8748 8751 8754 8757 8760 8763 8766 8769 8772 8775 8778 8781 8784 8787 8790 8793 8796 8799 8802 8805 8808 8811 8814 8817 8820 8823 8826 8829 8832 8835 8838 8841 8844 8847 8850 8853 8856 8859 8862 8865 8868 8871 8874 8877 8880 8883 8886 8889 8892 8895 8898 8901 8904 8907 8910 8913 8916 8919 8922 8925 8928 8931 8934 8937 8940 8943 8946 8949 8952 8955 8958 8961 8964 8967 8970 8973 8976 8979 8982 8985 8988 8991 8994 8997 9000 9003 9006 9009 9012 9015 9018 9021 9024 9027 9030 9033 9036 9039 9042 9045 9048 9051 9054 9057 9060 9063 9066 9069 9072 9075 9078 9081 9084 9087 9090 9093 9096 9099 9102 9105 9108 9111 9114 9117 9120 9123 9126 9129 9132 9135 9138 9141 9144 9147 9150 9153 9156 9159 9162 9165 9168 9171 9174 9177 9180 9183 9186 9189 9192 9195 9198 9201 9204 9207 9210 9213 9216 9219 9222 9225 9228 9231 9234 9237 9240 9243 9246 9249 9252 9255 9258 9261 9264 9267 9270 9273 9276 9279 9282 9285 9288 9291 9294 9297 9300 9303 9306 9309 9312 9315 9318 9321 9324 9327 9330 9333 9336 9339 9342 9345 9348 9351 9354 9357 9360 9363 9366 9369 9372 9375 9378 9381 9384 9387 9390 9393 9396 9399 9402 9405 9408 9411 9414 9417 9420 9423 9426 9429 9432 9435 9438 9441 9444 9447 9450 9453 9456 9459 9462 9465 9468 9471 9474 9477 9480 9483 9486 9489 9492 9495 9498 9501 9504 9507 9510 9513 9516 9519 9522 9525 9528 9531 9534 9537 9540 9543 9546 9549 9552 9555 9558 9561 9564 9567 9570 9573 9576 9579 9582 9585 9588 9591 9594 9597 9600 9603 9606 9609 9612 9615 9618 9621 9624 9627 9630 9633 9636 9639 9642 9645 9648 9651 9654 9657 9660 9663 9666 9669 9672 9675 9678 9681 9684 9687 9690 9693 9696 9699 9702 9705 9708 9711 9714 9717 9720 9723 9726 9729 9732 9735 9738 9741 9744 9747 9750 9753 9756 9759 9762 9765 9768 9771 9774 9777 9780 9783 9786 9789 9792 9795 9798 9801 9804 9807 9810 9813 9816 9819 9822 9825 9828 9831 9834 9837 9840 9843 9846 9849 9852 9855 9858 9861 9864 9867 9870 9873 9876 9879 9882 9885 9888 9891 9894 9897 9900 9903 9906 9909 9912 9915 9918 9921 9924 9927 9930 9933 9936 9939 9942 9945 9948 9951 9954 9957 9960 9963 9966 9969 9972 9975 9978 9981 9984 9987 9990 9993 9996 9999 10002 10005 10008 10011 10014 10017 10020 10023 10026 10029 10032 10035 10038 10041 10044 10047 10050 10053 10056 10059 10062 10065 10068 10071 10074 10077 10080 10083 10086 10089 10092 10095 10098 10101 10104 10107 10110 10113 10116 10119 10122 10125 10128 10131 10134 10137 10140 10143 10146 10149 10152 10155 10158 10161 10164 10167 10170 10173 10176 10179 10182 10185 10188 10191 10194 10197 10200 10203 10206 10209 10212 10215 10218 10221 10224 10227 10230 10233 10236 10239 10242 10245 10248 10251 10254 10257 10260 10263 10266 10269 10272 10275 10278 10281 10284 10287 10290 10293 10296 10299 10302 10305 10308 10311 10314 10317 10320 10323 10326 10329 10332 10335 10338 10341 10344 10347 10350 10353 10356 10359 10362 10365 10368 10371 10374 10377 10380 10383 10386 10389 10392 10395 10398 10401 10404 10407 10410 10413 10416 10419 10422 10425 10428 10431 10434 10437 10440 10443 10446 10449 10452 10455 10458 10461 10464 10467 10470 10473 10476 10479 10482 10485 10488 10491 10494 10497 10500 10503 10506 10509 10512 10515 10518 10521 10524 10527 10530 10533 10536 10539 10542 10545 10548 10551 10554 10557 10560 10563 10566 10569 10572 10575 10578 10581 10584 10587 10590 10593 10596 10599 10602 10605 10608 10611 10614 10617 10620 10623 10626 10629 10632 10635 10638 10641 10644 10647 10650 10653 10656 10659 10662 10665 10668 10671 10674 10677 10680 10683 10686 10689 10692 10695 10698 10701 10704 10707 10710 10713 10716 10719 10722 10725 10728 10731 10734 10737 10740 10743 10746 10749 10752 10755 10758 10761 10764 10767 10770 10773 10776 10779 10782 10785 10788 10791 10794 10797 10800 10803 10806 10809 10812 10815 10818 10821 10824 10827 10830 10833 10836 10839 10842 10845 10848 10851 10854 10857 10860 10863 10866 10869 10872 10875 10878 10881 10884 10887 10890 10893 10896 10899 10902 10905 10908 10911 10914 10917 10920 10923 10926 10929 10932 10935 10938 10941 10944 10947 10950 10953 10956 10959 10962 10965 10968 10971 10974 10977 10980 10983 10986 10989 10992 10995 10998 11001 11004 11007 11010 11013 11016 11019 11022 11025 11028 11031 11034 11037 11040 11043 11046 11049 11052 11055 11058 11061 11064 11067 11070 11073 11076 11079 11082 11085 11088 11091 11094 11097 11100 11103 11106 11109 11112 11115 11118 11121 11124 11127 11130 11133 11136 11139 11142 11145 11148 11151 11154 11157 11160 11163 11166 11169 11172 11175 11178 11181 11184 11187 11190 11193 11196 11199 11202 11205 11208 11211 11214 11217 11220 11223 11226 11229 11232 11235 11238 11241 11244 11247 11250 11253 11256 11259 11262 11265 11268 11271 11274 11277 11280 11283 11286 11289 11292 11295 11298 11301 11304 11307 11310 11313 11316 11319 11322 11325 11328 11331 11334 11337 11340 11343 11346 11349 11352 11355 11358 11361 11364 11367 11370 11373 11376 11379 11382 11385 11388 11391 11394 11397 11400 11403 11406 11409 11412 11415 11418 11421 11424 11427 11430 11433 11436 11439 11442 11445 11448 11451 11454 11457 11460 11463 11466 11469 11472 11475 11478 11481 11484 11487 11490 11493 11496 11499 11502 11505 11508 11511 11514 11517 11520 11523 11526 11529 11532 11535 11538 11541 11544 11547 11550 11553 11556 11559 11562 11565 11568 11571 11574 11577 11580 11583 11586 11589 11592 11595 11598 11601 11604 11607 11610 11613 11616 11619 11622 11625 11628 11631 11634 11637 11640 11643 11646 11649 11652 11655 11658 11661 11664 11667 11670 11673 11676 11679 11682 11685 11688 11691 11694 11697 11700 11703 11706 11709 11712 11715 11718 11721 11724 11727 11730 11733 11736 11739 11742 11745 11748 11751 11754 11757 11760 11763 11766 11769 11772 11775 11778 11781 11784 11787 11790 11793 11796 11799 11802 11805 11808 11811 11814 11817 11820 11823 11826 11829 11832 11835 11838 11841 11844 11847 11850 11853 11856 11859 11862 11865 11868 11871 11874 11877 11880 11883 11886 11889 11892 11895 11898 11901 11904 11907 11910 11913 11916 11919 11922 11925 11928 11931 11934 11937 11940 11943 11946 11949 11952 11955 11958 11961 11964 11967 11970 11973 11976 11979 11982 11985 11988 11991 11994 11997 12000 12003 12006 12009 12012 12015 12018 12021 12024 12027 12030 12033 12036 12039 12042 12045 12048 12051 12054 12057 12060 12063 12066 12069 12072 12075 12078 12081 12084 12087 12090 12093 12096 12099 12102 12105 12108 12111 12114 12117 12120 12123 12126 12129 12132 12135 12138 12141 12144 12147 12150 12153 12156 12159 12162 12165 12168 12171 12174 12177 12180 12183 12186 12189 12192 12195 12198 12201 12204 12207 12210 12213 12216 12219 12222 12225 12228 12231 12234 12237 12240 12243 12246 12249 12252 12255 12258 12261 12264 12267 12270 12273 12276 12279 12282 12285 12288 12291 12294 12297 12300 12303 12306 12309 12312 12315 12318 12321 12324 12327 12330 12333 12336 12339 12342 12345 12348 12351 12354 12357 12360 12363 12366 12369 12372 12375 12378 12381 12384 12387 12390 12393 12396 12399 12402 12405 12408 12411 12414 12417 12420 12423 12426 12429 12432 12435 12438 12441 12444 12447 12450 12453 12456 12459 12462 12465 12468 12471 12474 12477 12480 12483 12486 12489 12492 12495 12498 12501 12504 12507 12510 12513 12516 12519 12522 12525 12528 12531 12534 12537 12540 12543 12546 12549 12552 12555 12558 12561 12564 12567 12570 12573 12576 12579 12582 12585 12588 12591 12594 12597 12600 12603 12606 12609 12612 12615 12618 12621 12624 12627 12630 12633 12636 12639 12642 12645 12648 12651 12654 12657 12660 12663 12666 12669 12672 12675 12678 12681 12684 12687 12690 12693 12696 12699 12702 12705 12708 12711 12714 12717 12720 12723 12726 12729 12732 12735 12738 12741 12744 12747 12750 12753 12756 12759 12762 12765 12768 12771 12774 12777 12780 12783 12786 12789 12792 12795 12798 12801 12804 12807 12810 12813 12816 12819 12822 12825 12828 12831 12834 12837 12840 12843 12846 12849 12852 12855 12858 12861 12864 12867 12870 12873 12876 12879 12882 12885 12888 12891 12894 12897 12900 12903 12906 12909 12912 12915 12918 12921 12924 12927 12930 12933 12936 12939 12942 12945 12948 12951 12954 12957 12960 12963 12966 12969 12972 12975 12978 12981 12984 12987 12990 12993 12996 12999 13002 13005 13008 13011 13014 13017 13020 13023 13026 13029 13032 13035 13038 13041 13044 13047 13050 13053 13056 13059 13062 13065 13068 13071 13074 13077 13080 13083 13086 13089 13092 13095 13098 13101 13104 13107 13110 13113 13116 13119 13122 13125 13128 13131 13134 13137 13140 13143 13146 13149 13152 13155 13158 13161 13164 13167 13170 13173 13176 13179 13182 13185 13188 13191 13194 13197 13200 13203 13206 13209 13212 13215 13218 13221 13224 13227 13230 13233 13236 13239 13242 13245 13248 13251 13254 13257 13260 13263 13266 13269 13272 13275 13278 13281 13284 13287 13290 13293 13296 13299 13302 13305 13308 13311 13314 13317 13320 13323 13326 13329 13332 13335 13338 13341 13344 13347 13350 13353 13356 13359 13362 13365 13368 13371 13374 13377 13380 13383 13386 13389 13392 13395 13398 13401 13404 13407 13410 13413 13416 13419 13422 13425 13428 13431 13434 13437 13440 13443 13446 13449 13452 13455 13458 13461 13464 13467 13470 13473 13476 13479 13482 13485 13488 13491 13494 13497 13500 13503 13506 13509 13512 13515 13518 13521 13524 13527 13530 13533 13536 13539 13542 13545 13548 13551 13554 13557 13560 13563 13566 13569 13572 13575 13578 13581 13584 13587 13590 13593 13596 13599 13602 13605 13608 13611 13614 13617 13620 13623 13626 13629 13632 13635 13638 13641 13644 13647 13650 13653 13656 13659 13662 13665 13668 13671 13674 13677 13680 13683 13686 13689 13692 13695 13698 13701 13704 13707 13710 13713 13716 13719 13722 13725 13728 13731 13734 13737 13740 13743 13746 13749 13752 13755 13758 13761 13764 13767 13770 13773 13776 13779 13782 13785 13788 13791 13794 13797 13800 13803 13806 13809 13812 13815 13818 13821 13824 13827 13830 13833 13836 13839 13842 13845 13848 13851 13854 13857 13860 13863 13866 13869 13872 13875 13878 13881 13884 13887 13890 13893 13896 13899 13902 13905 13908 13911 13914 13917 13920 13923 13926 13929 13932 13935 13938 13941 13944 13947 13950 13953 13956 13959 13962 13965 13968 13971 13974 13977 13980 13983 13986 13989 13992 13995 13998 14001 14004 14007 14010 14013 14016 14019 14022 14025 14028 14031 14034 14037 14040 14043 14046 14049 14052 14055 14058 14061 14064 14067 14070 14073 14076 14079 14082 14085 14088 14091 14094 14097 14100 14103 14106 14109 14112 14115 14118 14121 14124 14127 14130 14133 14136 14139 14142 14145 14148 14151 14154 14157 14160 14163 14166 14169 14172 14175 14178 14181 14184 14187 14190 14193 14196 14199 14202 14205 14208 14211 14214 14217 14220 14223 14226 14229 14232 14235 14238 14241 14244 14247 14250 14253 14256 14259 14262 14265 14268 14271 14274 14277 14280 14283 14286 14289 14292 14295 14298 14301 14304 14307 14310 14313 14316 14319 14322 14325 14328 14331 14334 14337 14340 14343 14346 14349 14352 14355 14358 14361 14364 14367 14370 14373 14376 14379 14382 14385 14388 14391 14394 14397 14400 14403 14406 14409 14412 14415 14418 14421 14424 14427 14430 14433 14436 14439 14442 14445 14448 14451 14454 14457 14460 14463 14466 14469 14472 14475 14478 14481 14484 14487 14490 14493 14496 14499 14502 14505 14508 14511 14514 14517 14520 14523 14526 14529 14532 14535 14538 14541 14544 14547 14550 14553 14556 14559 14562 14565 14568 14571 14574 14577 14580 14583 14586 14589 14592 14595 14598 14601 14604 14607 14610 14613 14616 14619 14622 14625 14628 14631 14634 14637 14640 14643 14646 14649 14652 14655 14658 14661 14664 14667 14670 14673 14676 14679 14682 14685 14688 14691 14694 14697 14700 14703 14706 14709 14712 14715 14718 14721 14724 14727 14730 14733 14736 14739 14742 14745 14748 14751 14754 14757 14760 14763 14766 14769 14772 14775 14778 14781 14784 14787 14790 14793 14796 14799 14802 14805 14808 14811 14814 14817 14820 14823 14826 14829 14832 14835 14838 14841 14844 14847 14850 14853 14856 14859 14862 14865 14868 14871 14874 14877 14880 14883 14886 14889 14892 14895 14898 14901 14904 14907 14910 14913 14916 14919 14922 14925 14928 14931 14934 14937 14940 14943 14946 14949 14952 14955 14958 14961 14964 14967 14970 14973 14976 14979 14982 14985 14988 14991 14994 14997 15000 15003 15006 15009 15012 15015 15018 15021 15024 15027 15030 15033 15036 15039 15042 15045 15048 15051 15054 15057 15060 15063 15066 15069 15072 15075 15078 15081 15084 15087 15090 15093 15096 15099 15102 15105 15108 15111 15114 15117 15120 15123 15126 15129 15132 15135 15138 15141 15144 15147 15150 15153 15156 15159 15162 15165 15168 15171 15174 15177 15180 15183 15186 15189 15192 15195 15198 15201 15204 15207 15210 15213 15216 15219 15222 15225 15228 15231 15234 15237 15240 15243 15246 15249 15252 15255 15258 15261 15264 15267 15270 15273 15276 15279 15282 15285 15288 15291 15294 15297 15300 15303 15306 15309 15312 15315 15318 15321 15324 15327 15330 15333 15336 15339 15342 15345 15348 15351 15354 15357 15360 15363 15366 15369 15372 15375 15378 15381 15384 15387 15390 15393 15396 15399 15402 15405 15408 15411 15414 15417 15420 15423 15426 15429 15432 15435 15438 15441 15444 15447 15450 15453 15456 15459 15462 15465 15468 15471 15474 15477 15480 15483 15486 15489 15492 15495 15498 15501 15504 15507 15510 15513 15516 15519 15522 15525 15528 15531 15534 15537 15540 15543 15546 15549 15552 15555 15558 15561 15564 15567 15570 15573 15576 15579 15582 15585 15588 15591 15594 15597 15600 15603 15606 15609 15612 15615 15618 15621 15624 15627 15630 15633 15636 15639 15642 15645 15648 15651 15654 15657 15660 15663 15666 15669 15672 15675 15678 15681 15684 15687 15690 15693 15696 15699 15702 15705 15708 15711 15714 15717 15720 15723 15726 15729 15732 15735 15738 15741 15744 15747 15750 15753 15756 15759 15762 15765 15768 15771 15774 15777 15780 15783 15786 15789 15792 15795 15798 15801 15804 15807 15810 15813 15816 15819 15822 15825 15828 15831 15834 15837 15840 15843 15846 15849 15852 15855 15858 15861 15864 15867 15870 15873 15876 15879 15882 15885 15888 15891 15894 15897 15900 15903 15906 15909 15912 15915 15918 15921 15924 15927 15930 15933 15936 15939 15942 15945 15948 15951 15954 15957 15960 15963 15966 15969 15972 15975 15978 15981 15984 15987 15990 15993 15996 15999 16002 16005 16008 16011 16014 16017 16020 16023 16026 16029 16032 16035 16038 16041 16044 16047 16050 16053 16056 16059 16062 16065 16068 16071 16074 16077 16080 16083 16086 16089 16092 16095 16098 16101 16104 16107 16110 16113 16116 16119 16122 16125 16128 16131 16134 16137 16140 16143 16146 16149 16152 16155 16158 16161 16164 16167 16170 16173 16176 16179 16182 16185 16188 16191 16194 16197 16200 16203 16206 16209 16212 16215 16218 16221 16224 16227 16230 16233 16236 16239 16242 16245 16248 16251 16254 16257 16260 16263 16266 16269 16272 16275 16278 16281 16284 16287 16290 16293 16296 16299 16302 16305 16308 16311 16314 16317 16320 16323 16326 16329 16332 16335 16338 16341 16344 16347 16350 16353 16356 16359 16362 16365 16368 16371 16374 16377 16380 16383 16386 16389 16392 16395 16398 16401 16404 16407 16410 16413 16416 16419 16422 16425 16428 16431 16434 16437 16440 16443 16446 16449 16452 16455 16458 16461 16464 16467 16470 16473 16476 16479 16482 16485 16488 16491 16494 16497 16500 16503 16506 16509 16512 16515 16518 16521 16524 16527 16530 16533 16536 16539 16542 16545 16548 16551 16554 16557 16560 16563 16566 16569 16572 16575 16578 16581 16584 16587 16590 16593 16596 16599 16602 16605 16608 16611 16614 16617 16620 16623 16626 16629 16632 16635 16638 16641 16644 16647 16650 16653 16656 16659 16662 16665 16668 16671 16674 16677 16680 16683 16686 16689 16692 16695 16698 16701 16704 16707 16710 16713 16716 16719 16722 16725 16728 16731 16734 16737 16740 16743 16746 16749 16752 16755 16758 16761 16764 16767 16770 16773 16776 16779 16782 16785 16788 16791 16794 16797 16800 16803 16806 16809 16812 16815 16818 16821 16824 16827 16830 16833 16836 16839 16842 16845 16848 16851 16854 16857 16860 16863 16866 16869 16872 16875 16878 16881 16884 16887 16890 16893 16896 16899 16902 16905 16908 16911 16914 16917 16920 16923 16926 16929 16932 16935 16938 16941 16944 16947 16950 16953 16956 16959 16962 16965 16968 16971 16974 16977 16980 16983 16986 16989 16992 16995 16998 17001 17004 17007 17010 17013 17016 17019 17022 17025 17028 17031 17034 17037 17040 17043 17046 17049 17052 17055 17058 17061 17064 17067 17070 17073 17076 17079 17082 17085 17088 17091 17094 17097 17100 17103 17106 17109 17112 17115 17118 17121 17124 17127 17130 17133 17136 17139 17142 17145 17148 17151 17154 17157 17160 17163 17166 17169 17172 17175 17178 17181 17184 17187 17190 17193 17196 17199 17202 17205 17208 17211 17214 17217 17220 17223 17226 17229 17232 17235 17238 17241 17244 17247 17250 17253 17256 17259 17262 17265 17268 17271 17274 17277 17280 17283 17286 17289 17292 17295 17298 17301 17304 17307 17310 17313 17316 17319 17322 17325 17328 17331 17334 17337 17340 17343 17346 17349 17352 17355 17358 17361 17364 17367 17370 17373 17376 17379 17382 17385 17388 17391 17394 17397 17400 17403 17406 17409 17412 17415 17418 17421 17424 17427 17430 17433 17436 17439 17442 17445 17448 17451 17454 17457 17460 17463 17466 17469 17472 17475 17478 17481 17484 17487 17490 17493 17496 17499 17502 17505 17508 17511 17514 17517 17520 17523 17526 17529 17532 17535 17538 17541 17544 17547 17550 17553 17556 17559 17562 17565 17568 17571 17574 17577 17580 17583 17586 17589 17592 17595 17598 17601 17604 17607 17610 17613 17616 17619 17622 17625 17628 17631 17634 17637 17640 17643 17646 17649 17652 17655 17658 17661 17664 17667 17670 17673 17676 17679 17682 17685 17688 17691 17694 17697 17700 17703 17706 17709 17712 17715 17718 17721 17724 17727 17730 17733 17736 17739 17742 17745 17748 17751 17754 17757 17760 17763 17766 17769 17772 17775 17778 17781 17784 17787 17790 17793 17796 17799 17802 17805 17808 17811 17814 17817 17820 17823 17826 17829 17832 17835 17838 17841 17844 17847 17850 17853 17856 17859 17862 17865 17868 17871 17874 17877 17880 17883 17886 17889 17892 17895 17898 17901 17904 17907 17910 17913 17916 17919 17922 17925 17928 17931 17934 17937 17940 17943 17946 17949 17952 17955 17958 17961 17964 17967 17970 17973 17976 17979 17982 17985 17988 17991 17994 17997 18000 18003 18006 18009 18012 18015 18018 18021 18024 18027 18030 18033 18036 18039 18042 18045 18048 18051 18054 18057 18060 18063 18066 18069 18072 18075 18078 18081 18084 18087 18090 18093 18096 18099 18102 18105 18108 18111 18114 18117 18120 18123 18126 18129 18132 18135 18138 18141 18144 18147 18150 18153 18156 18159 18162 18165 18168 18171 18174 18177 18180 18183 18186 18189 18192 18195 18198 18201 18204 18207 18210 18213 18216 18219 18222 18225 18228 18231 18234 18237 18240 18243 18246 18249 18252 18255 18258 18261 18264 18267 18270 18273 18276 18279 18282 18285 18288 18291 18294 18297 18300 18303 18306 18309 18312 18315 18318 18321 18324 18327 18330 18333 18336 18339 18342 18345 18348 18351 18354 18357 18360 18363 18366 18369 18372 18375 18378 18381 18384 18387 18390 18393 18396 18399 18402 18405 18408 18411 18414 18417 18420 18423 18426 18429 18432 18435 18438 18441 18444 18447 18450 18453 18456 18459 18462 18465 18468 18471 18474 18477 18480 18483 18486 18489 18492 18495 18498 18501 18504 18507 18510 18513 18516 18519 18522 18525 18528 18531 18534 18537 18540 18543 18546 18549 18552 18555 18558 18561 18564 18567 18570 18573 18576 18579 18582 18585 18588 18591 18594 18597 18600 18603 18606 18609 18612 18615 18618 18621 18624 18627 18630 18633 18636 18639 18642 18645 18648 18651 18654 18657 18660 18663 18666 18669 18672 18675 18678 18681 18684 18687 18690 18693 18696 18699 18702 18705 18708 18711 18714 18717 18720 18723 18726 18729 18732 18735 18738 18741 18744 18747 18750 18753 18756 18759 18762 18765 18768 18771 18774 18777 18780 18783 18786 18789 18792 18795 18798 18801 18804 18807 18810 18813 18816 18819 18822 18825 18828 18831 18834 18837 18840 18843 18846 18849 18852 18855 18858 18861 18864 18867 18870 18873 18876 18879 18882 18885 18888 18891 18894 18897 18900 18903 18906 18909 18912 18915 18918 18921 18924 18927 18930 18933 18936 18939 18942 18945 18948 18951 18954 18957 18960 18963 18966 18969 18972 18975 18978 18981 18984 18987 18990 18993 18996 18999 19002 19005 19008 19011 19014 19017 19020 19023 19026 19029 19032 19035 19038 19041 19044 19047 19050 19053 19056 19059 19062 19065 19068 19071 19074 19077 19080 19083 19086 19089 19092 19095 19098 19101 19104 19107 19110 19113 19116 19119 19122 19125 19128 19131 19134 19137 19140 19143 19146 19149 19152 19155 19158 19161 19164 19167 19170 19173 19176 19179 19182 19185 19188 19191 19194 19197 19200 19203 19206 19209 19212 19215 19218 19221 19224 19227 19230 19233 19236 19239 19242 19245 19248 19251 19254 19257 19260 19263 19266 19269 19272 19275 19278 19281 19284 19287 19290 19293 19296 19299 19302 19305 19308 19311 19314 19317 19320 19323 19326 19329 19332 19335 19338 19341 19344 19347 19350 19353 19356 19359 19362 19365 19368 19371 19374 19377 19380 19383 19386 19389 19392 19395 19398 19401 19404 19407 19410 19413 19416 19419 19422 19425 19428 19431 19434 19437 19440 19443 19446 19449 19452 19455 19458 19461 19464 19467 19470 19473 19476 19479 19482 19485 19488 19491 19494 19497 19500 19503 19506 19509 19512 19515 19518 19521 19524 19527 19530 19533 19536 19539 19542 19545 19548 19551 19554 19557 19560 19563 19566 19569 19572 19575 19578 19581 19584 19587 19590 19593 19596 19599 19602 19605 19608 19611 19614 19617 19620 19623 19626 19629 19632 19635 19638 19641 19644 19647 19650 19653 19656 19659 19662 19665 19668 19671 19674 19677 19680 19683 19686 19689 19692 19695 19698 19701 19704 19707 19710 19713 19716 19719 19722 19725 19728 19731 19734 19737 19740 19743 19746 19749 19752 19755 19758 19761 19764 19767 19770 19773 19776 19779 19782 19785 19788 19791 19794 19797 19800 19803 19806 19809 19812 19815 19818 19821 19824 19827 19830 19833 19836 19839 19842 19845 19848 19851 19854 19857 19860 19863 19866 19869 19872 19875 19878 19881 19884 19887 19890 19893 19896 19899 19902 19905 19908 19911 19914 19917 19920 19923 19926 19929 19932 19935 19938 19941 19944 19947 19950 19953 19956 19959 19962 19965 19968 19971 19974 19977 19980 19983 19986 19989 19992 19995 19998 20001 20004 20007 20010 20013 20016 20019 20022 20025 20028 20031 20034 20037 20040 20043 20046 20049 20052 20055 20058 20061 20064 20067 20070 20073 20076 20079 20082 20085 20088 20091 20094 20097 20100 20103 20106 20109 20112 20115 20118 20121 20124 20127 20130 20133 20136 20139 20142 20145 20148 20151 20154 20157 20160 20163 20166 20169 20172 20175 20178 20181 20184 20187 20190 20193 20196 20199 20202 20205 20208 20211 20214 20217 20220 20223 20226 20229 20232 20235 20238 20241 20244 20247 20250 20253 20256 20259 20262 20265 20268 20271 20274 20277 20280 20283 20286 20289 20292 20295 20298 20301 20304 20307 20310 20313 20316 20319 20322 20325 20328 20331 20334 20337 20340 20343 20346 20349 20352 20355 20358 20361 20364 20367 20370 20373 20376 20379 20382 20385 20388 20391 20394 20397 20400 20403 20406 20409 20412 20415 20418 20421 20424 20427 20430 20433 20436 20439 20442 20445 20448 20451 20454 20457 20460 20463 20466 20469 20472 20475 20478 20481 20484 20487 20490 20493 20496 20499 20502 20505 20508 20511 20514 20517 20520 20523 20526 20529 20532 20535 20538 20541 20544 20547 20550 20553 20556 20559 20562 20565 20568 20571 20574 20577 20580 20583 20586 20589 20592 20595 20598 20601 20604 20607 20610 20613 20616 20619 20622 20625 20628 20631 20634 20637 20640 20643 20646 20649 20652 20655 20658 20661 20664 20667 20670 20673 20676 20679 20682 20685 20688 20691 20694 20697 20700 20703 20706 20709 20712 20715 20718 20721 20724 20727 20730 20733 20736 20739 20742 20745 20748 20751 20754 20757 20760 20763 20766 20769 20772 20775 20778 20781 20784 20787 20790 20793 20796 20799 20802 20805 20808 20811 20814 20817 20820 20823 20826 20829 20832 20835 20838 20841 20844 20847 20850 20853 20856 20859 20862 20865 20868 20871 20874 20877 20880 20883 20886 20889 20892 20895 20898 20901 20904 20907 20910 20913 20916 20919 20922 20925 20928 20931 20934 20937 20940 20943 20946 20949 20952 20955 20958 20961 20964 20967 20970 20973 20976 20979 20982 20985 20988 20991 20994 20997 21000 21003 21006 21009 21012 21015 21018 21021 21024 21027 21030 21033 21036 21039 21042 21045 21048 21051 21054 21057 21060 21063 21066 21069 21072 21075 21078 21081 21084 21087 21090 21093 21096 21099 21102 21105 21108 21111 21114 21117 21120 21123 21126 21129 21132 21135 21138 21141 21144 21147 21150 21153 21156 21159 21162 21165 21168 21171 21174 21177 21180 21183 21186 21189 21192 21195 21198 21201 21204 21207 21210 21213 21216 21219 21222 21225 21228 21231 21234 21237 21240 21243 21246 21249 21252 21255 21258 21261 21264 21267 21270 21273 21276 21279 21282 21285 21288 21291 21294 21297 21300 21303 21306 21309 21312 21315 21318 21321 21324 21327 21330 21333 21336 21339 21342 21345 21348 21351 21354 21357 21360 21363 21366 21369 21372 21375 21378 21381 21384 21387 21390 21393 21396 21399 21402 21405 21408 21411 21414 21417 21420 21423 21426 21429 21432 21435 21438 21441 21444 21447 21450 21453 21456 21459 21462 21465 21468 21471 21474 21477 21480 21483 21486 21489 21492 21495 21498 21501 21504 21507 21510 21513 21516 21519 21522 21525 21528 21531 21534 21537 21540 21543 21546 21549 21552 21555 21558 21561 21564 21567 21570 21573 21576 21579 21582 21585 21588 21591 21594 21597 21600 21603 21606 21609 21612 21615 21618 21621 21624 21627 21630 21633 21636 21639 21642 21645 21648 21651 21654 21657 21660 21663 21666 21669 21672 21675 21678 21681 21684 21687 21690 21693 21696 21699 21702 21705 21708 21711 21714 21717 21720 21723 21726 21729 21732 21735 21738 21741 21744 21747 21750 21753 21756 21759 21762 21765 21768 21771 21774 21777 21780 21783 21786 21789 21792 21795 21798 21801 21804 21807 21810 21813 21816 21819 21822 21825 21828 21831 21834 21837 21840 21843 21846 21849 21852 21855 21858 21861 21864 21867 21870 21873 21876 21879 21882 21885 21888 21891 21894 21897 21900 21903 21906 21909 21912 21915 21918 21921 21924 21927 21930 21933 21936 21939 21942 21945 21948 21951 21954 21957 21960 21963 21966 21969 21972 21975 21978 21981 21984 21987 21990 21993 21996 21999 22002 22005 22008 22011 22014 22017 22020 22023 22026 22029 22032 22035 22038 22041 22044 22047 22050 22053 22056 22059 22062 22065 22068 22071 22074 22077 22080 22083 22086 22089 22092 22095 22098 22101 22104 22107 22110 22113 22116 22119 22122 22125 22128 22131 22134 22137 22140 22143 22146 22149 22152 22155 22158 22161 22164 22167 22170 22173 22176 22179 22182 22185 22188 22191 22194 22197 22200 22203 22206 22209 22212 22215 22218 22221 22224 22227 22230 22233 22236 22239 22242 22245 22248 22251 22254 22257 22260 22263 22266 22269 22272 22275 22278 22281 22284 22287 22290 22293 22296 22299 22302 22305 22308 22311 22314 22317 22320 22323 22326 22329 22332 22335 22338 22341 22344 22347 22350 22353 22356 22359 22362 22365 22368 22371 22374 22377 22380 22383 22386 22389 22392 22395 22398 22401 22404 22407 22410 22413 22416 22419 22422 22425 22428 22431 22434 22437 22440 22443 22446 22449 22452 22455 22458 22461 22464 22467 22470 22473 22476 22479 22482 22485 22488 22491 22494 22497 22500 22503 22506 22509 22512 22515 22518 22521 22524 22527 22530 22533 22536 22539 22542 22545 22548 22551 22554 22557 22560 22563 22566 22569 22572 22575 22578 22581 22584 22587 22590 22593 22596 22599 22602 22605 22608 22611 22614 22617 22620 22623 22626 22629 22632 22635 22638 22641 22644 22647 22650 22653 22656 22659 22662 22665 22668 22671 22674 22677 22680 22683 22686 22689 22692 22695 22698 22701 22704 22707 22710 22713 22716 22719 22722 22725 22728 22731 22734 22737 22740 22743 22746 22749 22752 22755 22758 22761 22764 22767 22770 22773 22776 22779 22782 22785 22788 22791 22794 22797 22800 22803 22806 22809 22812 22815 22818 22821 22824 22827 22830 22833 22836 22839 22842 22845 22848 22851 22854 22857 22860 22863 22866 22869 22872 22875 22878 22881 22884 22887 22890 22893 22896 22899 22902 22905 22908 22911 22914 22917 22920 22923 22926 22929 22932 22935 22938 22941 22944 22947 22950 22953 22956 22959 22962 22965 22968 22971 22974 22977 22980 22983 22986 22989 22992 22995 22998 23001 23004 23007 23010 23013 23016 23019 23022 23025 23028 23031 23034 23037 23040 23043 23046 23049 23052 23055 23058 23061 23064 23067 23070 23073 23076 23079 23082 23085 23088 23091 23094 23097 23100 23103 23106 23109 23112 23115 23118 23121 23124 23127 23130 23133 23136 23139 23142 23145 23148 23151 23154 23157 23160 23163 23166 23169 23172 23175 23178 23181 23184 23187 23190 23193 23196 23199 23202 23205 23208 23211 23214 23217 23220 23223 23226 23229 23232 23235 23238 23241 23244 23247 23250 23253 23256 23259 23262 23265 23268 23271 23274 23277 23280 23283 23286 23289 23292 23295 23298 23301 23304 23307 23310 23313 23316 23319 23322 23325 23328 23331 23334 23337 23340 23343 23346 23349 23352 23355 23358 </DataArray>
<DataArray  type="UInt8"  Name="types"  format="ascii">5 5 5 5 5 5 5 5 5 5 5 5 5 5 5 5 5 5 5 5 5 5 5 5 5 5 5 5 5 5 5 5 5 5 5 5 5 5 5 5 5 5 5 5 5 5 5 5 5 5 5 5 5 5 5 5 5 5 5 5 5 5 5 5 5 5 5 5 5 5 5 5 5 5 5 5 5 5 5 5 5 5 5 5 5 5 5 5 5 5 5 5 5 5 5 5 5 5 5 5 5 5 5 5 5 5 5 5 5 5 5 5 5 5 5 5 5 5 5 5 5 5 5 5 5 5 5 5 5 5 5 5 5 5 5 5 5 5 5 5 5 5 5 5 5 5 5 5 5 5 5 5 5 5 5 5 5 5 5 5 5 5 5 5 5 5 5 5 5 5 5 5 5 5 5 5 5 5 5 5 5 5 5 5 5 5 5 5 5 5 5 5 5 5 5 5 5 5 5 5 5 5 5 5 5 5 5 5 5 5 5 5 5 5 5 5 5 5 5 5 5 5 5 5 5 5 5 5 5 5 5 5 5 5 5 5 5 5 5 5 5 5 5 5 5 5 5 5 5 5 5 5 5 5 5 5 5 5 5 5 5 5 5 5 5 5 5 5 5 5 5 5 5 5 5 5 5 5 5 5 5 5 5 5 5 5 5 5 5 5 5 5 5 5 5 5 5 5 5 5 5 5 5 5 5 5 5 5 5 5 5 5 5 5 5 5 5 5 5 5 5 5 5 5 5 5 5 5 5 5 5 5 5 5 5 5 5 5 5 5 5 5 5 5 5 5 5 5 5 5 5 5 5 5 5 5 5 5 5 5 5 5 5 5 5 5 5 5 5 5 5 5 5 5 5 5 5 5 5 5 5 5 5 5 5 5 5 5 5 5 5 5 5 5 5 5 5 5 5 5 5 5 5 5 5 5 5 5 5 5 5 5 5 5 5 5 5 5 5 5 5 5 5 5 5 5 5 5 5 5 5 5 5 5 5 5 5 5 5 5 5 5 5 5 5 5 5 5 5 5 5 5 5 5 5 5 5 5 5 5 5 5 5 5 5 5 5 5 5 5 5 5 5 5 5 5 5 5 5 5 5 5 5 5 5 5 5 5 5 5 5 5 5 5 5 5 5 5 5 5 5 5 5 5 5 5 5 5 5 5 5 5 5 5 5 5 5 5 5 5 5 5 5 5 5 5 5 5 5 5 5 5 5 5 5 5 5 5 5 5 5 5 5 5 5 5 5 5 5 5 5 5 5 5 5 5 5 5 5 5 5 5 5 5 5 5 5 5 5 5 5 5 5 5 5 5 5 5 5 5 5 5 5 5 5 5 5 5 5 5 5 5 5 5 5 5 5 5 5 5 5 5 5 5 5 5 5 5 5 5 5 5 5 5 5 5 5 5 5 5 5 5 5 5 5 5 5 5 5 5 5 5 5 5 5 5 5 5 5 5 5 5 5 5 5 5 5 5 5 5 5 5 5 5 5 5 5 5 5 5 5 5 5 5 5 5 5 5 5 5 5 5 5 5 5 5 5 5 5 5 5 5 5 5 5 5 5 5 5 5 5 5 5 5 5 5 5 5 5 5 5 5 5 5 5 5 5 5 5 5 5 5 5 5 5 5 5 5 5 5 5 5 5 5 5 5 5 5 5 5 5 5 5 5 5 5 5 5 5 5 5 5 5 5 5 5 5 5 5 5 5 5 5 5 5 5 5 5 5 5 5 5 5 5 5 5 5 5 5 5 5 5 5 5 5 5 5 5 5 5 5 5 5 5 5 5 5 5 5 5 5 5 5 5 5 5 5 5 5 5 5 5 5 5 5 5 5 5 5 5 5 5 5 5 5 5 5 5 5 5 5 5 5 5 5 5 5 5 5 5 5 5 5 5 5 5 5 5 5 5 5 5 5 5 5 5 5 5 5 5 5 5 5 5 5 5 5 5 5 5 5 5 5 5 5 5 5 5 5 5 5 5 5 5 5 5 5 5 5 5 5 5 5 5 5 5 5 5 5 5 5 5 5 5 5 5 5 5 5 5 5 5 5 5 5 5 5 5 5 5 5 5 5 5 5 5 5 5 5 5 5 5 5 5 5 5 5 5 5 5 5 5 5 5 5 5 5 5 5 5 5 5 5 5 5 5 5 5 5 5 5 5 5 5 5 5 5 5 5 5 5 5 5 5 5 5 5 5 5 5 5 5 5 5 5 5 5 5 5 5 5 5 5 5 5 5 5 5 5 5 5 5 5 5 5 5 5 5 5 5 5 5 5 5 5 5 5 5 5 5 5 5 5 5 5 5 5 5 5 5 5 5 5 5 5 5 5 5 5 5 5 5 5 5 5 5 5 5 5 5 5 5 5 5 5 5 5 5 5 5 5 5 5 5 5 5 5 5 5 5 5 5 5 5 5 5 5 5 5 5 5 5 5 5 5 5 5 5 5 5 5 5 5 5 5 5 5 5 5 5 5 5 5 5 5 5 5 5 5 5 5 5 5 5 5 5 5 5 5 5 5 5 5 5 5 5 5 5 5 5 5 5 5 5 5 5 5 5 5 5 5 5 5 5 5 5 5 5 5 5 5 5 5 5 5 5 5 5 5 5 5 5 5 5 5 5 5 5 5 5 5 5 5 5 5 5 5 5 5 5 5 5 5 5 5 5 5 5 5 5 5 5 5 5 5 5 5 5 5 5 5 5 5 5 5 5 5 5 5 5 5 5 5 5 5 5 5 5 5 5 5 5 5 5 5 5 5 5 5 5 5 5 5 5 5 5 5 5 5 5 5 5 5 5 5 5 5 5 5 5 5 5 5 5 5 5 5 5 5 5 5 5 5 5 5 5 5 5 5 5 5 5 5 5 5 5 5 5 5 5 5 5 5 5 5 5 5 5 5 5 5 5 5 5 5 5 5 5 5 5 5 5 5 5 5 5 5 5 5 5 5 5 5 5 5 5 5 5 5 5 5 5 5 5 5 5 5 5 5 5 5 5 5 5 5 5 5 5 5 5 5 5 5 5 5 5 5 5 5 5 5 5 5 5 5 5 5 5 5 5 5 5 5 5 5 5 5 5 5 5 5 5 5 5 5 5 5 5 5 5 5 5 5 5 5 5 5 5 5 5 5 5 5 5 5 5 5 5 5 5 5 5 5 5 5 5 5 5 5 5 5 5 5 5 5 5 5 5 5 5 5 5 5 5 5 5 5 5 5 5 5 5 5 5 5 5 5 5 5 5 5 5 5 5 5 5 5 5 5 5 5 5 5 5 5 5 5 5 5 5 5 5 5 5 5 5 5 5 5 5 5 5 5 5 5 5 5 5 5 5 5 5 5 5 5 5 5 5 5 5 5 5 5 5 5 5 5 5 5 5 5 5 5 5 5 5 5 5 5 5 5 5 5 5 5 5 5 5 5 5 5 5 5 5 5 5 5 5 5 5 5 5 5 5 5 5 5 5 5 5 5 5 5 5 5 5 5 5 5 5 5 5 5 5 5 5 5 5 5 5 5 5 5 5 5 5 5 5 5 5 5 5 5 5 5 5 5 5 5 5 5 5 5 5 5 5 5 5 5 5 5 5 5 5 5 5 5 5 5 5 5 5 5 5 5 5 5 5 5 5 5 5 5 5 5 5 5 5 5 5 5 5 5 5 5 5 5 5 5 5 5 5 5 5 5 5 5 5 5 5 5 5 5 5 5 5 5 5 5 5 5 5 5 5 5 5 5 5 5 5 5 5 5 5 5 5 5 5 5 5 5 5 5 5 5 5 5 5 5 5 5 5 5 5 5 5 5 5 5 5 5 5 5 5 5 5 5 5 5 5 5 5 5 5 5 5 5 5 5 5 5 5 5 5 5 5 5 5 5 5 5 5 5 5 5 5 5 5 5 5 5 5 5 5 5 5 5 5 5 5 5 5 5 5 5 5 5 5 5 5 5 5 5 5 5 5 5 5 5 5 5 5 5 5 5 5 5 5 5 5 5 5 5 5 5 5 5 5 5 5 5 5 5 5 5 5 5 5 5 5 5 5 5 5 5 5 5 5 5 5 5 5 5 5 5 5 5 5 5 5 5 5 5 5 5 5 5 5 5 5 5 5 5 5 5 5 5 5 5 5 5 5 5 5 5 5 5 5 5 5 5 5 5 5 5 5 5 5 5 5 5 5 5 5 5 5 5 5 5 5 5 5 5 5 5 5 5 5 5 5 5 5 5 5 5 5 5 5 5 5 5 5 5 5 5 5 5 5 5 5 5 5 5 5 5 5 5 5 5 5 5 5 5 5 5 5 5 5 5 5 5 5 5 5 5 5 5 5 5 5 5 5 5 5 5 5 5 5 5 5 5 5 5 5 5 5 5 5 5 5 5 5 5 5 5 5 5 5 5 5 5 5 5 5 5 5 5 5 5 5 5 5 5 5 5 5 5 5 5 5 5 5 5 5 5 5 5 5 5 5 5 5 5 5 5 5 5 5 5 5 5 5 5 5 5 5 5 5 5 5 5 5 5 5 5 5 5 5 5 5 5 5 5 5 5 5 5 5 5 5 5 5 5 5 5 5 5 5 5 5 5 5 5 5 5 5 5 5 5 5 5 5 5 5 5 5 5 5 5 5 5 5 5 5 5 5 5 5 5 5 5 5 5 5 5 5 5 5 5 5 5 5 5 5 5 5 5 5 5 5 5 5 5 5 5 5 5 5 5 5 5 5 5 5 5 5 5 5 5 5 5 5 5 5 5 5 5 5 5 5 5 5 5 5 5 5 5 5 5 5 5 5 5 5 5 5 5 5 5 5 5 5 5 5 5 5 5 5 5 5 5 5 5 5 5 5 5 5 5 5 5 5 5 5 5 5 5 5 5 5 5 5 5 5 5 5 5 5 5 5 5 5 5 5 5 5 5 5 5 5 5 5 5 5 5 5 5 5 5 5 5 5 5 5 5 5 5 5 5 5 5 5 5 5 5 5 5 5 5 5 5 5 5 5 5 5 5 5 5 5 5 5 5 5 5 5 5 5 5 5 5 5 5 5 5 5 5 5 5 5 5 5 5 5 5 5 5 5 5 5 5 5 5 5 5 5 5 5 5 5 5 5 5 5 5 5 5 5 5 5 5 5 5 5 5 5 5 5 5 5 5 5 5 5 5 5 5 5 5 5 5 5 5 5 5 5 5 5 5 5 5 5 5 5 5 5 5 5 5 5 5 5 5 5 5 5 5 5 5 5 5 5 5 5 5 5 5 5 5 5 5 5 5 5 5 5 5 5 5 5 5 5 5 5 5 5 5 5 5 5 5 5 5 5 5 5 5 5 5 5 5 5 5 5 5 5 5 5 5 5 5 5 5 5 5 5 5 5 5 5 5 5 5 5 5 5 5 5 5 5 5 5 5 5 5 5 5 5 5 5 5 5 5 5 5 5 5 5 5 5 5 5 5 5 5 5 5 5 5 5 5 5 5 5 5 5 5 5 5 5 5 5 5 5 5 5 5 5 5 5 5 5 5 5 5 5 5 5 5 5 5 5 5 5 5 5 5 5 5 5 5 5 5 5 5 5 5 5 5 5 5 5 5 5 5 5 5 5 5 5 5 5 5 5 5 5 5 5 5 5 5 5 5 5 5 5 5 5 5 5 5 5 5 5 5 5 5 5 5 5 5 5 5 5 5 5 5 5 5 5 5 5 5 5 5 5 5 5 5 5 5 5 5 5 5 5 5 5 5 5 5 5 5 5 5 5 5 5 5 5 5 5 5 5 5 5 5 5 5 5 5 5 5 5 5 5 5 5 5 5 5 5 5 5 5 5 5 5 5 5 5 5 5 5 5 5 5 5 5 5 5 5 5 5 5 5 5 5 5 5 5 5 5 5 5 5 5 5 5 5 5 5 5 5 5 5 5 5 5 5 5 5 5 5 5 5 5 5 5 5 5 5 5 5 5 5 5 5 5 5 5 5 5 5 5 5 5 5 5 5 5 5 5 5 5 5 5 5 5 5 5 5 5 5 5 5 5 5 5 5 5 5 5 5 5 5 5 5 5 5 5 5 5 5 5 5 5 5 5 5 5 5 5 5 5 5 5 5 5 5 5 5 5 5 5 5 5 5 5 5 5 5 5 5 5 5 5 5 5 5 5 5 5 5 5 5 5 5 5 5 5 5 5 5 5 5 5 5 5 5 5 5 5 5 5 5 5 5 5 5 5 5 5 5 5 5 5 5 5 5 5 5 5 5 5 5 5 5 5 5 5 5 5 5 5 5 5 5 5 5 5 5 5 5 5 5 5 5 5 5 5 5 5 5 5 5 5 5 5 5 5 5 5 5 5 5 5 5 5 5 5 5 5 5 5 5 5 5 5 5 5 5 5 5 5 5 5 5 5 5 5 5 5 5 5 5 5 5 5 5 5 5 5 5 5 5 5 5 5 5 5 5 5 5 5 5 5 5 5 5 5 5 5 5 5 5 5 5 5 5 5 5 5 5 5 5 5 5 5 5 5 5 5 5 5 5 5 5 5 5 5 5 5 5 5 5 5 5 5 5 5 5 5 5 5 5 5 5 5 5 5 5 5 5 5 5 5 5 5 5 5 5 5 5 5 5 5 5 5 5 5 5 5 5 5 5 5 5 5 5 5 5 5 5 5 5 5 5 5 5 5 5 5 5 5 5 5 5 5 5 5 5 5 5 5 5 5 5 5 5 5 5 5 5 5 5 5 5 5 5 5 5 5 5 5 5 5 5 5 5 5 5 5 5 5 5 5 5 5 5 5 5 5 5 5 5 5 5 5 5 5 5 5 5 5 5 5 5 5 5 5 5 5 5 5 5 5 5 5 5 5 5 5 5 5 5 5 5 5 5 5 5 5 5 5 5 5 5 5 5 5 5 5 5 5 5 5 5 5 5 5 5 5 5 5 5 5 5 5 5 5 5 5 5 5 5 5 5 5 5 5 5 5 5 5 5 5 5 5 5 5 5 5 5 5 5 5 5 5 5 5 5 5 5 5 5 5 5 5 5 5 5 5 5 5 5 5 5 5 5 5 5 5 5 5 5 5 5 5 5 5 5 5 5 5 5 5 5 5 5 5 5 5 5 5 5 5 5 5 5 5 5 5 5 5 5 5 5 5 5 5 5 5 5 5 5 5 5 5 5 5 5 5 5 5 5 5 5 5 5 5 5 5 5 5 5 5 5 5 5 5 5 5 5 5 5 5 5 5 5 5 5 5 5 5 5 5 5 5 5 5 5 5 5 5 5 5 5 5 5 5 5 5 5 5 5 5 5 5 5 5 5 5 5 5 5 5 5 5 5 5 5 5 5 5 5 5 5 5 5 5 5 5 5 5 5 5 5 5 5 5 5 5 5 5 5 5 5 5 5 5 5 5 5 5 5 5 5 5 5 5 5 5 5 5 5 5 5 5 5 5 5 5 5 5 5 5 5 5 5 5 5 5 5 5 5 5 5 5 5 5 5 5 5 5 5 5 5 5 5 5 5 5 5 5 5 5 5 5 5 5 5 5 5 5 5 5 5 5 5 5 5 5 5 5 5 5 5 5 5 5 5 5 5 5 5 5 5 5 5 5 5 5 5 5 5 5 5 5 5 5 5 5 5 5 5 5 5 5 5 5 5 5 5 5 5 5 5 5 5 5 5 5 5 5 5 5 5 5 5 5 5 5 5 5 5 5 5 5 5 5 5 5 5 5 5 5 5 5 5 5 5 5 5 5 5 5 5 5 5 5 5 5 5 5 5 5 5 5 5 5 5 5 5 5 5 5 5 5 5 5 5 5 5 5 5 5 5 5 5 5 5 5 5 5 5 5 5 5 5 5 5 5 5 5 5 5 5 5 5 5 5 5 5 5 5 5 5 5 5 5 5 5 5 5 5 5 5 5 5 5 5 5 5 5 5 5 5 5 5 5 5 5 5 5 5 5 5 5 5 5 5 5 5 5 5 5 5 5 5 5 5 5 5 5 5 5 5 5 5 5 5 5 5 5 5 5 5 5 5 5 5 5 5 5 5 5 5 5 5 5 5 5 5 5 5 5 5 5 5 5 5 5 5 5 5 5 5 5 5 5 5 5 5 5 5 5 5 5 5 5 5 5 5 5 5 5 5 5 5 5 5 5 5 5 5 5 5 5 5 5 5 5 5 5 5 5 5 5 5 5 5 5 5 5 5 5 5 5 5 5 5 5 5 5 5 5 5 5 5 5 5 5 5 5 5 5 5 5 5 5 5 5 5 5 5 5 5 5 5 5 5 5 5 5 5 5 5 5 5 5 5 5 5 5 5 5 5 5 5 5 5 5 5 5 5 5 5 5 5 5 5 5 5 5 5 5 5 5 5 5 5 5 5 5 5 5 5 5 5 5 5 5 5 5 5 5 5 5 5 5 5 5 5 5 5 5 5 5 5 5 5 5 5 5 5 5 5 5 5 5 5 5 5 5 5 5 5 5 5 5 5 5 5 5 5 5 5 5 5 5 5 5 5 5 5 5 5 5 5 5 5 5 5 5 5 5 5 5 5 5 5 5 5 5 5 5 5 5 5 5 5 5 5 5 5 5 5 5 5 5 5 5 5 5 5 5 5 5 5 5 5 5 5 5 5 5 5 5 5 5 5 5 5 5 5 5 5 5 5 5 5 5 5 5 5 5 5 5 5 5 5 5 5 5 5 5 5 5 5 5 5 5 5 5 5 5 5 5 5 5 5 5 5 5 5 5 5 5 5 5 5 5 5 5 5 5 5 5 5 5 5 5 5 5 5 5 5 5 5 5 5 5 5 5 5 5 5 5 5 5 5 5 5 5 5 5 5 5 5 5 5 5 5 5 5 5 5 5 5 5 5 5 5 5 5 5 5 5 5 5 5 5 5 5 5 5 5 5 5 5 5 5 5 5 5 5 5 5 5 5 5 5 5 5 5 5 5 5 5 5 5 5 5 5 5 5 5 5 5 5 5 5 5 5 5 5 5 5 5 5 5 5 5 5 5 5 5 5 5 5 5 5 5 5 5 5 5 5 5 5 5 5 5 5 5 5 5 5 5 5 5 5 5 5 5 5 5 5 5 5 5 5 5 5 5 5 5 5 5 5 5 5 5 5 5 5 5 5 5 5 5 5 5 5 5 5 5 5 5 5 5 5 5 5 5 5 5 5 5 5 5 5 5 5 5 5 5 5 5 5 5 5 5 5 5 5 5 5 5 5 5 5 5 5 5 5 5 5 5 5 5 5 5 5 5 5 5 5 5 5 5 5 5 5 5 5 5 5 5 5 5 5 5 5 5 5 5 5 5 5 5 5 5 5 5 5 5 5 5 5 5 5 5 5 5 5 5 5 5 5 5 5 5 5 5 5 5 5 5 5 5 5 5 5 5 5 5 5 5 5 5 5 5 5 5 5 5 5 5 5 5 5 5 5 5 5 5 5 5 5 5 5 5 5 5 5 5 5 5 5 5 5 5 5 5 5 5 5 5 5 5 5 5 5 5 5 5 5 5 5 5 5 5 5 5 5 5 5 5 5 5 5 5 5 5 5 5 5 5 5 5 5 5 5 5 5 5 5 5 5 5 5 5 5 5 5 5 5 5 5 5 5 5 5 5 5 5 5 5 5 5 5 5 5 5 5 5 5 5 5 5 5 5 5 5 5 5 5 5 5 5 5 5 5 5 5 5 5 5 5 5 5 5 5 5 5 5 5 5 5 5 5 5 5 5 5 5 5 5 5 5 5 5 5 5 5 5 5 5 5 5 5 5 5 5 5 5 5 5 5 5 5 5 5 5 5 5 5 5 5 5 5 5 5 5 5 5 5 5 5 5 5 5 5 5 5 5 5 5 5 5 5 5 5 5 5 5 5 5 5 5 5 5 5 5 5 5 5 5 5 5 5 5 5 5 5 5 5 5 5 5 5 5 5 5 5 5 5 5 5 5 5 5 5 5 5 5 5 5 5 5 5 5 5 5 5 5 5 5 5 5 5 5 5 5 5 5 5 5 5 5 5 5 5 5 5 5 5 5 5 5 5 5 5 5 5 5 5 5 5 5 5 5 5 5 5 5 5 5 5 5 5 5 5 5 5 5 5 5 5 5 5 5 5 5 5 5 5 5 5 5 5 5 5 5 5 5 5 5 5 5 5 5 5 5 5 5 5 5 5 5 5 5 5 5 5 5 5 5 5 5 5 5 5 5 5 5 5 5 5 5 5 5 5 5 5 5 5 5 5 5 5 5 5 5 5 5 5 5 5 5 5 5 5 5 5 5 5 5 5 5 5 5 5 5 5 5 5 5 5 5 5 5 5 5 5 5 5 5 5 5 5 5 5 5 5 5 5 5 5 5 5 5 5 5 5 5 5 5 5 5 5 5 5 5 5 5 5 5 5 5 5 5 5 5 5 5 5 5 5 5 5 5 5 5 5 5 5 5 5 5 5 5 5 5 5 5 5 5 5 5 5 5 5 5 5 5 5 5 5 5 5 5 5 5 5 5 5 5 5 5 5 5 5 5 5 5 5 5 5 5 5 5 5 5 5 5 5 5 5 5 5 5 5 5 5 5 5 5 5 5 5 5 5 5 5 5 5 5 5 5 5 5 5 5 5 5 5 5 5 5 5 5 5 5 5 5 5 5 5 5 5 5 5 5 5 5 5 5 5 5 5 5 5 5 5 5 5 5 5 5 5 5 5 5 5 5 5 5 5 5 5 5 5 5 5 5 5 5 5 5 5 5 5 5 5 5 5 5 5 5 5 5 5 5 5 5 5 5 5 5 5 5 5 5 5 5 5 5 5 5 5 5 5 5 5 5 5 5 5 5 5 5 5 5 5 5 5 5 5 5 5 5 5 5 5 5 5 5 5 5 5 5 5 5 5 5 5 5 5 5 5 5 5 5 5 5 5 5 5 5 5 5 5 5 5 5 5 5 5 5 5 5 5 5 5 5 5 5 5 5 5 5 5 5 5 5 5 5 5 5 5 5 5 5 5 5 5 5 5 5 5 5 5 5 5 5 5 5 5 5 5 5 5 5 5 5 5 5 5 5 5 5 5 5 5 5 5 5 5 5 5 5 5 5 5 5 5 5 5 5 5 5 5 5 5 5 5 5 5 5 5 5 5 5 5 5 5 5 5 5 5 5 5 5 5 5 5 5 5 5 5 5 5 5 5 5 5 5 5 5 5 5 5 5 5 5 5 5 5 5 5 5 5 5 5 5 5 5 5 5 5 5 5 5 5 5 5 5 5 5 5 5 5 5 5 5 5 5 5 5 5 5 5 5 5 5 5 5 5 5 5 5 5 5 5 5 5 5 5 5 5 5 5 5 5 5 5 5 5 5 5 5 5 5 5 5 5 5 5 5 5 5 5 5 5 5 5 5 5 5 5 5 5 5 5 5 5 5 5 5 5 5 5 5 5 5 5 5 5 5 5 5 5 5 5 5 5 5 5 5 5 5 5 5 5 5 5 5 5 5 5 5 5 5 5 5 5 5 5 5 5 5 5 5 5 5 5 5 5 5 5 5 5 5 5 5 5 5 5 5 5 5 5 5 5 5 5 5 5 5 5 5 5 5 5 5 5 5 5 5 5 5 5 5 5 5 5 5 5 5 5 5 5 5 5 5 5 5 5 5 5 5 5 5 5 5 5 5 5 5 5 5 5 5 5 5 5 5 5 5 5 5 5 5 5 5 5 5 5 5 5 5 5 5 5 5 5 5 5 5 5 5 5 5 5 5 5 5 5 5 5 5 5 5 5 5 5 5 5 5 5 5 5 5 5 5 5 5 5 5 5 5 5 5 5 5 5 5 5 5 5 5 5 5 5 5 5 5 5 5 5 5 5 5 5 5 5 5 5 5 5 5 5 5 5 5 5 5 5 5 5 5 5 5 5 5 5 5 5 5 5 5 5 5 5 5 5 5 5 5 5 5 5 5 5 5 5 5 5 5 5 5 5 5 5 5 5 5 5 5 5 5 5 5 5 5 5 5 5 5 5 5 5 5 5 5 5 5 5 5 5 5 5 5 5 5 5 5 5 5 5 5 5 5 5 5 5 5 5 5 5 5 5 5 5 5 5 5 5 5 5 5 5 5 5 5 5 5 5 5 5 5 5 5 5 5 5 5 5 5 5 5 5 5 5 5 5 5 5 5 5 5 5 5 5 5 5 5 5 5 5 5 5 5 5 5 5 5 5 5 5 5 5 5 5 5 5 5 5 5 5 5 5 5 5 5 5 5 5 5 5 5 5 5 5 5 5 5 5 5 5 5 5 5 5 5 5 5 5 5 5 5 5 5 5 5 5 5 5 5 5 5 5 5 5 5 5 5 5 5 5 5 5 5 5 5 5 5 5 5 5 5 5 5 5 5 5 5 5 5 5 5 5 5 5 5 5 5 5 5 5 5 5 5 5 5 5 5 5 5 5 5 5 5 5 5 5 5 5 5 5 5 5 5 5 5 5 5 5 5 5 5 5 5 5 5 5 5 5 5 5 5 5 5 5 5 5 5 5 5 5 5 5 5 5 5 5 5 5 5 5 5 5 5 5 5 5 5 5 5 5 5 5 5 5 5 5 5 5 5 5 5 5 5 5 5 5 5 5 5 5 5 5 5 5 5 5 5 5 5 5 5 5 5 5 5 5 5 5 5 5 5 5 5 5 5 5 5 5 5 5 5 5 5 5 5 5 5 5 5 5 5 5 5 5 5 5 5 5 5 5 5 5 5 5 5 5 5 5 5 5 5 5 5 5 5 5 5 5 5 5 5 5 5 5 5 5 5 5 5 5 5 5 5 5 5 5 5 5 5 5 5 5 5 5 5 5 5 5 5 5 5 5 5 5 5 5 5 5 5 5 5 5 5 5 5 5 5 5 5 5 5 5 5 5 5 5 5 5 5 5 5 5 5 5 5 5 5 5 5 5 5 5 5 5 5 5 5 5 5 5 5 5 5 5 5 5 5 5 5 5 5 5 5 5 5 5 5 5 5 5 5 5 5 5 5 5 5 5 5 5 5 5 5 5 5 5 5 5 5 5 5 5 5 5 5 5 5 5 5 5 5 5 5 5 5 5 5 5 5 5 5 5 5 5 5 5 5 5 5 5 5 5 5 5 5 5 5 5 5 5 5 5 5 5 5 5 5 5 5 5 5 5 5 5 5 5 5 5 5 5 5 5 5 5 5 5 5 5 5 5 5 5 5 5 5 5 5 5 5 5 5 5 5 5 5 5 5 5 5 5 5 5 5 5 5 5 5 5 5 5 5 5 5 5 5 5 5 5 5 5 5 5 5 5 5 5 5 5 5 5 5 5 5 5 5 5 5 5 5 5 5 5 5 5 5 5 5 5 5 5 5 5 5 5 5 5 5 5 5 5 5 5 5 5 5 5 5 5 5 5 5 5 5 5 5 5 5 5 5 5 5 5 5 5 5 5 5 5 5 5 5 5 5 5 5 5 5 5 5 5 5 5 5 5 5 5 5 5 5 5 5 5 5 5 5 5 5 5 5 5 5 5 5 5 5 5 5 5 5 5 5 5 5 5 5 5 5 5 5 5 5 5 5 5 5 5 5 5 5 5 5 5 5 5 5 5 5 5 5 5 5 5 5 5 5 5 5 5 5 5 5 5 5 5 5 5 5 5 5 5 5 5 5 5 5 5 5 5 5 5 5 5 5 5 5 5 5 5 5 5 5 5 5 5 5 5 5 5 5 5 5 5 5 5 5 5 5 5 5 5 5 5 5 5 5 5 5 5 5 5 5 5 5 5 5 5 5 5 5 5 5 5 5 5 5 5 5 5 5 5 5 5 5 5 5 5 5 5 5 5 5 5 5 5 5 5 5 5 5 5 5 5 5 5 5 5 5 5 5 5 5 5 5 5 5 5 5 5 5 5 5 5 5 5 5 5 5 5 5 5 5 5 5 5 5 5 5 5 5 5 5 5 5 5 5 5 5 5 5 5 5 5 5 5 5 5 5 5 5 5 5 5 5 5 5 5 5 5 5 5 5 5 5 5 5 5 5 5 5 5 5 5 5 5 5 5 5 5 5 5 5 5 5 5 5 5 5 5 5 5 5 5 5 5 5 5 5 5 5 5 5 5 5 5 5 5 5 5 5 5 5 5 5 5 5 5 5 5 5 5 5 5 5 5 5 5 5 5 5 5 5 5 5 5 5 5 5 5 5 5 5 5 5 5 5 5 5 5 5 5 5 5 5 5 5 5 5 5 5 5 5 5 5 5 5 5 5 5 5 5 5 5 5 5 5 5 5 5 5 5 5 5 5 5 5 5 5 5 5 5 5 5 5 5 5 5 5 5 5 5 5 5 5 5 5 5 5 5 5 5 5 5 5 5 5 5 5 5 5 5 5 5 5 5 5 5 5 5 5 5 5 5 5 5 5 5 5 5 5 5 5 5 5 5 5 5 5 5 5 5 5 5 5 5 5 5 5 5 5 5 5 5 5 5 5 5 5 5 5 5 5 5 5 5 5 5 5 5 5 5 5 5 5 5 5 5 5 5 5 5 5 5 5 5 5 5 5 5 5 5 5 5 5 5 5 5 5 5 5 5 5 5 5 5 5 5 5 5 5 5 5 5 5 5 5 5 5 5 5 5 5 5 5 5 5 5 5 5 5 5 5 5 5 5 5 5 5 5 5 5 5 5 5 5 5 5 5 5 5 5 5 5 5 5 5 5 5 5 5 5 5 5 5 5 5 5 5 5 5 5 5 5 5 5 5 5 5 5 5 5 5 5 5 5 5 5 5 5 5 5 5 5 5 5 5 5 5 5 5 5 5 5 5 5 5 5 5 5 5 5 5 5 5 5 5 5 5 5 5 5 5 5 5 5 5 5 5 5 5 5 5 5 5 5 5 5 5 5 5 5 5 5 5 5 5 5 5 5 5 5 5 5 5 5 5 5 5 5 5 5 5 5 5 5 5 5 5 5 5 5 5 5 5 5 5 5 5 5 5 5 5 5 5 5 5 5 5 5 5 5 5 5 5 5 5 5 5 5 5 5 5 5 5 5 5 5 5 5 5 5 5 5 5 5 5 5 5 5 5 5 5 5 5 5 5 5 5 5 5 5 5 5 5 5 5 5 5 5 5 5 5 5 5 5 5 5 5 5 5 5 5 5 5 5 5 5 5 5 5 5 5 5 5 5 5 5 5 5 5 5 5 5 5 5 5 5 5 5 5 5 5 5 5 5 5 5 5 5 5 5 5 5 5 5 5 5 5 5 5 5 5 5 5 5 5 5 5 5 5 5 5 5 5 5 5 5 5 5 5 5 5 5 5 5 5 5 5 5 5 5 5 5 5 5 5 5 5 5 5 5 5 5 5 5 5 5 5 5 5 5 5 5 5 5 5 5 5 5 5 5 5 5 5 5 5 5 5 5 5 5 5 5 5 5 5 5 5 5 5 5 5 5 5 5 5 5 5 5 5 5 5 5 5 5 5 5 5 5 5 5 5 5 5 5 5 5 5 5 5 5 5 5 5 5 5 5 5 5 5 5 5 5 5 5 5 5 5 5 5 5 5 5 5 5 5 5 5 5 5 5 5 5 5 5 5 5 5 5 5 5 5 5 5 5 5 5 5 5 5 5 5 5 5 5 5 5 5 5 5 5 5 5 5 5 5 5 5 5 5 5 5 5 5 5 5 5 5 5 5 5 5 5 5 5 5 5 5 5 5 5 5 5 5 5 5 5 5 5 5 5 5 5 5 5 5 5 5 5 5 5 5 5 5 5 5 5 5 5 5 5 5 5 5 5 5 5 5 5 5 5 5 5 5 5 5 5 5 5 5 5 5 5 5 5 5 5 5 5 5 5 5 5 5 5 5 5 5 5 5 5 5 5 5 5 5 5 5 5 5 5 5 5 5 5 5 5 5 5 5 5 5 5 5 5 5 5 5 5 5 5 5 5 5 5 5 5 5 5 5 5 5 5 5 5 5 5 5 5 5 5 5 5 5 5 5 5 5 5 5 5 5 5 5 5 5 5 5 5 5 5 5 5 5 5 5 5 5 5 5 5 5 5 5 5 5 5 5 5 5 5 5 5 5 5 5 5 5 5 5 5 5 5 5 5 5 5 5 5 5 5 5 5 5 5 5 5 5 5 5 5 5 5 5 5 5 5 5 5 5 5 5 5 5 5 5 5 5 5 5 5 5 5 5 5 5 5 5 5 5 5 5 5 5 5 5 5 5 5 5 5 5 5 5 5 5 5 5 5 5 5 5 5 5 5 5 5 5 5 5 5 5 5 5 5 5 5 5 5 5 5 5 5 5 5 5 5 5 5 5 5 5 5 5 5 5 5 5 5 5 5 5 5 5 5 5 5 5 5 5 5 5 5 5 5 5 5 5 5 5 5 5 5 5 5 5 5 5 5 5 5 5 5 5 5 5 5 5 5 5 5 5 5 5 5 5 5 5 5 5 5 5 5 5 5 5 5 5 5 5 5 5 5 5 5 5 5 5 5 5 5 5 5 5 5 5 5 5 5 5 5 5 5 5 5 5 5 5 5 5 5 5 5 5 5 5 5 5 5 5 5 5 5 5 5 5 5 5 5 5 5 5 5 5 5 5 5 5 5 5 5 5 5 5 5 5 5 5 5 5 5 5 5 5 5 5 5 5 5 5 5 5 5 5 5 5 5 5 5 5 5 5 5 5 5 5 5 5 5 5 5 5 5 5 5 5 5 5 5 5 5 5 5 5 5 5 5 5 5 5 5 5 5 5 5 5 5 5 5 5 5 5 5 5 5 5 5 5 5 5 5 5 5 5 5 5 5 5 5 5 5 5 5 5 5 5 5 5 5 5 5 5 5 5 5 5 5 5 5 5 5 5 5 5 5 5 5 5 5 5 5 5 5 5 5 5 5 5 5 5 5 5 5 5 5 5 5 5 5 5 5 5 5 5 5 5 5 5 5 5 5 5 5 5 5 5 5 5 5 5 5 5 5 5 5 5 5 5 5 5 5 5 5 5 5 5 5 5 5 5 5 5 5 5 5 5 5 5 5 5 5 5 5 5 5 5 5 5 5 5 5 5 5 5 5 5 5 5 5 5 5 5 5 5 5 5 5 5 5 5 5 5 5 5 5 5 5 5 5 5 5 5 5 5 5 5 5 5 5 5 5 5 5 5 5 5 5 5 5 5 5 5 5 5 5 5 5 5 5 5 5 5 5 5 5 5 5 5 5 5 5 5 5 5 5 5 5 5 5 5 5 5 5 5 5 5 5 5 5 5 5 5 5 5 5 5 5 5 5 5 5 5 5 5 5 5 5 5 5 5 5 5 5 5 5 5 5 5 5 5 5 5 5 5 5 5 5 5 5 5 5 5 5 5 5 5 5 5 5 5 5 5 5 5 5 5 5 5 5 5 5 5 5 5 5 5 5 5 5 5 5 5 5 5 5 5 5 5 5 5 5 5 5 5 5 5 5 5 5 5 5 5 5 5 5 5 5 5 5 5 5 5 5 5 5 5 5 5 5 5 5 5 5 5 5 5 5 5 5 5 5 5 5 5 5 5 5 5 5 5 5 5 5 5 5 5 5 5 5 5 5 5 5 5 5 5 5 5 5 5 5 5 5 5 </DataArray>
</Cells>
<PointData  Scalars="f_57"> 
<DataArray  type="Float64"  Name="f_57"  format="ascii">1.0000000000000000e+00  1.0000000000000000e+00  9.9999999999999989e-01  1.0000000000000000e+00  9.9999999999999989e-01  0.0000000000000000e+00  0.0000000000000000e+00  0.0000000000000000e+00  0.0000000000000000e+00  0.0000000000000000e+00  5.1456318401799025e-03  1.4820629856290893e-01  9.9973550746451889e-01  2.2740594322371390e-03  6.3223855432714823e-04  2.0191929267752165e-02  8.9225646552286875e-01  9.5235500189938982e-01  9.9499892681433466e-01  9.9971108248396545e-01  1.6745421254552043e-01  3.6421987324890879e-06  3.2847586587092543e-03  4.0116547171750183e-01  6.9472043933931178e-03  3.6769010114894472e-03  9.1427498019747955e-01  4.8074199668035700e-01  5.4124953041050500e-02  8.9086533810761082e-01  3.8967229979914196e-03  6.1925197168165237e-04  4.0494580426180650e-03  4.6167021238156533e-06  9.7769771911599412e-01  3.0159618171683639e-01  7.0734448382130533e-01  3.8132393881549681e-02  6.4843219646192141e-01  8.5661927372107038e-02  2.7247561588942770e-01  4.2583963987407984e-03  9.7024602100706925e-01  1.9956892208765370e-01  4.4698266178236822e-06  8.4218199163576465e-03  1.0682426792966398e-04  8.9013472540648575e-01  9.4768330000052414e-01  9.7528101067094985e-01  2.1307000794669612e-01  1.5585079088899799e-02  1.0744120260392918e-02  9.9973798460550589e-01  9.9953005240185078e-01  4.5673324386186123e-03  5.5615979209342418e-03  6.6173116951950350e-01  7.6723758556575750e-01  1.6259722137721331e-03  5.7550463638817412e-05  7.1848833468644313e-01  9.8902810132513141e-01  1.8252911384985043e-03  3.6535755875809969e-02  8.5968678564513207e-02  4.1312683552271592e-06  1.1940682919645865e-01  9.1093516821355547e-01  4.6411085565243167e-04  7.0035267128373069e-03  2.3573356703864257e-05  2.1536220714935603e-01  6.4746191024928706e-02  5.6027568445741178e-06  2.5388956053495654e-03  6.5128469073345277e-04  9.4447309470712526e-01  3.8116521527290903e-01  9.9897235178701849e-01  9.9974187502806811e-01  1.6261253148674335e-03  5.6091180277185989e-03  5.5665944391960365e-01  4.6728761484063760e-03  8.8595240607237313e-01  9.5773865224076726e-01  1.5327814178360791e-01  1.0762995729803139e-02  2.4494125175606235e-01  8.2794236543414512e-01  3.7801808091838911e-02  4.9319367839290250e-05  8.2560270837110517e-01  9.9470754721344845e-01  4.3056480288099626e-06  2.7558339415034377e-05  1.0171690671580383e-01  2.7536893128416390e-05  4.5941797782637111e-06  2.3321738468662010e-06  9.3344866342262908e-03  9.8056025230065513e-01  2.6949788708542269e-02  9.9924305117997680e-01  8.1534415423993123e-01  8.2618337910568218e-01  4.1346471510698597e-03  7.6361687849533483e-02  3.4930304413914553e-03  2.3495130798526109e-01  1.8207695255952913e-01  4.5036196365492422e-02  9.9973626592982689e-01  2.2294819932720217e-02  3.2320025600876844e-03  9.5959698934575721e-01  5.6134012013639589e-01  7.1881535477863934e-04  2.8888400154397575e-01  1.5148830005837619e-01  9.9762770288242786e-01  5.3963948809705745e-02  4.9830753467034299e-03  1.4459748710122853e-03  6.3541216607033946e-01  3.9791967649088385e-03  1.5071220189714650e-02  2.2223556452776783e-02  2.2677308678388853e-04  4.5520329788128998e-06  9.3996806198422761e-06  9.3825870146376467e-01  9.8402650639300160e-01  3.7123557236007029e-03  1.2928521411734130e-04  9.4134493597861257e-01  9.1809672396836972e-01  9.9973896950363994e-01  2.5469943218747937e-03  1.7891222893697317e-03  8.2115439281895564e-01  4.5065940859130532e-01  9.8969315264549051e-01  9.7661938670217718e-01  5.2394507331303079e-03  2.9450792506905844e-02  4.4592746341201719e-06  2.7430413638006135e-01  9.2986770702406651e-01  3.6964002191413120e-01  7.0591029899904190e-01  4.2466891618556407e-02  3.7844822444946841e-03  4.4471827067796558e-06  9.6037705942864637e-01  9.8365784689577496e-01  5.2653221851362520e-03  9.9971367938286015e-01  1.9865120556013610e-01  1.1385996836747200e-01  5.3958230095968590e-02  5.2882412460599754e-06  6.2470901029614379e-01  2.1387338468556233e-04  2.4711588896945199e-04  6.5603264743022797e-03  8.3888820133844397e-03  7.6609924521078522e-03  5.9580568768581366e-01  5.7593480566770339e-01  1.0342549764471355e-01  5.2097343764667741e-03  8.9832628550560722e-01  3.1943437035823531e-03  1.0344053514692773e-02  8.2021797881781477e-01  6.8211873246476851e-01  4.0659352428068773e-04  1.9618774877143766e-03  7.0087181660543352e-01  9.9974296683887931e-01  1.0902814395877571e-02  6.5332413594127503e-01  4.1482495433954353e-01  8.3490728819706417e-01  9.8665323214589973e-01  3.6841478640860092e-01  9.9973668458520859e-01  6.6542980229546161e-02  8.1832953478123460e-01  9.9850334065744828e-01  2.7865990737225829e-02  2.1954451135897632e-01  9.7729779734159072e-01  8.8917493183767249e-01  6.0146967013767649e-01  6.0790301542118941e-03  9.4099987980351507e-01  1.1704317650230540e-03  1.4509742022816343e-02  1.9627176698535906e-02  2.2409205402983422e-04  9.9585309620948837e-06  5.1357095178928857e-06  9.7526291857761649e-01  9.9881590344292459e-01  3.0787523499975489e-02  5.8229421389451905e-02  9.9709753285956282e-01  5.8288498061010051e-03  4.9419183457005750e-06  5.0496659753766603e-06  2.1345347441063532e-04  3.7228540312877966e-05  8.1547974816459742e-02  6.8914975441978510e-01  2.7787235839103913e-03  3.0864604345530100e-03  4.9140309276271582e-02  4.2924545747497706e-03  9.2467215123556810e-06  6.8482618235889109e-02  3.5818693600944184e-03  9.9973996380934393e-01  4.7116146999490741e-06  2.0378464242307207e-03  1.7788284164730636e-03  9.5556433778322458e-01  9.7101031025080864e-01  8.4335412703459123e-01  4.5531768557300994e-01  7.6269970678346212e-05  4.6711610491434864e-06  4.8470394939890311e-03  1.1732327768522344e-02  2.5542234679172163e-03  9.1998738445633654e-01  8.8909451461475608e-01  9.4089626627574297e-01  4.7394171128832346e-02  4.1540018133733192e-01  2.1991559355072861e-04  9.9494057216292342e-01  6.5846222165388757e-01  1.3468774976249274e-03  6.5340850766386653e-04  1.5739639472720124e-05  6.8230113270233983e-02  6.6743731526696640e-04  2.4013161464478999e-04  2.8131594419380838e-02  9.8968129073697053e-01  9.4845457035794067e-01  1.1134786486856091e-03  9.9973896773633641e-01  9.9968815127306498e-01  9.9970070901302699e-01  9.9860018347211432e-01  3.9454621275104129e-01  5.5113829068886289e-01  2.7658790883331341e-01  2.6141715449240244e-01  9.5734154082209200e-02  7.1613853043343408e-05  4.4901367887108381e-06  5.2715906030098281e-01  4.1268895985052179e-04  9.9290617835600081e-01  1.9878297023860897e-01  1.3268068876530797e-01  1.6896656675083495e-03  3.5843213648085764e-02  8.6979251126499454e-03  6.0081189191134084e-03  2.0612738624660995e-02  3.9544852382605203e-02  3.4289965214423207e-02  1.5705048632793006e-01  1.0018884583211517e-01  9.4584540879783952e-01  9.5051175950335420e-01  5.5468989128224424e-03  4.9334148380864393e-03  1.8859397047685638e-04  8.9265777634493204e-01  8.3790469383315552e-02  9.0234545200764814e-05  4.5606591872020424e-06  1.9604803788854212e-02  1.2141483358543503e-01  1.7207773958451512e-02  9.8716558597706139e-01  4.4433296938529543e-01  9.9970018825695972e-01  5.1061155393127104e-03  4.3085230353615295e-03  9.5322049385405694e-01  1.9348927095851889e-01  9.7610020409188237e-05  8.1380918702413552e-01  9.0540712916674492e-03  8.1654812988691830e-02  9.1019740021885842e-01  7.4324547134236374e-01  9.9728043106666331e-01  9.3298608066231781e-01  6.9132967708294935e-01  8.6205988966041069e-01  6.6393240244053023e-04  6.2635757890053753e-03  4.8722190562786587e-02  5.1189435676793045e-03  3.1659430583685239e-01  9.8638186542763162e-01  9.6966017834827400e-01  8.5354671596582377e-01  1.1014782112922508e-05  8.3336029899952436e-04  2.4520553608682784e-04  3.2087382388079743e-03  9.6065761429919716e-01  9.7503831642874206e-01  9.9316436571676714e-01  3.7157404023477136e-01  5.2475377905246079e-01  1.5012048357054239e-05  1.9585186985355863e-04  5.4164521263583525e-06  4.9202693789413160e-06  1.0649755872869851e-01  4.2485662233317543e-06  1.7525729365509870e-04  8.3403726500787685e-06  4.5982523653396733e-06  -1.0761962011303345e-05  4.6135408495181040e-06  -3.0747835283407107e-05  4.3757855289407780e-06  7.4681936265695588e-06  3.5555536286675453e-02  2.3426017425526688e-01  9.9963698079648799e-01  4.0197971927169351e-01  9.1029411563039897e-01  7.4984048250382518e-01  2.3824018073189544e-02  9.1335652026425540e-01  1.4177319817786882e-02  9.6867905373099927e-01  8.5832636590460337e-03  8.5908286371770004e-01  7.5197781187839641e-01  9.6442042568694908e-01  7.5877099328604802e-01  6.5789172009259886e-03  1.1300651411349890e-02  1.2460386077175142e-01  6.4964538286968987e-01  7.6843227176825757e-01  9.9524621135770674e-01  3.4734567261715987e-01  7.6021708252903275e-03  9.2929337237412291e-01  8.6765420905565438e-01  7.7213241637235530e-01  2.7467067310169412e-03  5.5734721619972024e-03  9.9971014235253408e-01  5.1994531001252543e-02  3.1144409119102439e-03  4.4725573853247230e-01  7.3482845793514523e-02  9.3591555502842116e-01  6.3473703745250876e-01  9.9971028106808635e-01  1.4962630760272513e-01  9.9973071319296924e-01  9.9973886330897266e-01  4.2639654027461470e-03  4.1708764175140736e-05  2.0943118793025636e-01  9.8087257269011807e-01  3.1847532432106568e-01  6.7097289874701746e-02  2.2282458111146397e-03  9.3427760705054297e-01  9.2026830775284352e-01  9.5658520829053029e-01  2.1768130372958813e-02  9.5935650037644349e-01  9.7557481030977677e-01  9.3547683388176783e-01  6.2027361764106927e-02  2.8399367649597568e-01  4.6657199596938714e-01  8.6270901746081918e-01  4.6129625867208972e-06  9.2046441272281987e-01  5.3515035226882897e-02  9.9973899335123151e-01  8.7713274518160667e-01  2.6180054945098095e-03  8.9823580861111385e-01  2.5821274507234698e-01  2.0277907312267491e-02  2.6589823817920008e-02  3.1390197927290558e-02  2.0311026721454385e-02  4.1987873609297666e-01  3.9862502653378214e-03  4.4859654626747229e-03  3.4818697652600132e-03  2.2360926386562198e-03  3.3891293222615540e-02  2.3067630383901921e-01  2.1162873350064695e-01  1.8986528386484926e-02  1.3422872684312574e-03  3.5154281537272500e-04  9.9973977767038535e-01  1.8888194489228025e-03  9.8393614524358423e-04  4.8756789779419685e-01  9.9973749181300076e-01  1.6766090367772846e-01  1.3963895734046716e-01  5.4149426344393536e-01  8.8485051781370649e-01  9.9627868747245807e-01  9.0964289732144399e-01  6.8377232794867595e-04  8.7334142897708200e-01  5.4890199695677322e-01  4.5083040406798842e-02  1.0205856461742663e-03  1.0940980241054869e-03  7.4093582305517217e-06  5.9965996141483902e-05  1.5512714705762282e-01  9.9973405653349579e-01  1.4970155005451923e-02  1.1890009218329688e-02  8.7000907270877934e-02  6.1714717858418278e-03  9.9933331331568653e-01  4.9915293801854950e-06  4.5142724289148986e-06  4.5879011838523636e-06  8.0150281373281629e-01  9.8810478621654430e-01  7.5225081391639581e-02  1.3985574713146379e-03  8.0667306600709004e-02  2.3369057240147324e-02  3.7418836064275949e-03  2.4847287963699205e-01  5.5676582813758708e-02  2.2555750268828919e-03  1.4572565757544195e-01  1.5237006206206705e-03  6.6322863351829795e-06  4.1188674011224643e-03  9.8689293867240480e-01  9.5986559746334410e-01  4.2161894542854378e-03  9.5401592497784571e-01  4.4763406696791043e-06  4.1189890233868170e-01  3.0004673363980150e-01  5.4591989951356445e-01  1.2412763808458453e-02  1.3286603898556449e-02  2.0619083750125536e-04  5.0000928480637552e-01  2.8746425222597103e-06  9.8569515346544567e-01  9.9386367546266907e-01  9.9575210689141758e-01  9.9833749041629427e-01  7.1480393391771591e-06  3.8779225692538694e-02  1.3328921042865755e-02  9.6691246989818791e-01  5.7678432783843346e-03  4.5382708573701962e-03  3.1613843945549405e-03  9.7449369939016517e-01  1.2490574933229199e-03  2.8351124954966778e-01  5.0010231122728300e-05  2.8925882853384675e-02  1.8106218190893053e-05  8.1945277537069328e-01  2.0795096111306827e-01  6.4809365358600032e-05  9.6087550154622427e-03  9.9037022865784918e-01  1.0430106981058077e-01  4.8652647703760168e-02  3.3863854500588561e-03  9.4298149382663188e-01  9.6936355453398970e-01  1.2756761698940991e-01  8.4193454187557704e-01  9.0250254859323598e-01  9.2299840075100326e-01  9.8369305415809394e-01  9.3389555007091342e-04  6.8602472588662955e-01  8.4898667423675932e-03  2.6443364148719577e-03  5.3916925770323686e-06  5.3154493451692675e-01  8.2971731878006139e-01  9.9971647466333846e-01  2.5918967001787524e-01  4.6890273936336330e-01  9.9788679018846461e-06  1.2653445454180870e-01  3.6352474811726587e-01  2.3033979922933950e-03  6.4277053462261202e-01  2.2957126806804610e-05  9.9230805053216753e-01  3.5713617645217170e-04  3.9777971164179492e-02  4.3465631632955859e-02  5.3341624840043021e-04  7.8870397143904740e-05  7.6621985992901709e-02  3.8868205224960963e-03  9.8784787483009687e-02  7.5449235588989551e-03  9.6104427845936480e-01  9.9973851275232373e-01  1.2127425648263232e-05  1.6092858729477215e-03  8.7743758674143291e-01  4.5245938861255107e-06  1.7789556019270002e-05  4.9363265835752692e-06  7.8395643491462086e-01  3.5682502352961065e-01  2.2350765375683514e-05  7.9043339948237298e-02  5.8453968345613021e-03  7.4873380270869963e-03  3.8629374136494553e-02  6.3547327874647990e-04  1.9026825330556621e-02  1.1895090345231715e-02  9.9973764363533302e-01  3.6602496897794753e-02  9.0975843519205124e-01  1.7358357030847289e-05  3.5987770015987662e-04  7.0804265579370489e-03  1.7085017092390551e-02  9.8718546450753586e-01  1.1164803293263427e-02  9.9973622268095375e-01  8.0100978540028223e-01  7.2532207145001526e-01  7.5616229234598020e-01  5.7869832382851033e-03  9.9934555855159635e-01  6.9554724176947563e-03  1.2137613525528481e-04  8.1333193325735326e-02  2.5999826277514913e-04  9.9970632229429068e-01  4.7888348290076172e-06  3.2175960634255409e-02  3.4093330427573182e-01  5.9960513010586780e-01  7.7943761270580980e-01  4.1384913876244761e-01  8.2843811174178406e-01  9.7972683192362919e-01  1.4859952543997605e-03  9.4686504591484855e-01  2.8659213822783618e-05  4.5697338360247618e-04  5.2636081018837492e-03  5.4413960446950561e-03  4.9345440610117945e-03  9.6802770872758626e-01  9.7223974680053371e-01  5.2677095150631965e-02  1.3814718277125920e-04  1.6135547616557881e-02  8.4361114041190330e-03  9.6330337429368518e-01  1.0136371979389875e-02  5.0958140940816676e-01  5.3994331658024735e-04  4.7549552073858657e-02  9.9916590573952935e-01  9.9628487780309671e-01  9.3015645946893410e-01  9.9852094646515277e-01  9.9591089198099403e-01  1.4695483903415575e-03  9.9661445743229771e-02  5.3970665398956030e-01  4.4623601338326892e-06  8.6118294923685990e-01  1.6232087457438586e-02  3.1874874134057407e-01  5.7042142944315588e-01  9.4139137381558091e-01  5.6738219569201762e-02  9.9974059725050901e-01  3.5511870294632946e-03  1.3419116894374566e-01  6.2730715247959539e-03  2.2671660690397086e-02  8.1955058364404476e-01  3.9486675906329383e-01  9.9976328960929550e-01  9.9954307636760908e-01  4.1630971266286136e-04  4.2542254159478682e-06  5.7859252139892212e-03  4.6441671729055304e-03  1.3081100892225447e-05  9.0999913240631192e-01  4.2336947189391084e-03  5.1831389461365973e-03  5.1007862503887344e-03  9.4256875232660835e-03  8.3551378054732084e-01  9.9974486468671864e-01  7.7975851713319178e-01  5.2097041809735578e-01  6.4118215636251696e-01  2.6409911446149171e-02  8.2561069823748223e-01  6.7109515239766815e-01  7.5523651564036987e-01  6.5666718321383588e-01  9.9671733787116856e-01  9.9799962755241856e-01  9.9640711773592461e-01  8.4362833832522122e-03  9.0708162314376349e-04  1.5146281698811341e-02  9.0726324271514336e-01  9.2410714812122219e-01  6.3029042380896538e-01  7.1250261126225045e-01  7.6182724177401451e-01  9.9115148483935323e-01  9.7229677866839970e-01  9.6598030085006692e-01  9.7635539829705298e-01  9.7927102578195901e-01  5.3363571780286201e-06  6.7636739489044017e-06  5.7459838785743975e-06  7.6540149749315156e-01  1.7278571800348322e-01  4.7321945442046858e-04  4.1786012105403224e-04  5.4007938101844856e-03  6.0599182987143962e-03  4.7688133977598825e-03  8.6327225399068219e-01  6.9127375079056841e-01  1.7865280623941622e-03  2.1819554454178668e-03  4.8824160321954768e-01  3.1871899204234983e-03  8.3648160744632039e-01  9.1417291764027007e-06  4.5778156373992192e-03  4.6539571485140182e-03  3.9618016242779193e-03  8.1715972687647798e-01  1.4228432147192984e-04  9.9718891458607506e-01  5.3941160296295610e-03  4.0806988573270579e-02  9.9973451447696349e-01  9.9973842969620941e-01  5.9749601930740789e-02  4.5461602937661869e-02  1.6857598271620802e-01  1.3126442914632427e-01  9.9966534062743539e-01  6.6152394311279394e-01  7.5821959189301836e-03  7.7095428278143618e-01  8.5855421954413824e-01  2.3811240530700051e-02  4.2330487787600529e-01  4.9891636178904375e-01  3.0681005618573393e-01  -2.7621800474843377e-05  6.4591629229671160e-03  9.2711867319842334e-01  2.3324856223498280e-01  9.9159683278802535e-01  9.1950084701297208e-01  8.8460668338426066e-04  9.9920509838605054e-01  2.6145261331042905e-06  4.7997229306999227e-03  5.4064453451711414e-01  3.6415016025290008e-03  4.2905576615680664e-03  2.9186143665906510e-03  1.2988417768079082e-04  9.5764388854037918e-01  9.9936342318739613e-01  4.9378414267426042e-02  1.2016118627357300e-01  3.0461358928786114e-01  9.8025441705195249e-01  6.4516178844981598e-01  4.8096668301197808e-03  2.2531956689490693e-03  9.6147013220930688e-01  5.0052619281030153e-01  1.2276483119225080e-03  4.7964847711481017e-06  1.0041063348179821e-02  6.8862260278152150e-03  9.9883975620405552e-01  9.9973588021882731e-01  1.3978323110434754e-01  2.4920727963424153e-03  2.6640840994898605e-03  3.8971857516550425e-03  8.7890485828595666e-01  5.1213481729565349e-03  4.3406897933134653e-02  4.6204869643594408e-06  4.5951451623279233e-06  9.4924713718340994e-06  7.0273909488887438e-06  2.6562429618251490e-06  8.9066817709689008e-02  4.9005253517989080e-06  4.5029910873336678e-06  4.6327960953007016e-06  6.2284279146899844e-02  6.5900943688700656e-02  9.9156630060104478e-01  4.4075185755993977e-06  9.8900727241267683e-01  1.1672389138795532e-04  4.7959153826398586e-03  1.8374661793552529e-03  3.7319207326096457e-04  5.1411062263099052e-04  8.7012031801706566e-02  1.3363275916389614e-01  5.5682995104761657e-02  9.2228250685658564e-01  6.4388853641823651e-01  2.5086157386738353e-04  7.4664965421136031e-01  3.0631259675070947e-03  9.0535225766261851e-01  7.4397509316909993e-01  3.4299150023666444e-04  9.0832585171028501e-01  1.8392687302171101e-03  3.0337800500329659e-01  9.4652494211192395e-01  1.8092662349644636e-01  4.3918153962485440e-01  1.5287453802440926e-02  9.3220153016309662e-02  9.9907829137046955e-01  6.2155050451486149e-06  1.1160490359424997e-05  1.9304064809303081e-01  1.5836328487545534e-01  1.2578979774485827e-01  1.2410393260779910e-01  9.1475452687546011e-01  7.8142072326316847e-01  6.1678497726812453e-01  1.4528028897573640e-04  5.7894277215630813e-06  4.5852490751411114e-06  4.7575652338458162e-06  9.3934362272337524e-01  4.5388422217006557e-06  3.6055579178766232e-04  9.9475607380286035e-01  9.9217744099302363e-01  9.6018363348126090e-01  8.5812036932128022e-01  3.4221443709585900e-03  4.6372024584515402e-06  2.2842097814224017e-02  2.6955809758452811e-04  9.4627577027362497e-01  9.5703148338320410e-01  9.0643495048317979e-01  8.6292738348888454e-01  8.8813158330982445e-01  4.6660198681649991e-04  2.2983580524224320e-02  1.2154670083852749e-01  6.2014138746337474e-02  2.2517381190464525e-04  7.8511992089990465e-04  9.7477360332641727e-01  9.7518253951936806e-01  9.6122541580540211e-01  1.8391286626997620e-03  9.9973248730883435e-01  2.7357278902089251e-03  1.3336233411935494e-01  2.0072459971825583e-03  9.0581921384470965e-02  5.1134162068919393e-03  2.6079252923669771e-01  3.5167761331722897e-03  1.1655420991577133e-02  4.7080242152401287e-06  4.4892302293067839e-03  1.0279066708581101e-04  1.0204445579347046e-01  3.3056254903306454e-03  1.4515570568952969e-03  5.0539273581703108e-03  4.9652633330677888e-03  8.9069378580978065e-01  9.3007193354700790e-01  5.5055552365834721e-03  5.1823198509400809e-03  2.3785286278112486e-01  1.0846016055892634e-04  9.3836146142722632e-01  9.5344533615635574e-01  9.2760280322435917e-01  9.8167663413373740e-01  9.4129988252233173e-03  8.7804775540885893e-03  7.7761487125235888e-03  9.8294427193851530e-01  6.1049064242254453e-02  5.4971952641697563e-01  3.5152338367035335e-01  4.2353738357649218e-01  6.1525125093321318e-03  4.6505322389900910e-01  9.9960362933602420e-01  9.9956469847347384e-01  1.2175720242692002e-01  8.3522707340107305e-02  7.2897696403165568e-01  3.0227924773425551e-03  3.8869612537417969e-06  2.0134292074102628e-01  8.8003910745477644e-06  2.3699019673352142e-04  1.0336334479964724e-05  2.1441088560434295e-04  3.2944054784593051e-02  2.7902192593742027e-02  2.4750814909820493e-02  1.8837935768867295e-01  9.7079734906677129e-01  3.6244974605825129e-06  1.2486884304868210e-05  7.1448407284856200e-02  1.4328444814137274e-02  9.3113850305576207e-01  9.7055704270410548e-01  9.3630217004160088e-01  1.1191011721368262e-01  9.6719085041486774e-01  4.4076831012566009e-01  9.4713495501039846e-01  5.1223649204317552e-02  9.5115108166620210e-01  8.8983060670690517e-01  1.0368402139252833e-03  6.7828987163298519e-04  9.9973816639938251e-01  9.1200827877498403e-01  9.9974048470791499e-01  5.0559095995700365e-01  9.9973942574765329e-01  9.8304307066975183e-01  6.9690625123198749e-02  1.7464409449049817e-05  9.6500578256906978e-04  9.8724267977688077e-04  2.1221267904547882e-03  6.4999052838263338e-01  2.5015510284843008e-04  3.1680893239049585e-01  5.3943252675970643e-01  2.7632055620134588e-01  1.2021870087287037e-01  7.5098065694357022e-02  1.1730920032345477e-01  7.4159538402459799e-04  3.2353364280711901e-02  8.7609947312440378e-04  2.4371590095264872e-03  9.3321838532887291e-01  9.4050728754085500e-01  4.5792880395866887e-06  4.4140215024453774e-06  9.1625698709491530e-04  3.0404409741904506e-04  2.3352742320229937e-03  3.5776562853046002e-05  5.6133341013686034e-06  9.0639966134529715e-01  2.8248419621606303e-05  7.7956390524863475e-05  3.7971383732059216e-01  3.6928893896006460e-05  5.8586800337074596e-01  3.4589460455000109e-02  3.8298895899491536e-02  3.1340196485366130e-02  2.3961272552977869e-01  4.7848901378507542e-03  9.9973828433209289e-01  5.4343563281468830e-05  1.1354418673465649e-01  8.5348018864724262e-01  1.4463367836868343e-04  9.9503366789137226e-01  1.9550453601569387e-02  9.4892470946165342e-01  1.5356699142021542e-03  2.8819501658379482e-01  3.4693944373566860e-01  2.4822273981119000e-01  3.0855230584049170e-01  1.5525365692964749e-01  2.9365757058702519e-03  8.7996306661430480e-03  9.9716615369846429e-01  4.3389099111758844e-01  3.1053504166936537e-02  1.0069558000542195e-01  2.2199434429729045e-01  3.3154509330350729e-01  3.5628544717192623e-01  4.9744993624366764e-06  9.9842782406928499e-01  9.9949230161077496e-01  1.9791328493778471e-01  1.7679684795907224e-04  9.6253421509150328e-01  4.4039983526962485e-02  8.6990231541221527e-02  2.3861261200149565e-04  4.3196567809314218e-06  5.1073344602138000e-05  4.5325565480298731e-06  6.2089643961270047e-01  1.9887267398322453e-01  9.9976277200863184e-01  4.5175690067552012e-06  3.1129825800136504e-05  2.0288476177046034e-02  2.8967376574154834e-02  2.1355359882951831e-03  1.7308079171624016e-03  1.7433621563830701e-02  1.6895378069443513e-02  9.2869491356416800e-01  9.3814558250470381e-01  1.3422639672157815e-04  1.1177921575295914e-02  5.5494900814515528e-03  5.6310025540447081e-03  2.8232963613123346e-04  7.5235362572292723e-04  3.6457475673390261e-01  3.5017252393122387e-04  1.3189796706044070e-05  3.9826329803238837e-02  4.6281642528157065e-02  3.9653085438845700e-02  1.0315676862613298e-02  7.0854404225304639e-03  6.2105175872140053e-02  6.1027671313441390e-05  4.4472722996393701e-03  1.8674683285798438e-01  1.4569938911110275e-01  9.2236875754993319e-01  1.5766696824406073e-01  6.3415249342678439e-03  5.9163366592014018e-05  9.9518986914579266e-01  3.4836750895179966e-03  7.5055259372287693e-03  3.1238542307953382e-01  2.5932231143575429e-03  1.2872664282116444e-02  8.6448790315848933e-01  9.3174701212224043e-01  1.0132420680447231e-02  2.2196576944993641e-03  9.6905624698354664e-01  9.1323961099859974e-01  1.5449338686042469e-02  4.5714932831508952e-06  7.9382307424782222e-03  1.3488156101794040e-02  2.2038831599817392e-02  2.9852088949904217e-02  9.9962033809325435e-01  7.3897939638795693e-02  9.4153424811414310e-01  9.5667522648837233e-01  9.5142995618745119e-01  9.4750596932330045e-01  6.5876003393507565e-01  7.2998715743720544e-01  5.8914255128073040e-03  3.1556907463886695e-04  2.9322195497101166e-06  5.6298368921519133e-02  7.4914015034026249e-01  9.9155387669707795e-01  9.8592581693296821e-01  9.8048236005240152e-01  9.8476779474511922e-01  9.8174468149056038e-01  7.8996543466013824e-01  8.5586670116149843e-01  7.4754650504158249e-01  3.4861287874304625e-06  9.0285904716487742e-01  1.0946451136186515e-01  6.5635152345177042e-02  4.5225648349139286e-01  3.5373589912730347e-02  6.6434784527126117e-03  5.0492280282126778e-01  2.3375325548694458e-03  4.7342938752119929e-01  4.7345786218363425e-02  5.3873342995615177e-03  5.0275007658815716e-03  1.7302212660319612e-02  2.0651864844450965e-01  8.0304097962335186e-01  2.4251843999830423e-03  4.1233184383242753e-03  5.3342707126036960e-03  1.5683686495199737e-03  8.5978056427234528e-01  6.0355603948143925e-02  7.7360257881887046e-06  1.2352506569730361e-02  4.4627534682220391e-03  4.0358062276482122e-03  3.1333431752099111e-01  4.6273613082408561e-06  1.4581066064601533e-02  9.9963523337518823e-01  9.9956166618574960e-01  9.9973060858618801e-01  9.4575645190188629e-01  -3.1214620332680035e-04  2.5926975971955740e-01  6.5691409869724326e-01  9.9024298224853780e-01  9.6451792236110512e-01  9.4288275483459894e-01  5.2993731878821865e-02  4.7580211077345669e-02  5.3366084330127087e-03  9.9973522417531591e-01  9.2509919181720124e-01  7.5457912050072400e-04  2.9225016747411714e-03  1.3559933343483399e-01  1.0388149376009252e-05  4.3578552856935104e-03  4.2545366159302443e-05  1.8517094418483232e-02  9.8546497774851705e-01  9.9973660243048657e-01  6.1508470332038356e-01  1.9435204385671961e-01  3.2875940351382969e-04  9.3356519968011276e-01  6.8086110143193146e-01  6.1738995159254790e-05  4.4936940379062890e-06  8.1203774458679862e-04  4.6652817827690584e-04  1.2957786869383350e-03  9.7288218669093196e-01  9.8116521406350976e-01  9.5552972330906361e-01  9.5105750557633584e-01  3.6669958495411388e-05  3.3274288700056872e-03  2.9520869983198400e-01  9.9138800040644803e-01  3.7178481318037478e-03  9.9852176456619568e-01  1.4580982602988052e-03  5.0652761630377435e-03  4.7272516557807358e-06  9.9339446352270333e-01  1.1351831438845028e-02  3.7175499916018663e-04  2.1122436881587277e-02  9.8007066246003560e-01  8.8606999141644660e-01  4.5777239384186944e-04  8.8578792941827885e-04  1.9477256127430551e-01  5.5337061563495116e-01  9.7429990623925977e-01  9.8561618358222347e-01  9.7877703691154594e-01  5.6360910373914413e-02  8.9732197201999719e-03  1.2337685189265965e-02  5.1992669543620600e-03  2.2134090022612441e-03  9.9153282831177558e-01  4.4648692667553680e-01  4.0026125601340851e-01  6.6553804818632956e-01  4.6165554049258862e-06  5.9477962354556723e-03  6.2276144373298488e-03  7.4190872559055818e-05  4.9862725748223785e-01  5.6630903351101433e-06  9.4723427589131537e-01  2.8674624145322880e-01  6.1908838646255425e-03  9.3982772158611394e-01  2.6667523442118597e-02  5.1411932398890822e-03  4.8109566394844150e-03  2.1055185466062280e-02  8.4662996914524591e-01  8.1730305530884362e-01  8.7624168616459941e-01  8.8645865278355485e-01  9.0136328920682551e-01  2.6293857523731840e-05  8.7492031892846250e-03  7.8513709480958933e-03  5.1937368406231987e-01  8.6351007679951808e-05  9.7929761202783372e-01  2.3229271551908951e-03  8.6577843638114882e-01  2.4582954061985421e-01  4.8386127255198264e-01  3.0987262726548148e-01  3.3823562370457225e-03  1.3719142953524423e-02  6.5696855554233713e-01  7.7632127262825934e-01  5.2784427738940087e-01  6.9793343647730891e-04  5.0894156963725485e-04  9.5322630831586630e-01  9.9664840216024031e-01  8.6427754693631309e-01  9.1191125706743825e-01  4.1716911901503007e-06  9.4054727869424348e-01  6.2116030243552438e-02  6.5822479462216102e-02  8.9651168280564829e-04  9.9730435717725097e-01  9.9033076898027883e-01  2.5524935815595735e-04  4.3408262704215271e-04  4.5154804347591763e-06  6.9625028576630383e-06  2.9236428707604767e-01  4.9204812155238281e-01  7.6757451753417830e-06  2.7978667388138804e-05  1.3068513762132131e-01  1.1680902263045399e-03  1.4845571043616630e-04  3.8040584342496503e-01  5.8226188926964773e-01  5.2306420371247018e-05  9.9966066610843740e-01  9.1285551722076130e-01  4.1787452610677449e-03  8.8669828011669118e-06  8.7602589143944931e-01  1.0148248617364156e-01  3.8191082658768383e-04  7.7351132503651566e-03  9.8318375018125168e-02  1.5966798314921346e-01  4.5231987559321667e-02  5.7730023979134289e-03  4.7261257318830671e-02  2.5610394956139070e-05  4.5042754893100095e-06  1.1669232485310569e-05  1.1859481929309228e-03  1.4619513635147953e-03  4.1404132358320283e-03  4.6316837283913202e-06  9.9527132794988737e-01  9.6833206474705946e-01  2.6144175650872612e-03  1.8869156131276824e-01  8.1635972190049211e-01  9.8821455669832348e-01  1.6723480013878189e-02  8.6604458683683394e-01  -1.5298143866230037e-05  4.4535409429497013e-06  8.6862231798396632e-06  9.9972852961825631e-01  1.2787925019825008e-01  4.8373926023629146e-04  7.2509949576129815e-02  9.4327403863092899e-04  4.4714883878197972e-06  8.2242572264643442e-03  9.9973712573736528e-01  1.7188284641268273e-02  3.1386378651953828e-01  7.3651118684816619e-01  7.9281920593125932e-01  5.6938358848183372e-02  8.6318229308238514e-02  9.6708118619182696e-06  5.1726843623284300e-05  2.5256659465470183e-01  2.4549127590905237e-01  4.6574178165547768e-06  -2.3066400411124495e-06  4.2918589488710566e-06  5.6329138306316495e-01  2.8220098744072046e-06  9.6666863686121696e-01  2.8603043150024110e-01  9.6952782176264285e-01  5.0947409421431360e-06  7.6328726759557813e-06  1.3676094494421715e-03  1.0671669353554534e-05  9.8653990074696873e-01  4.3984527932429075e-06  1.0623022786331140e-01  9.9973034892159007e-01  6.5225113320884565e-03  3.2899466956018780e-02  5.2581025991700436e-01  7.0991180562091227e-01  3.8869051357150003e-01  -3.4811719950246641e-04  9.9974229126120195e-01  3.1804614947782517e-01  3.8021594823724230e-06  9.6493132018957650e-01  9.6250352873035760e-01  3.0343182443076443e-02  3.1889944736499537e-01  2.2822859393241202e-01  5.7654266639382189e-02  7.9173637681227392e-03  8.1752354997398635e-03  7.0481226652261879e-03  9.9094878760177219e-01  5.2546306444288426e-01  9.9910431245851472e-01  9.7177842872737519e-01  8.8352001935022306e-01  1.1106461514089127e-02  1.1188770187294417e-02  3.5844386820080058e-02  6.0744121759976548e-04  1.1006908447218879e-01  9.5770333975678579e-01  2.6138621922894355e-02  2.6437603856121733e-02  9.6600992589986312e-01  9.7324194964833444e-01  7.9229550368497681e-01  1.2884080045177479e-03  9.9973835100489106e-01  1.7761523325652385e-04  9.9951929875522583e-01  1.3625446179826759e-02  7.0768749949209642e-01  7.0874816955109232e-01  7.8983670726996147e-01  7.1559232028192654e-01  9.1726128690451803e-01  9.0493832127916940e-01  8.8730616806197593e-01  9.1860180807956193e-01  1.0156690362337912e-04  5.9925633253204325e-01  6.1055991873414306e-01  6.7395504388172101e-01  1.2826795721894599e-01  9.8788245685357962e-03  3.3919517281112793e-01  8.8544887125798644e-01  9.9742492190921883e-01  9.8386341816777656e-01  1.0851997272144452e-01  4.8518009377984594e-03  3.7274080207651628e-03  3.0217983639974503e-03  2.7740429903059258e-03  9.7577932911819210e-01  9.0087110873619836e-01  4.4216388550005956e-06  4.1746291772229221e-03  1.2634700658138523e-01  2.7892346946819030e-03  7.8781767886987597e-03  6.3943743992032741e-03  8.3972090693922907e-01  8.3926757351747061e-01  -1.8547517171277240e-06  6.8319837717833920e-01  7.2170341365643487e-01  7.9549484127108927e-01  7.1613983203198295e-01  7.6504397965403311e-04  9.9972929192507698e-01  9.7751049249803173e-06  2.3882146959568723e-02  9.4785455772428440e-01  2.2895705218178708e-05  3.1264895340124721e-02  7.3688035265751373e-01  7.9493682760621354e-01  7.4432833141230170e-01  8.5505846611479613e-02  7.4103512812506656e-02  6.9340661798054454e-02  3.3469720276677517e-01  2.1273796210738818e-01  1.7644276746828533e-01  5.9650321723900192e-03  4.8613632709714541e-03  9.2727801295603762e-01  2.2665122166963639e-01  2.5155620623400344e-03  4.8536606925387402e-02  4.4606664263133844e-01  4.6803574113459722e-06  7.3061890336020092e-04  7.5451149886848401e-01  8.0885079575538399e-01  8.0440296883136986e-01  9.1606701788151312e-01  6.4651051788206881e-01  6.4497586380718230e-02  8.3479330070578939e-01  4.9055985009639480e-03  9.8508837539803351e-01  1.7595858573736239e-01  1.6362645873645604e-01  2.9111550490563630e-03  9.7628911705008559e-01  9.7951783864540287e-01  2.9395651134185444e-03  2.8430462788838672e-04  3.5809784868638315e-06  3.6720456898826033e-02  9.9973661116501000e-01  9.9963579837372818e-01  9.9971369735224691e-01  7.1788818372148219e-02  6.7481341740153566e-01  1.4876946435851074e-01  9.9973628207384013e-01  1.9604611485278045e-01  4.6670071081202064e-01  9.9970723987512056e-01  3.1039948822610897e-01  1.3204048965851747e-01  1.0561552765122589e-03  1.1644069514330424e-03  2.4219609515568900e-06  3.1552212814697465e-02  3.5600989153485696e-02  2.1968714073566081e-03  9.2439169656819908e-01  9.7369373033174555e-01  7.3252466273740002e-01  2.9603004527843707e-03  2.4113906371034992e-02  2.0487913728647281e-02  7.9103849422366013e-01  3.4281806531857079e-01  5.4945222559517315e-01  3.8220655756262722e-01  5.5081462796774927e-01  4.0675052371112519e-01  3.3617722212503733e-03  9.5431021209808134e-02  3.4672800063630954e-01  4.5070090756860942e-01  3.8028776556119137e-01  2.0167788670977377e-01  8.9673889524298200e-01  8.8417105290442677e-01  8.9843832369403642e-01  3.3821195191241545e-03  5.6991861239947088e-03  3.4874973127743659e-03  5.2070554869363939e-01  3.5670462334219256e-02  5.2253718821223061e-03  9.8141694527734380e-01  9.8854154214725753e-01  8.9864888152807565e-01  9.2507197930696816e-01  6.0096461914136923e-02  6.4185211920025409e-02  3.0283521711489869e-01  9.0622075845431194e-01  9.7790413725309400e-01  1.5907828940359746e-03  8.7630555281541817e-02  7.2884584668161556e-01  5.3329742476515829e-01  2.5985602451916094e-03  9.5971280728940933e-01  2.9377422375494977e-01  9.9973913042328333e-01  9.6839012212070941e-01  1.4177664057085332e-01  1.0481506249453631e-02  2.1488199113226827e-01  8.0194080527798350e-01  9.9973878256977988e-01  9.9973975795335823e-01  4.5512268841449700e-06  3.8000787092257021e-06  2.9628391933007648e-03  9.6128073363670745e-06  9.8920413237590721e-01  8.4850807003065232e-01  8.9114777472306250e-01  1.6317899728803287e-01  7.5417338274465351e-01  8.4560960495449256e-01  8.7687854274627752e-01  6.1370096750277322e-03  8.5215787274648444e-05  2.2635012262461637e-01  9.3860035547717768e-01  7.3976340991844733e-03  5.0077817961317564e-02  5.0512375477918939e-02  5.6718260324900821e-02  5.6672233688429153e-06  2.6928787007061985e-03  4.6878174352991391e-06  5.7153036738979583e-02  5.4583266356679849e-01  2.4127843071486189e-03  2.0376087385235043e-02  1.6000592718373263e-05  3.5339907545986961e-02  2.9237803775176503e-02  2.6803464256225696e-02  1.2278216933003894e-02  2.2923298484136722e-02  9.4327628043016276e-01  1.0855853109022843e-02  1.0799659471963190e-02  4.0404580846665813e-03  3.1672826882814913e-03  9.3539296155651186e-01  2.1269681455224991e-04  4.0461923646864024e-02  7.8605890197381667e-01  9.9974057382376658e-01  3.4753156650453357e-03  5.6990870688125450e-01  5.3867496736218205e-02  8.5492195970513907e-01  4.4892342992714319e-06  7.3270552079928619e-01  4.0678163283877598e-03  8.4991886416193851e-01  4.5093328106143864e-06  2.7157055050570523e-02  2.6069490752712729e-05  1.2863547276778037e-02  2.2591861792315829e-01  8.8345461841752693e-01  9.3013085813685537e-01  1.7043610091638337e-02  1.9007792120737822e-02  2.1466531864388388e-02  1.1859879469240705e-03  6.4413889682925383e-03  8.4680343766609292e-03  6.5500955277518281e-03  6.6806776418471938e-03  9.6993933091194640e-01  2.0919169289496700e-01  3.6746154739129072e-03  3.9061901777276452e-04  8.7735275636999288e-01  9.5421085306885822e-04  9.2039555474552215e-01  1.2106271087979669e-03  9.3385394731232074e-01  1.7570067309546377e-03  3.8268498950703670e-03  1.3355504359320126e-02  2.9380498726983957e-02  4.5932128830408236e-01  9.6871966057256398e-01  7.2849185597528288e-01  4.4193331306819220e-03  9.3617031603960099e-01  8.3564970882124871e-04  9.9954008005855677e-01  7.6661243354150775e-03  4.7292485244319688e-06  5.0243775081608333e-01  2.1320204804903429e-03  9.2394786437107668e-01  2.0203155345129794e-03  2.2313665301717107e-05  1.0045447470817441e-02  9.5787267260021205e-03  8.4290073394942322e-01  4.6050724494250044e-06  1.0782383841807128e-01  1.4108561677159318e-01  1.3730869873888531e-03  2.1922563026442344e-03  1.5056261191475438e-03  7.1964977882572136e-05  2.1466772205406892e-01  1.4797621679072458e-02  4.3632735434585464e-02  9.9974107448653726e-01  9.8173524931988387e-01  9.2157288463901532e-01  8.4593942490006735e-01  1.8318827877332100e-03  3.9780817697862153e-03  1.6007346766260522e-03  1.1345083279447660e-03  9.9974043431056769e-01  9.9973777896286853e-01  9.9974001506387244e-01  6.5703504452471181e-02  1.9695393016482135e-03  1.1311336052566097e-03  7.0848694942370949e-01  9.1013959490162077e-01  9.9973869542869631e-01  4.6201493267606064e-06  4.6193590585566808e-06  1.3431460694264157e-05  1.5203292245134756e-01  1.2493967642616937e-02  9.9975051836709949e-01  9.9929023642444736e-01  4.0841485367276609e-06  3.5268322209469936e-04  9.8904908131305058e-01  7.1304607621727401e-01  5.0289324564593318e-01  9.9551302603269522e-03  4.2720393146820467e-04  3.2810683007612582e-03  4.2081761028368880e-01  8.8756716766732291e-01  4.7315210363128224e-01  9.9623790023264369e-01  9.9871032302172102e-01  9.9457489946574928e-01  9.9182341748235081e-01  5.8545650297803653e-01  9.9750620735456974e-01  3.8667588128571517e-02  4.0546726541288942e-02  4.7690311091398711e-06  -3.7307548598042753e-05  9.8770291321513803e-01  1.2550402093191185e-01  6.0473576870222756e-02  5.4311130586733739e-03  8.4229623706738241e-03  7.9384933904685395e-01  5.8023724847756225e-03  1.1957920518913987e-02  9.3622334640469429e-01  4.1856643461025259e-02  1.0562891361961311e-02  4.7818306496738849e-01  7.0604992875780780e-06  9.6152623346394939e-01  9.9207557449717620e-01  6.9789580968407866e-03  5.3661420803898652e-01  9.5375983571281953e-01  9.5302233220492738e-01  9.6421445119918936e-01  8.9499612328322886e-01  3.3357130984577332e-01  2.6748154251839114e-05  1.1419509583039993e-01  5.3716212587471591e-03  2.9239910900048412e-02  9.9958021219794779e-01  9.9915968435877056e-01  9.9891443827665582e-01  9.9883184363407140e-01  4.5729588006888230e-06  4.5576319091057383e-06  8.0208672131278902e-06  4.5617451791873099e-06  4.4951648348629960e-06  4.8373518815650378e-06  1.3847769044052469e-02  4.7221493009131511e-02  4.8801048942194364e-02  9.8109709599146988e-01  9.4678250619315318e-01  9.9973047808328375e-01  9.9973227637788531e-01  4.1180809680383929e-02  2.4498977622423126e-01  7.7901251670840929e-02  8.1869051791250342e-04  1.2296419306450463e-03  4.7870000676856383e-01  4.6468989006714828e-01  5.3748019025243706e-03  -5.7956767936380998e-06  3.1732136725527840e-04  1.2342162662344529e-04  1.0895753896770893e-01  9.5215950666066163e-01  9.9973619688213611e-01  9.9972625514520230e-01  2.3322217840986842e-04  6.8765403167812310e-05  1.3004448757850619e-04  1.1210434875538474e-04  5.3858775046652161e-05  2.7233116641675063e-05  9.6972510321871264e-01  4.6093691997504365e-06  9.5669552141425762e-01  2.8859036742013740e-02  5.0205407423908068e-06  2.5159535156760027e-01  7.6690867155113907e-01  9.9974326277604031e-01  2.4564168841552866e-01  1.9498416488270748e-01  9.6294287162385617e-01  9.7692834002452522e-01  3.6677138349849718e-03  4.5720504605872023e-03  9.3592533433808345e-01  9.8232000468413472e-01  1.1197945826586902e-02  9.1517083543335875e-01  5.3198852830480528e-03  3.9626743121139269e-03  3.8321148332602709e-03  3.9468452154732036e-03  3.2909603874731815e-03  5.0264166746159019e-03  1.9616906675197225e-03  2.7677111865354719e-03  3.7888195011481278e-06  -2.5760525286617677e-06  1.6778184839460625e-01  9.9326650599494870e-01  9.9785557366157396e-01  5.6823317682254459e-01  8.0448017223588887e-03  2.0310094844444237e-03  4.4639418708491202e-03  1.7871938202286961e-01  2.4304713319269864e-03  4.6080001994460579e-06  4.7885608802886996e-02  1.2269829960637546e-01  1.9146431864771184e-02  5.9971002659930894e-01  4.0206710404351925e-03  3.1922196589448854e-01  4.6622207339187885e-03  5.1822696444458914e-03  7.0010267966330442e-01  6.2970919635333436e-06  6.7166220464619092e-02  1.3661262431735701e-02  9.9974379309616646e-01  9.9513591528783885e-01  5.3056747658470189e-02  3.6723891312189121e-06  7.9765232832958485e-02  9.5530823550230193e-01  9.4985693653625558e-01  8.0284206072638131e-01  7.7057012548166944e-03  2.5791374252160482e-01  5.0727660117441697e-06  4.5274205159825345e-06  8.4305919151803876e-01  4.5075443119010278e-01  2.6234265759064523e-01  9.9283622994068965e-01  4.3213006241387109e-01  3.1229393106456382e-01  4.6105372247803288e-06  3.2032472906170777e-02  9.3966816872267833e-01  1.2658059486251474e-01  3.4990826349877587e-04  9.9974904808639087e-01  1.0141071251732758e-01  8.6380023072912882e-01  8.9394652381189681e-04  4.5793018897834317e-06  4.3691585897246137e-05  9.9778804424885759e-01  9.7353371673776734e-01  6.0117192585664292e-01  4.7992407822053323e-01  5.2910971050567233e-06  1.5797433306130392e-04  4.5854904302037900e-06  9.9741309099953412e-01  4.1751188200589663e-03  3.7928032814499419e-03  3.7796420614662207e-01  3.5812696418196046e-04  7.3055689147986880e-02  9.9955909877827098e-01  5.7319947096135361e-03  9.0826152494591550e-01  1.0045905183451734e-02  3.7600579525878153e-01  4.3859606115257060e-01  3.4371517655655992e-01  3.9635800066664506e-01  2.2840789358013702e-01  9.9973960857458521e-01  3.3805868967343874e-02  4.2127326958184536e-01  8.0428734727124440e-01  9.7741998331167468e-01  3.2147484274703886e-01  7.2265087229670522e-01  4.6317897997439260e-02  9.6088263824194464e-01  2.3564247805565815e-02  9.9973923217091687e-01  9.5591212736431153e-01  8.5526209316171942e-01  9.9969323430574830e-01  9.7163302546387331e-01  9.6833973628463998e-01  7.4612532978958848e-04  9.9433316549159745e-01  6.3905271409904041e-01  9.5046578816864943e-03  -1.3830951697488543e-05  1.6161658084030899e-04  1.0444375229023704e-01  9.8933997798466244e-01  9.9190052758954628e-01  8.3247375574487239e-05  6.3628037086563385e-06  5.6509510316901511e-06  4.2478608210345044e-06  6.7733616796705409e-01  9.5153344547981900e-01  9.9888095558316492e-01  9.9832468856635204e-01  -1.5243782166507416e-05  2.5894959154396789e-02  7.0170240410793562e-03  5.4536037055904973e-01  9.9794045879760607e-01  9.9769186339864235e-01  1.2643793458678582e-01  2.9524010276379620e-01  2.2737748181651152e-01  7.1389483254662937e-04  1.8706721873716390e-02  9.9410208476127104e-01  9.2897950604874358e-01  9.2680550536086004e-01  9.9674117261100632e-05  2.8660264698344779e-05  8.6892300744794859e-01  8.5670976049434599e-06  2.7699498209360804e-05  4.6341394612752223e-06  4.4005363523820375e-06  1.1362058933244090e-01  6.6402415312569088e-02  9.8851530101912721e-02  9.0202563042953365e-01  4.7648628994054231e-06  4.7197593212956554e-06  8.7381918884518373e-01  2.3933459602657797e-01  2.8056491352695376e-02  6.8153118255032926e-03  4.7483392442636369e-06  8.3828188035732931e-01  3.0691898677931988e-03  3.4538151739332058e-03  4.5510068798588306e-03  5.0978690068629315e-04  7.2705067564522510e-02  3.4815264222735637e-01  3.1662621204257953e-02  9.5449023451586257e-01  9.2295633287855627e-01  9.4762326596272040e-01  2.8639551936608942e-01  7.8552005215865439e-01  8.1607334777998397e-01  8.2596953777026560e-01  1.3715488480960557e-02  4.0675340413751836e-04  7.8264705105292653e-02  8.3777360880665219e-01  1.9654867597614068e-03  5.5724828146658054e-03  4.2533103706323239e-02  4.3335641333121424e-03  1.0131444511372637e-02  1.7205136212389345e-02  4.6093394311291789e-06  1.4174836021860029e-03  4.4784776179007679e-06  9.2122078215959136e-01  9.5335343368280012e-01  9.9973972108479214e-01  2.7908611025242552e-01  1.9985486124362451e-03  2.6654961895046202e-02  7.7876086497337502e-02  6.9859015448738085e-02  2.3777388482182568e-01  4.6198032606787976e-06  3.0623533370846773e-01  3.0029589313350135e-03  3.4580280095866224e-03  9.9971093805998912e-01  9.9972046476323684e-01  4.8990113955122132e-03  9.6441070601552803e-01  1.6882624902677987e-01  5.6537932335629071e-01  9.0383411158798521e-01  4.1909890546954914e-01  2.3780445650406906e-03  7.3432728631896732e-02  4.6367535326000337e-06  9.8740706860283212e-01  9.9275977480441524e-01  -1.1278624428474479e-05  2.1277820484411751e-03  5.1347419466936550e-02  5.6879914797409316e-02  4.3327451587278853e-02  8.4949044318242354e-04  1.1153612748321111e-03  1.0295509747467127e-01  3.7066055659351942e-02  5.3216342783969335e-03  9.9973769904870657e-01  9.2943288983731021e-01  9.7074536541243317e-02  4.5347753317324747e-02  2.2451861488064609e-04  9.4836041910304500e-04  6.4429816191511513e-01  5.6847941231072106e-05  4.4116973941547755e-01  1.3947913283474769e-02  1.7572653306606939e-01  4.7239870148360331e-06  1.3159812152774720e-02  8.8805656103038658e-02  7.6715368051519808e-02  9.8604490077682094e-01  9.8381404834816266e-01  1.3131943500744062e-05  9.9973732533720117e-01  9.9973825250566473e-01  1.7940671121607010e-01  1.9356828161250083e-03  2.7388160700968158e-03  9.6491034742953918e-01  9.7337237379520380e-01  5.4714148045409304e-03  2.6705658057107787e-03  7.8767969801010784e-01  8.6563111672051662e-01  5.7106426488575002e-01  3.3925477226121686e-01  7.0481663222323303e-06  5.6078875770423401e-06  9.2337040229342759e-01  3.6749051712574635e-03  9.2698005884798484e-01  9.2315570088988086e-01  8.4868951381049296e-01  4.1512392619964561e-02  4.0173377355600802e-02  5.9487934516592400e-01  6.4162649344986233e-01  1.3189764669796927e-03  9.8899482953884066e-01  9.0122662648449092e-01  9.9384670699535937e-01  9.9457474884283503e-01  9.8994727050922859e-01  6.4259357600172340e-01  5.6049887804400636e-02  9.9973939091127606e-01  9.0887055216962676e-01  4.5313753102915910e-06  4.5094978457563308e-03  3.6378357815630558e-01  3.1142883354688855e-01  6.9661974388849631e-05  1.3312632629688026e-04  3.8321215680933523e-05  6.5214943093493738e-01  6.6139941540440961e-01  4.3933197520681358e-03  1.6770002977782231e-04  3.0762669868852868e-02  3.1003975951656656e-05  1.2482984229298835e-03  1.1962672114420433e-01  7.8554121149380736e-05  7.7227049813567835e-03  2.1942245183061114e-05  2.3749657668569710e-04  4.9720681022241541e-03  6.9903091854894028e-01  6.0460053363311128e-01  4.7006536830064671e-02  9.9205124603060957e-01  7.6503080308337260e-02  4.0931757750470454e-01  1.6992138140852926e-05  3.6988801700922719e-01  3.8690216613662265e-01  9.6834281752805051e-01  9.8649237860006778e-01  2.1399752043762720e-05  7.1111199560633569e-03  1.5495957859994920e-03  1.9854964168569747e-01  9.4265691217984872e-03  1.0828559101113442e-02  1.0223679443057378e-02  7.3566893822027524e-01  9.6657115159050899e-03  4.3898364706518260e-06  4.5235028892975616e-06  9.9971317006342564e-01  8.3109318428277068e-01  7.9520920734448930e-04  5.3242580170481989e-03  1.4638212699257875e-04  9.5118022504859528e-05  4.2667861222871728e-05  9.7933849856743660e-01  8.1702202349586639e-01  8.2820590260136495e-01  2.8955374917598903e-01  7.5941545991590129e-02  6.6638648984525713e-03  9.5914284924612703e-01  4.1532411846788415e-02  4.4876023791968062e-02  4.6022059377141510e-02  4.7353613384265962e-03  9.9974127548608549e-01  2.1592023401144016e-02  1.5085366639353368e-01  8.9816891169465399e-04  4.7654943836706641e-03  5.0731792210512361e-03  4.9312870425351867e-03  1.7650034800821768e-02  5.7647517340834176e-02  6.7682955205243056e-04  9.6408102207288637e-01  7.6230086508783157e-01  8.9608938498175494e-01  8.1103258287803495e-04  8.8605886852022486e-01  3.8289732598910522e-04  6.2884440737098968e-01  7.1028370352097459e-01  7.6471818361723554e-01  3.7634052646566348e-03  1.7082049096570157e-02  9.9973968476807762e-01  6.4826807565263343e-06  6.2708122231384042e-03  8.1477723930961776e-01  6.0700544551121546e-03  7.2135864099589662e-03  3.6779896683164302e-02  8.7602005120446646e-03  7.9990185748546294e-01  2.4876535166472708e-03  9.9925461719944064e-01  1.8840169860617814e-01  7.7164733200509442e-02  9.9972507712232694e-01  9.1906491795684186e-01  9.9938708179343949e-01  9.5784318723780149e-01  9.6965830673290487e-01  2.3116448505916915e-05  7.8121816051094804e-04  4.3652631088572495e-04  2.8486633871126329e-04  4.2093160744525650e-03  1.4708759903949763e-03  4.2193561484650747e-05  1.6219962602227764e-05  4.5525812866553191e-05  1.4691423298906958e-03  7.3396179482489703e-03  6.4120013359068948e-03  4.6576279430698237e-03  4.3345563033168003e-03  4.3737748330841165e-04  9.8512050798543405e-01  -1.7622277864046861e-06  3.9934890945460142e-07  3.7955736454267023e-06  2.1065195885933926e-03  5.1218572137197839e-04  6.1516389706304242e-03  4.7059064507638639e-03  6.0913855456814248e-01  1.9111444726328461e-04  5.3855021660803679e-04  5.4800043364722152e-04  3.6308658028363666e-02  3.4260241414631090e-02  2.5498755722938926e-01  1.0249656164002607e-01  2.8000551448038376e-02  5.1243839008553249e-01  2.9755329139633281e-03  7.3870546386240110e-01  6.7525133625674416e-01  7.7967230151378841e-01  9.8381218844999185e-01  3.2661799699926328e-04  5.3297520058738536e-03  4.7140420716462310e-06  1.4805770594638206e-05  7.2730583009415701e-06  2.7331785637606992e-05  2.5314047871052742e-01  5.7547418751373930e-03  9.9800213115245218e-01  4.6506642655531418e-06  1.5368422916382147e-03  2.4389093675991960e-04  2.8181026337041914e-03  9.5838343713443230e-01  6.9539667961938867e-01  2.0930499258489134e-04  1.0323438660249956e-01  5.4247195149687721e-06  4.9352687694175943e-03  4.9200859736558463e-03  9.9844358295129265e-01  5.1683154914665200e-02  5.3370140287989559e-02  4.9993965761825708e-02  2.8816236709424563e-02  4.7916426500456513e-05  1.5655901570154279e-01  5.9184798661673388e-01  6.5117874006557386e-02  3.5507642029288126e-02  1.4685878384979263e-02  9.1851849476925684e-01  1.7495269038578863e-02  9.9982276452809915e-01  9.9971040228547625e-01  1.3508435870822430e-01  3.9107702475834555e-03  2.0941559653575069e-03  2.8792764269640878e-03  6.7131733800282400e-01  5.1257935071665612e-04  9.2763275408323875e-01  2.6610128409138051e-01  5.1576993564300238e-06  9.1559521754804810e-03  3.4516800360054198e-04  9.5006359288878395e-01  7.0601581853581662e-06  3.5979679282063200e-02  9.9021549069647996e-01  2.3039383791911054e-05  4.8841619350583321e-01  9.9945811071189394e-01  9.9901454855334582e-01  8.7631926307142205e-01  8.6847028497395806e-01  5.0653404973425145e-02  8.4630601055835281e-02  8.1162475018851654e-01  7.5531498368652827e-01  7.6271301361803467e-01  3.3593082247175278e-04  4.8824074311544091e-03  9.9604806685524572e-01  8.2291769964598349e-01  4.7278474799195419e-03  4.4511539005047170e-03  9.9625552461413092e-01  2.6696062921830631e-06  4.6159614612225776e-06  2.0656878676729109e-04  8.0297829802176229e-02  9.6431097355053275e-01  1.9892885273920806e-03  2.4511659193354844e-03  2.2841336249270509e-03  2.6131608719116035e-03  4.7872628072299805e-01  1.7943045572948148e-02  3.5922495061916437e-01  9.6666968155281452e-01  6.8943913340505125e-06  7.9615135329678269e-06  4.9334273344623205e-04  9.1982942591930933e-02  7.1914216853848370e-02  9.9973872823833432e-01  1.3127889884398157e-02  9.9939987634725391e-01  9.9935036865981763e-01  9.9943340743942333e-01  9.9896162205168970e-01  9.2418536569494436e-01  1.4593445172119143e-01  1.7231713114451617e-03  9.8734411010657241e-01  1.3096818469149983e-04  7.9503063171225345e-05  2.3324020560598654e-03  7.3001840316093067e-04  3.0539596340065734e-04  1.7528858473739833e-03  1.5619046844804994e-03  5.1072527133537837e-01  1.1529716248486675e-02  1.9494842840768220e-01  6.7566054382341917e-03  9.1731077583729718e-03  5.5337176678280026e-03  5.4687677392092323e-03  9.4467238199475156e-01  1.7623914183422600e-04  2.8036238451411472e-02  9.3473858979838154e-01  4.5818220550057527e-05  1.3377043078610686e-03  2.2311641563399124e-05  7.3046474051223820e-01  9.8343657083541791e-01  2.6191381347124920e-01  7.2887550026251363e-03  9.9969251730041186e-01  4.9143734641462777e-01  3.7088676883655214e-01  3.5901094912859144e-01  3.1401169371384341e-01  9.4589271522755525e-01  9.4913661428237839e-01  1.0511797489782221e-04  8.3555025090187529e-01  7.2087931323566497e-03  7.2401385122086367e-03  1.9775406985568793e-03  4.2914877827548978e-02  1.9559921151189605e-03  9.9872086841145280e-01  9.9769119044970034e-01  9.9661759768711466e-01  9.9678152028197931e-01  9.9498399752243250e-01  9.9752806869627098e-01  6.2870999994697785e-01  5.9337735180699347e-01  9.4160107423379358e-01  4.8889674961648621e-01  9.9974026569498420e-01  3.4933143192544625e-01  6.0198445770060775e-02  4.8081777649789147e-03  1.6575808224286825e-03  8.5501702985854577e-01  9.9604613072759396e-01  1.9758709092260454e-03  4.4788121171847040e-06  4.4837028195607309e-03  9.9828392956136558e-01  6.4224198147312883e-01  3.8886642224557192e-03  1.9903441934953697e-03  9.1772017783008730e-01  1.4784895646028581e-03  6.5633166395089371e-01  5.7778857844926326e-02  5.8839518737144707e-05  1.4281565642207525e-04  9.7021388221857197e-01  9.6152513270312212e-01  9.5696152166594017e-01  8.0507214526744120e-01  5.5662045797732042e-03  9.6748190813005355e-02  2.1528997689082820e-02  1.2402957672056177e-04  1.6473765713612387e-01  7.8390226866993895e-01  1.0615352714378047e-03  6.2762935966746303e-01  9.5763589974835417e-01  9.9757848942462268e-01  9.4260006087723125e-01  8.4034976225836511e-01  8.7175107399723628e-01  8.8089327938599726e-01  5.1960949116304483e-03  5.2559935566291287e-03  2.2605981167975256e-01  2.0566537039320962e-01  5.7806373119294534e-02  9.4046421970362670e-01  2.0746545932534485e-01  5.6543299595672447e-04  4.2201037350202641e-02  4.7270532238725300e-03  1.5734147416913855e-02  8.4283579838047001e-03  7.1638453600788099e-03  4.2963612541145796e-01  9.9377520569165190e-01  8.8888578431369365e-05  9.6633921458233163e-01  9.7392848460400860e-01  8.1273913327219904e-01  9.9962036813710387e-01  5.0044113013340874e-01  5.9463544065040153e-01  4.9355559238986119e-01  9.9945849743420512e-01  1.6120845694978010e-05  2.4823229525489090e-03  8.7659674324489578e-01  4.7148242915344452e-05  8.5424842679056379e-01  1.5731262642312966e-03  9.9745756053825374e-01  4.7595304048007002e-04  4.9088755178700082e-04  3.1092258104455622e-01  4.7836891731815480e-06  8.9447392110950241e-01  3.6556399652103659e-02  1.8888108164163929e-04  9.2996966454320722e-05  1.0619825753913082e-04  5.8647372741276625e-03  1.7377755609857728e-02  1.6943413929812270e-02  1.5624400954646392e-02  9.7887246560206165e-01  7.4538851504353565e-01  5.8941215585105122e-02  8.6925813136158325e-01  1.2420115530921984e-02  2.4287693603039943e-02  7.0080274429812206e-01  3.4599518373771128e-04  8.7619390402036634e-01  9.3906573751756905e-01  9.4618180959551357e-01  6.8959743073866542e-02  4.7796079688099201e-02  1.6217538426723813e-02  2.7603121066948439e-03  5.6382743595893752e-03  9.9822646051169628e-01  4.2223487740752286e-01  6.0690356592640271e-01  4.0950171513440692e-01  9.9970351917307887e-01  1.0925273165045221e-01  4.4953747333840804e-02  9.9969324359475209e-01  4.2634337553689346e-03  9.3473260812225822e-01  8.9550192944537962e-02  9.2286253015072400e-02  1.0194731093137362e-01  1.5947974261610606e-01  9.9695242558587738e-01  9.9966390445977260e-01  9.9972937631342595e-01  2.0884914014122860e-02  3.9120128314076028e-03  -1.8273002782015507e-04  8.4259109467632787e-01  3.8495278045268605e-01  5.7129915929155883e-01  6.8505130699712946e-01  3.3773983540481751e-03  1.6909746549546566e-04  3.5163318657286243e-03  2.9930770290464087e-05  5.2570323303880034e-02  9.7326439088185890e-01  1.5081114596173021e-04  2.8946647452328992e-03  4.5941860396663607e-06  1.7045715290027864e-03  1.0379432189884469e-03  -2.0552064569220874e-04  5.0433297649459262e-05  9.5600716321438484e-01  1.9854395720147494e-01  5.2708244279876795e-03  3.8775257375959382e-01  2.8457842370565650e-01  9.3589135113735833e-01  6.8356085867796726e-03  6.9828832834407930e-03  1.7412741351591327e-03  3.0838497989670085e-02  9.7889433057741157e-03  1.0872470458976864e-01  6.0089188981137256e-02  1.1354500874471220e-01  5.1311977605030668e-01  2.8802586355981291e-01  1.5211278520613001e-02  1.7468159623100768e-01  4.4967253556457221e-04  3.4329444993919117e-01  1.1070682440833309e-02  6.2968083580873817e-04  6.7578437627867437e-06  7.7096362061764914e-02  9.3312273296635651e-01  9.4127566630648762e-01  9.9906062900677040e-01  1.0589548708839410e-04  8.1362603128638765e-03  1.0593453487466445e-02  3.3132705939084822e-02  9.0053292263724449e-01  9.9208412749844788e-01  4.8915973075995239e-01  3.3558449643408934e-03  3.1334253143119437e-03  9.3786997916670423e-01  8.4348204304356789e-01  8.2286146790151193e-01  1.5447844216271652e-02  1.7557810224440759e-01  1.3203770202898441e-01  1.9633494205686106e-01  8.1247851920277728e-03  9.8071307066030267e-01  2.7324699888256459e-03  4.3839140698664891e-01  9.6956577044014836e-01  1.6218461061433811e-01  2.0026989285286620e-01  9.2607961100196989e-01  5.9509905023530207e-01  9.8049458387723554e-01  5.7010206427824617e-01  9.4596474723848833e-01  1.7807823334238258e-05  7.2818654796812687e-01  9.8533677605111645e-04  1.7939024553349076e-01  3.9399345394601017e-06  9.0621424950201523e-01  9.2379911723958841e-01  9.3777285499693142e-01  4.2654170489829610e-04  4.1381699998159677e-06  2.3521131380858213e-06  1.6866568221244958e-03  8.7190734743750509e-01  9.2554010781710461e-01  9.1805517300658135e-01  4.3689083085982313e-06  9.9967428809822634e-01  6.1669597002209309e-01  3.4577294139472960e-06  4.3611844596209407e-06  7.2935890534545389e-01  1.0517819272346596e-03  1.1405213642437558e-03  2.4106833233196296e-04  6.4658481052145200e-01  4.4877822504064524e-02  9.8739760102241381e-01  2.1938255760774523e-02  5.1331540652043098e-03  5.1567719202819662e-03  5.2512038627224912e-04  7.3547835906973902e-04  2.7309516059340150e-01  8.2991827983729871e-01  7.3075565143081835e-03  9.9742976859374555e-01  4.0683036210567375e-01  4.4908339274423409e-01  5.8151677409797686e-01  3.6948689789927996e-03  9.9903871412096576e-04  8.1857877274136709e-02  2.1124957545810391e-04  1.9866819721401074e-01  9.8869182498417429e-01  9.9330614116115346e-01  7.6861824440740267e-05  6.3349255153502730e-05  9.6656083568430029e-01  9.7058934214978176e-01  4.5299171337965606e-06  2.3105085075750945e-04  5.1219859477215956e-03  2.7547123265133193e-03  6.0041881676082447e-03  2.8871248352978999e-03  9.4984860439492391e-01  3.2867861217448534e-05  9.9898002983102341e-01  6.8415177721851655e-02  7.0207408031322560e-01  6.3273863493548821e-01  8.2591284914950627e-03  9.9957919564702225e-01  2.0340253035242381e-02  2.3886782129214183e-04  9.4161529722291148e-01  9.4157483483749771e-01  9.5170748227859070e-01  2.5295699195528345e-02  8.4857521651004175e-01  1.8136215653401546e-05  5.1305325525573160e-03  8.8749231610367640e-01  4.1725029916355495e-03  4.9984032105480387e-06  2.5478620315468534e-02  9.9940697388859767e-01  5.6785926648258484e-06  1.3682515326479614e-05  9.5962671067121100e-03  5.7457714101519742e-03  7.9137338592479556e-01  6.5611084124932340e-01  7.1784788211458095e-01  7.5727134171824739e-01  6.7570218011271543e-01  7.1234698229763926e-01  9.1147408942517094e-01  4.8386285781643048e-03  3.6049661381545861e-03  6.3499234427048545e-01  2.5806646753770480e-05  5.6940696490340153e-03  5.2922323099807281e-02  9.7762269738259233e-01  1.1091145715657197e-02  9.5662469098476466e-01  1.3279024505067147e-04  4.2547515133053812e-02  9.5915593067565375e-01  9.5797228282091629e-01  9.1117833832201636e-02  1.5349915163019789e-03  9.5561383016018808e-01  9.3250254696847124e-01  9.6240313330785809e-01  9.2829081083203036e-01  9.4050533734336506e-01  2.8663560678445529e-03  3.0403451685264973e-03  3.2289305067368106e-03  3.2428033730086186e-03  3.1026192983612979e-03  9.9926261933062910e-01  4.6213787948298862e-02  6.0122836982007084e-03  5.5306636836497470e-03  1.3194987511293841e-03  4.6199442618345583e-02  4.6248871782809814e-06  1.2434314039880344e-01  1.3213128562279416e-01  9.4349241752880419e-01  7.3206549619385364e-01  7.8856081724172644e-01  7.1662083028173207e-01  7.0691251381518017e-01  4.4770055261857048e-06  7.4113318650495053e-01  7.5327195011365999e-01  9.1107221028131680e-01  7.1428289851718152e-01  9.4680594081416547e-01  3.7415854615542141e-03  3.0000881326676332e-02  9.9973590928868261e-01  5.9319529779493648e-06  9.7243907219262116e-01  9.7410674995449054e-01  9.7870335834308242e-01  3.6328072451973137e-01  9.4401735596251215e-06  9.7105345326598302e-01  4.0259464024906974e-02  9.0342929592275922e-01  9.1639537229949675e-01  4.0770643474549208e-03  2.1562253798056381e-02  1.4623976528637750e-03  7.9271322370151973e-03  7.6212335733249770e-01  7.9844320797190593e-01  7.7212450457861659e-01  9.2121402461550872e-01  5.7399515538120693e-01  7.3143445696829890e-01  1.4808396803059978e-01  1.3394322504623277e-01  5.5451646339645062e-02  8.7219569365399208e-01  9.2987304502504153e-01  8.4882067005381465e-03  1.0260399055797168e-03  9.4565884777561104e-01  5.8524391638565565e-01  1.4211151560299373e-01  1.8240700971947063e-01  4.1243085854432757e-04  6.4648110781662710e-06  4.3923609535083093e-03  4.7147409860045283e-03  9.9961374002545167e-01  8.8668530750001417e-01  8.7841849047473763e-01  9.6665994630216789e-01  4.5868813613523865e-03  5.3377583592867615e-02  4.0991353280440945e-06  4.6853683327514258e-06  5.8658771254307653e-06  9.9973534390378294e-01  1.8708837102422035e-02  5.0522522414837498e-03  5.0071536203462018e-03  9.0376943871664422e-02  1.4136610133337032e-05  8.0044430955540969e-06  6.1844563374593457e-03  6.0560577799828302e-03  6.3983690180408849e-03  3.6194723997810339e-02  4.2805404139636877e-01  4.6475469142682468e-01  5.0890214882422069e-01  7.8600014498232618e-02  7.9290551807232812e-01  1.4785044581844933e-05  1.4069753567750246e-01  9.9829501952392175e-01  8.5784310368088135e-01  5.8976981563906759e-02  9.9646150307092707e-01  1.8643958277315448e-05  4.8961381904898474e-04  2.1651970983264398e-04  4.1518278098104727e-01  1.8747595793930572e-01  4.4525694660857862e-06  3.3985883684717272e-03  3.1526057570965345e-03  4.6499543876944249e-01  4.6027384837131441e-01  1.1669643545851931e-05  8.3898685283217644e-01  8.1530345596527654e-01  7.9356879082181842e-01  7.8180193183386582e-01  4.1545875376867608e-01  9.8008645710999498e-01  8.1786918139742570e-01  1.2251448040069030e-01  3.8135457703027472e-03  4.6903458551815309e-03  2.0010606533617829e-03  1.3404621614215973e-02  5.5896864083371427e-06  8.6308587017549288e-01  6.3145937293701770e-02  9.9969593103697618e-01  9.9973691071875781e-01  1.5468651064206634e-01  1.4227618254871455e-01  6.9047869969291165e-01  7.0833851362402417e-02  3.2486902296844034e-04  1.8280943075660280e-01  4.5094189363792608e-01  7.4542600494924183e-01  7.7041009218133261e-01  7.9546303960311493e-01  8.3915918454054406e-01  9.7533390842560563e-01  9.8348042515378509e-01  2.5792875297436832e-02  7.9580811648149556e-03  2.6214252337003624e-01  2.7663308681739901e-01  5.4870364695774709e-01  3.5268069866257296e-01  3.9459294469665762e-01  2.9494847901399707e-01  4.5287362870704862e-06  1.4348580433765779e-05  9.9973775951318333e-01  9.9973715762399684e-01  9.9585562224523649e-01  4.1381340420671119e-03  3.7148191546300933e-05  1.8390528766882948e-04  9.9622720112390539e-01  9.0666997332161925e-01  7.4708658800605736e-04  9.0881652038627436e-01  5.2190754311376153e-03  2.1484708425557070e-01  5.0507847278474603e-03  9.8648922735655475e-01  1.8569462940238510e-02  5.6825283622915855e-02  4.7180708508521026e-02  9.8930983926835325e-01  7.2411579226440035e-03  6.6895706972109484e-03  9.3094703049633565e-01  1.2393266498686660e-02  3.9283980521324138e-06  6.2573902470643055e-03  5.9259709662852003e-03  5.6688929301708978e-03  9.9870792879079495e-01  1.0583738987701100e-01  2.5301610131865077e-01  3.4367372500782936e-02  9.9973426041220848e-01  1.1218637237204344e-04  8.8737286274126748e-03  9.6131691189102808e-01  3.4646707129035595e-03  1.3221933996669421e-03  9.6441082212029328e-01  9.9973820400509117e-01  9.9972447177417423e-01  3.5635769113835079e-05  -4.0804427861572016e-06  9.9345787527465756e-01  6.3152957513972541e-02  3.0142092359568599e-02  6.3165308443126589e-01  5.1527804488894638e-04  4.4339523742569489e-03  2.3632912940116145e-03  9.9153690315489251e-01  8.7582070610095746e-04  1.7953287705828813e-01  4.5700127158890322e-06  3.2757478292297056e-06  6.8096190382206654e-06  6.1509421723932545e-06  5.9222683467259938e-06  9.7639304195478926e-01  9.7927388704193219e-01  9.8296770103386155e-01  2.3499571083312404e-03  1.8893523346571547e-01  2.7224579048600473e-03  1.1326106669100383e-03  5.3397570568057176e-02  4.7928479798688456e-01  6.9898075093441186e-06  5.5240046255028416e-02  9.8221583524751555e-01  4.5464503084727098e-06  4.5962512070866643e-06  4.4230030231750803e-06  4.6106030393843591e-03  5.9872412212745529e-01  2.3264361317167632e-03  9.1420567712705318e-04  3.2907693604826849e-01  5.2150091126931407e-06  5.4287454467053499e-06  5.0700503501982528e-06  5.5373410033676074e-01  4.5040001544983874e-03  5.1476728351493696e-03  4.5208345728156348e-03  4.7414337712235605e-01  7.6172056851203995e-01  6.4917012239312810e-01  9.0994122472086070e-01  1.4183703509974711e-03  1.1477882302819748e-03  3.5657096656267293e-03  7.6486223288706001e-01  9.9972077193850284e-01  7.6420566193499184e-02  1.9798083117541416e-03  8.9383019335648783e-01  2.8602221376026133e-03  9.9972920247080121e-01  9.9973535632422517e-01  2.7320146856051418e-05  3.9081680701340368e-02  2.0812976855715887e-02  5.1033791897758770e-06  9.1954699750561256e-03  3.5750640906561759e-03  4.6153791091393228e-06  4.6669348344996970e-06  9.2357472829392473e-01  4.5836165229575140e-06  5.3157253247437530e-03  6.0983158357455852e-02  6.2055136512284503e-02  9.6697802584711945e-01  2.9194768294896870e-02  5.5422794555369048e-01  1.1987534409277473e-01  1.5872902998946212e-01  1.3701485163060234e-01  1.0345754288093216e-02  5.8366851575102063e-01  1.3285837048890020e-01  1.4415356523955536e-01  1.3979033203431004e-01  8.4802477241170959e-03  6.4371030186680145e-01  9.8978728825669249e-01  5.3954893193924169e-03  8.3660371175348742e-04  1.0654696431360264e-01  8.0969497105797858e-02  9.7605838341583442e-02  1.6781116972937662e-01  9.0363006220818654e-01  9.0326712886468752e-01  9.1488316655988200e-01  2.7076073633601283e-03  9.6584530368893828e-01  9.6954179150992936e-01  9.7754995452216342e-01  9.8018611142356515e-01  8.7313187234483913e-01  8.9198136696950303e-01  4.6180645461905975e-06  9.8696607347433107e-01  8.7196438980174162e-01  8.9118660292601737e-01  8.8486086286610754e-01  1.6126203521311354e-02  3.3330890063752575e-03  4.4319224730580420e-01  2.5571408352687026e-02  7.4147951432174516e-06  8.1695961572782072e-01  2.4749936803423085e-02  2.3319441526556111e-02  9.9974318491581438e-01  9.8862578465127893e-01  6.0050073975545765e-02  5.5067208030200538e-03  9.8408939830385644e-01  6.7473252801429989e-02  9.4150732223857725e-01  5.2230348678845703e-03  7.9073980910436281e-01  -3.2978966361989678e-05  7.1685709539661430e-06  4.4672425814661050e-03  4.4752029014782421e-03  7.0965161367664745e-02  6.1806578499036750e-02  9.9973487420592566e-01  4.4599890678871001e-06  4.3805622123210989e-06  1.8027764313750560e-03  9.8500438796477896e-01  9.8063268016869698e-01  6.3134808210737559e-01  7.1227323592079828e-01  5.5701184793499192e-01  4.0956725777321559e-04  8.5457988870161664e-02  8.2022074793615896e-01  5.0890769858902096e-06  1.4180685607759624e-01  9.2886543127343801e-01  5.2245265004685065e-05  3.7087137639263185e-01  9.3719565042903134e-05  5.2313776490057551e-04  9.8521689168232424e-04  4.9409562041383422e-02  2.3748031968830868e-01  1.6898357369762333e-05  5.1567178648073081e-03  5.0994674738494778e-03  2.8267833941997842e-03  9.0059613450275994e-02  1.2692019070204538e-01  6.2289759538316503e-01  4.3952773857163490e-03  3.9951768154936666e-02  8.7605404244375784e-01  8.5984958406167059e-02  1.1571056655050686e-01  2.0823525920159094e-04  1.0222046683174360e-03  1.9951351824490239e-05  2.0427049146946719e-01  7.4242602653285283e-01  5.0635465998116465e-04  9.7382990955781112e-01  9.7830672080541237e-01  5.1194435399132031e-03  3.1683092333927348e-01  9.8736482336873099e-01  2.5236197913776292e-03  1.3887892976156594e-03  6.0289787084819840e-03  7.0731109360758593e-01  7.7837474332484291e-01  2.0236751252837212e-01  2.5927863645921762e-01  3.1991983521960848e-01  8.6146250594202545e-01  3.1179875506140153e-03  4.6522283182999832e-06  4.7568139082917910e-06  6.4356175759010770e-01  4.6224492074698825e-06  1.5238310408279509e-02  3.7246655657122318e-02  1.9496865260509640e-03  5.2446351871887520e-01  3.9311187938931014e-03  2.9972266974125240e-03  4.2454506264016618e-06  9.9947776646788933e-01  1.5396185707749491e-05  5.0362519206433999e-06  4.7734379340115168e-06  6.0978674761831524e-05  6.7547653693820797e-01  9.9455099385580015e-01  7.1169486445593370e-03  4.5885084264074847e-06  4.6145836774306297e-06  2.2521216115036950e-04  4.6403251653355307e-03  9.3927943703663708e-01  4.8885801810626770e-03  9.7602091612808284e-01  9.7650013536851932e-01  9.9443929082794325e-01  9.2245605149778129e-05  9.9589549408339395e-01  9.9530359049008177e-01  5.1329669479657845e-04  5.0498987639830285e-03  4.9936308845967793e-03  2.2801563384129836e-03  7.5192781092840361e-02  1.2346638353224804e-02  1.2464285214936260e-02  9.9095499406811249e-01  2.9561496662890423e-04  9.9950443116065324e-01  9.9802323170585772e-01  6.2939176371610856e-03  8.0155027559238190e-01  3.0778156428210428e-06  -1.0637837080244101e-06  8.5259622314832205e-06  5.0101185035965383e-02  9.0958258001811287e-01  8.9844272606215281e-01  4.9109922462132515e-03  9.4492057791628636e-01  1.7662389033750121e-02  8.3147615822520074e-02  9.6159212836434568e-02  9.5572339213774382e-01  2.9368835096331114e-01  1.0685586204401310e-03  6.1931585604598194e-01  8.9255983038137809e-02  5.1034269137541230e-03  5.6285904266866220e-03  9.9911682024981074e-01  9.6272042338980546e-01  8.9387112878216624e-01  9.9973914925058749e-01  4.1209463169286020e-01  4.6649727994402881e-06  4.6182469748240077e-06  1.0592269821974101e-03  2.2742259876112996e-06  9.5000510858113718e-01  9.4946077089466552e-01  9.3119464109903582e-01  9.4533842294739268e-01  1.2110555554681447e-03  7.9696818625088443e-05  1.2769246066775464e-01  9.4019982147571934e-01  9.2684846582002356e-01  9.2935238269498266e-01  5.4679490734935932e-01  9.1228708720177010e-01  9.9742015140460494e-01  2.9218951236916580e-02  1.8288559518786027e-02  8.1378187118229662e-04  2.7867105040489631e-01  3.6337979244367929e-01  1.6118449432407803e-01  3.4333561929103670e-04  5.2165791552462704e-01  4.7275164932996045e-03  9.6411977509359648e-01  9.5240270423603091e-01  9.7257937003816353e-01  9.6662463771099583e-01  9.7187874537312413e-01  1.7197688698007128e-06  4.5659047070049696e-06  3.7877697850458725e-01  9.6704070032241518e-01  2.5798756669482642e-01  4.7813414920376263e-01  4.5294314213991055e-01  6.8297279972665673e-02  9.0724826845163109e-01  9.5355160749891255e-01  9.5877522399471860e-01  1.0296804820082318e-03  4.6071600344375706e-02  9.9410991903093326e-01  9.9970924515651638e-01  9.9830899522412275e-01  2.1052854158136003e-03  2.8906535546107493e-02  9.9137652875935878e-01  9.9971883895405467e-01  8.6939892829448340e-01  2.2174043528577062e-03  9.9882735766014386e-01  8.6255650184756771e-01  8.8024524609338817e-01  7.4488513027427106e-01  6.4887157755688677e-03  8.8850118753903051e-01  8.7655655922647724e-01  8.8934638498881247e-01  3.4689254307157297e-01  4.8604164091629577e-02  8.2046273798438221e-02  9.2706408686797193e-01  5.5831887110141098e-04  9.5534035094728187e-01  4.5655823294755604e-06  5.2704013636502023e-01  9.2954435163903659e-01  9.3241110606321165e-01  2.6431553007610084e-03  3.8173400018462434e-03  1.1207450138385538e-02  4.0483305479204326e-02  9.9395393776505558e-01  9.9637328862015406e-01  9.9965444224446520e-01  9.9968086636103848e-01  9.9948485918188157e-01  9.9973251520965067e-01  6.9164199628513556e-01  6.9911010221603523e-02  3.4625312647455703e-01  3.3155118433670231e-03  9.7540917605410737e-01  7.8431868991109223e-05  3.0952488663219973e-05  9.9950759525682020e-01  9.9962349019575181e-01  9.9949417415315234e-01  1.2077275900184867e-01  3.8434102129789934e-02  3.5683400453460905e-02  5.5158729376190119e-01  4.5190518686253390e-06  2.2994351529906976e-02  2.0560275595138913e-02  9.9974135689919230e-01  8.4510164195651552e-04  1.0769917219545064e-03  8.4254114865627136e-04  6.3050390010779989e-01  4.0273005807568718e-01  -3.7230241991945160e-05  2.4420170931535039e-03  4.6383952980092344e-06  5.3798358220658207e-06  3.7873540909350952e-06  5.0463161427580206e-06  9.6934532424760456e-01  1.2692919777643560e-01  1.0779118952890594e-02  3.3534668175736020e-03  2.5963410243503984e-02  9.7197775309997791e-01  9.7634772115569801e-01  9.7379479852348361e-01  8.5440558892994389e-01  4.0099735284198189e-05  6.8829681209762902e-05  9.3353767061537085e-01  9.5789254502184129e-01  8.7859300437009069e-01  1.2999805799085887e-03  2.8545765149275248e-01  9.7221098551510299e-01  9.6336457597987724e-01  4.4359146111962237e-05  2.9362969065677407e-03  3.8453131295915302e-03  2.8789746056961845e-03  1.7091730664360566e-03  2.3017692684081164e-03  1.7828537578875956e-02  3.5582512555713042e-01  9.9972256265424309e-01  3.4103702348741586e-03  8.8314621000750537e-01  4.4564295012382360e-06  9.9033831489947266e-01  4.3171538756715845e-03  2.0983501396115373e-03  9.2133095301819323e-01  7.5945382798000538e-05  4.4843647082530969e-06  9.7661655516046642e-01  3.9834052463166408e-01  2.5088774988443604e-03  2.9463086459971216e-03  7.5060702252887808e-03  9.9973802377367904e-01  9.9973843509887805e-01  9.9972258044788698e-01  2.8510577605906360e-04  9.2880859547601868e-01  4.2891527806380933e-03  9.9974166268878806e-01  4.2763158475588045e-03  7.7870450034375500e-03  9.6240864185623576e-01  1.3103835082131336e-02  9.3135852170942068e-01  3.2869038741004319e-01  9.7345353486574970e-01  9.1248273073569486e-01  4.6428762921037353e-06  3.2455360120403315e-02  5.6834888375872673e-03  5.8102829991920615e-03  4.4963271778956440e-03  4.5520098957142312e-03  3.2265400067938897e-02  2.9839011291809320e-01  2.6909640560899084e-01  4.0289853732083120e-01  1.8679669117871145e-01  9.9973790042457100e-01  1.1248230030048898e-03  6.2663879917617725e-03  -5.7894789188046312e-05  3.0757514261044343e-05  1.1186483885311527e-01  6.2784231317452059e-03  5.9567525332957947e-03  7.0105341815075222e-03  9.9973968423501569e-01  8.6430353978034294e-03  8.8291442095422434e-01  4.9536727522336548e-06  4.5170992721948830e-06  1.1492168603653846e-04  2.9052953184475644e-01  9.0315916737503521e-01  2.5115224016433210e-03  1.8523042995777795e-06  1.0324945225173448e-04  5.9498094154856419e-03  7.9717843078187786e-02  5.2790670373520554e-06  9.5896051061532017e-01  5.9308234026017948e-03  9.1157189197016309e-03  8.5388909816705751e-03  9.3703019106868953e-05  9.6560027073693211e-01  9.6913097958662264e-01  9.6106926708052842e-01  1.1709068621853060e-03  2.4971261311007079e-01  8.4681268486253614e-01  2.5777594993832673e-02  7.6074257917374033e-01  5.6402683674296686e-06  6.1634296216745155e-01  9.9041628249895448e-03  2.3010781108800334e-02  5.0324481544879507e-05  2.6953295844732217e-01  1.6842836028878444e-04  4.5191835469072088e-06  9.8772135926376126e-01  9.3899249071318924e-01  8.6337175685612944e-01  5.9625629748020513e-06  8.3335964614260571e-01  1.2745050801682210e-03  5.9431445133779936e-04  3.3740979554139178e-01  9.4451203420285212e-01  5.8718978439755614e-04  3.7750995552197867e-06  4.5714955405121463e-06  3.2963800067951562e-02  1.7220772953034499e-01  8.7670730605853315e-06  1.5816361300217371e-01  1.8751417664378805e-02  9.8261831022851231e-01  9.9962797343914001e-01  -3.3480046255315148e-05  4.4533353758216977e-06  3.3003219342955109e-02  1.0186008590253743e-02  9.7309963694488833e-05  2.2377486929357010e-01  2.6992960739757088e-01  1.3313164120508179e-03  9.6208226100141423e-04  8.7784421499909437e-01  9.3254046395918944e-01  9.2265719087344766e-01  2.3961404988479987e-02  2.6166236836162770e-02  2.2168583955200046e-02  9.8212487743729182e-01  9.7719798027500560e-01  5.6954973462860214e-01  4.9119893599258717e-02  9.9973697783163840e-01  1.6624423785187592e-01  1.1547018466764218e-02  4.3502045575767871e-04  9.9876237245019905e-01  4.4593506986645352e-06  6.1123996222676391e-01  4.2847189808355540e-01  4.8431951541181267e-01  5.4211216750529601e-01  4.0270808064427749e-01  6.1177615359509210e-03  1.2746750310094482e-01  4.5837720887833272e-06  4.2717099181276807e-02  4.6868800678398370e-01  4.6313119164241072e-02  4.3823621993404599e-01  5.4122021984560063e-06  3.9126625186662650e-01  2.8951492498904180e-01  9.9973863226438220e-01  5.2727120609489642e-01  5.2759301883217724e-01  9.1525995581342456e-01  2.4611254059586217e-05  9.8382001093284721e-01  9.8498895839751177e-01  4.9807718261705859e-02  2.1692554247926205e-01  1.6517096722348155e-02  4.6130467248888783e-06  5.8341010265950854e-01  4.5707703243514081e-01  5.1569872150390383e-01  2.9260972170230743e-03  9.9973797018170540e-01  9.9973854475892066e-01  9.8523871360463555e-01  9.5382185839494749e-01  4.8539277654471038e-06  4.4334125789142054e-01  9.9974468751102263e-01  3.0377457512226171e-02  3.1908320951720949e-02  3.5529378362730124e-02  4.2690576161423988e-01  6.2868217963675314e-06  1.3024634281294523e-05  9.9973897935823219e-01  9.9973915775993660e-01  8.1771146972293955e-06  1.2123185192133202e-05  1.9899976692881641e-02  4.0359921910402381e-04  9.9973137639466358e-01  6.7194858923434282e-03  4.2268327827834762e-01  5.2003971244845701e-03  9.4246983586371436e-01  9.9470326519646024e-01  6.4584915714303703e-01  8.4316276179205868e-02  1.7047267717662604e-01  8.9939975659980409e-02  9.8048891063973618e-05  4.3114312452409174e-02  9.7350841318212103e-02  8.1198330268439511e-01  8.8870233510207419e-01  8.3360301724586375e-02  8.2130897680229320e-01  1.0949642519321734e-05  6.7146693312168812e-06  4.5653618670298547e-06  2.0568916053985940e-04  4.4416408407484245e-02  1.7182321659689467e-01  2.3051406642963790e-01  1.7815696175110948e-01  3.7913333389061843e-01  2.5716152757686464e-03  2.3638706243345338e-03  9.6265403882221157e-02  9.0611061645214697e-01  2.4198554012231265e-02  9.2094270696387037e-01  4.8068046831148903e-02  2.5448002569067579e-01  4.4341143822478962e-01  2.8359419672297829e-02  5.1043706393755173e-01  2.3752504804646266e-04  7.1889454741453137e-03  6.1477621148942696e-01  9.9804901954221337e-01  1.3623738690877877e-04  9.8440161637268198e-01  3.6371486018760911e-02  7.8501970490579043e-01  1.5500598881279606e-01  2.0356353330845112e-01  9.8218562775360163e-01  2.8294900379364940e-02  2.7449348490413333e-02  2.1816782137411453e-01  1.6076937806240288e-01  1.6798967212314361e-01  9.8345589017274004e-01  9.1595265916263624e-01  9.1028621709988877e-01  2.5700769299496512e-01  2.7299668489206508e-01  4.6701797830714623e-06  2.5481039858443359e-04  5.2750744177913155e-06  8.3483879159430577e-02  6.0232159646578752e-04  4.8912315215790102e-04  8.7944233761037577e-04  7.7974833458499460e-01  9.3202959723709133e-01  9.3494083690070828e-01  1.5495109670672616e-04  4.8646803106380014e-06  7.9517223947839932e-01  5.4496185636657615e-03  2.3487678597650247e-01  4.7722917942569602e-02  4.0629811553134526e-01  1.1288461831506982e-01  9.7799354445852726e-01  9.7875375058286584e-01  9.6834916060225595e-01  9.7526812188484246e-01  9.7088715849685003e-01  1.3473279372088326e-01  4.5882814198787555e-04  6.2234354814451039e-04  1.5611454422307589e-03  1.3905169871300338e-02  1.6922771541779125e-02  9.8519327379687305e-01  1.3082787671111406e-05  2.4323582357922533e-05  3.8766594522617748e-01  3.1486890446887283e-01  7.0521389033848279e-05  3.5198030008620426e-04  9.5757746305781577e-01  6.8328143459856522e-02  8.4052522365384380e-02  8.0368333960725002e-01  5.4625873429688943e-01  1.0053876381692630e-03  3.4961621528472812e-02  9.5820467947155152e-01  2.0420723858250899e-02  8.9371905383122761e-03  8.1615806731685065e-04  4.8999006358671211e-04  4.5699713982622779e-06  2.0276119605964923e-02  1.0180239904270788e-05  9.2256315727017114e-05  8.9150269846794183e-01  6.8287229898038559e-05  8.2579027136425698e-01  7.5066438315120043e-01  9.9971995708015438e-01  8.6199462429633822e-01  9.8145122015044706e-01  5.9815891841403168e-01  4.6265518327389918e-06  9.9973958075794300e-01  9.9974044199417622e-01  4.7633688906060564e-03  4.9516382502762298e-03  9.1239682551312373e-01  2.8564164523527302e-01  9.2616739106941082e-01  4.7769224604174395e-06  9.6795239804546873e-01  9.9202432438378441e-01  2.2913517364573986e-03  1.8557228123499989e-03  2.1024013111197925e-03  3.2841776082253560e-03  9.6749506326384389e-04  7.2176403247161514e-02  6.5637252919480069e-02  7.3816642373800437e-02  9.1040523899390473e-05  5.2773070149646838e-05  3.3331578359279655e-02  5.5749335452164326e-03  5.5235314108484004e-03  2.6476224638892815e-01  2.7796492798911188e-01  2.2744964650341046e-05  9.4230118838930110e-01  9.4550128724048643e-01  5.3797261810920203e-03  1.0141378471894152e-03  2.5080155934838783e-01  6.1061053297180451e-06  9.9613656464961190e-04  9.8622975901846088e-01  1.7521128763556614e-02  2.1691379281607696e-02  6.4357730631013621e-01  5.8745317633799332e-01  1.0423782169090769e-01  9.9967612155341656e-01  1.3263306236546658e-04  3.4290556831028707e-01  4.4908598344674595e-02  9.0056472297179280e-01  3.7885193510408874e-06  1.6048904858426464e-04  9.5127550804486383e-01  9.5286150411858050e-01  9.5959361978198421e-01  9.5718406002236744e-01  1.3481251757296017e-01  1.0032563010197813e-01  1.1028306187626971e-01  1.6545732477878514e-01  3.0931091841543072e-02  6.1430477371698233e-01  6.3291139351990322e-02  7.9163919760475754e-01  9.6269241306149764e-02  4.9029656366247282e-03  1.6799164674296749e-01  1.1304979623751962e-01  2.0973255282023609e-01  8.5000994229456606e-01  9.1686278346755912e-02  2.2357193600943798e-01  2.3713229756192070e-02  1.7109476267879085e-02  9.9966551828507622e-01  9.9945936873207242e-01  9.9965553731763190e-01  9.1121461915467672e-01  9.2925740665375278e-01  9.3844173476705228e-01  1.9909528790458094e-02  8.4108633302956182e-01  9.8534283606588480e-01  5.7140897974678915e-03  5.6416106379299225e-03  1.0035569405895669e-02  8.1238174720758694e-01  9.3206817518389151e-01  9.4718452863260616e-01  5.4110342882943618e-03  5.1304638125668479e-05  1.4216836946735127e-04  3.8748512862369655e-03  4.4918111158477086e-06  4.5159957258184601e-06  1.3605025852360181e-01  2.3985913333331474e-03  4.8723123819119016e-03  3.5752605733851755e-03  5.3017544829819310e-03  5.7457485641164208e-01  1.4027478958150419e-03  6.2293541367414444e-04  7.5969473123142217e-01  9.9552796692331047e-01  8.4666628286592471e-01  8.7055304218352669e-01  8.8119840434746544e-01  9.0873810485313103e-04  1.4825143450373239e-02  2.0904150555278930e-03  1.6982559547666514e-02  4.9578333442497458e-02  4.6421838155594725e-06  9.9973745410467085e-01  2.1941243366980882e-03  1.8628849318151417e-05  5.5008249350611493e-01  3.6762326288333541e-01  4.6217110273026971e-03  4.7862399053594929e-06  9.0998797525695796e-01  9.9169087202826456e-01  5.3583158332547688e-07  3.2051415991144291e-05  1.3573939178683414e-01  1.9676082785515861e-01  1.2998879106593903e-03  9.9974025165921776e-01  8.4072645448855199e-01  1.2303140347303577e-05  5.0346844830610037e-07  8.2360554087828342e-01  8.9211458084109885e-01  6.1894040466423783e-01  6.1081650028407175e-01  5.6041063471921027e-01  6.3257692026558454e-02  5.8724851080278806e-02  9.4369687916881342e-02  2.1446553378463931e-01  8.6955413253744640e-01  9.9947261001176879e-01  9.5846765803381384e-01  9.9966588599353645e-01  5.5353469677217398e-06  2.2038864358232046e-01  2.3802152499013038e-01  7.6465563314097882e-03  8.5778923027303430e-02  7.3867864865963841e-03  4.4182773878952689e-06  6.3962399402404713e-01  1.0244113168935620e-02  1.1109352712887951e-02  4.7443582781523741e-03  5.9195254684466969e-01  3.5864510632663615e-01  9.8773786100050335e-04  2.8191742278292053e-01  2.7785796057029255e-01  3.3903359185045528e-01  9.9973878398718286e-01  9.9973878248574077e-01  9.3721166851506554e-01  8.9046160696673382e-01  6.4863237539217180e-03  9.9973944322029429e-01  9.4424657934996348e-01  2.3592680453998174e-02  1.5145968119474024e-02  1.3372118702123914e-01  1.3384216057471096e-01  2.8458459718767209e-01  9.1022204434319143e-01  9.4851793106222193e-01  4.3409059927997617e-06  4.6159193113350722e-06  1.0512136840584856e-01  8.4724001983321473e-01  8.0685591149098670e-05  -8.9274787716975052e-06  7.2752140165286251e-06  1.4122348489017614e-05  2.0472391816939922e-01  1.9167314554902559e-01  5.5511349309928550e-03  1.0763371753128033e-02  8.8080478641742024e-02  3.7230853018661159e-04  4.5634017306635101e-06  4.9139915595761648e-06  6.3041027520149163e-03  3.3831835418490969e-01  8.3093124046818762e-02  9.5198592994743958e-01  4.6404598318916073e-04  5.0526042806576495e-03  1.3509975665030699e-02  1.4713436591143514e-02  2.2749305781738140e-02  9.9910603070025028e-01  9.9806740418681383e-01  7.7846204026188496e-03  1.0595760916963651e-01  9.3327340302562578e-01  9.9565033196344299e-01  3.3684680540961957e-02  3.2690336652837770e-02  3.9143901033240778e-03  9.7451883450606991e-01  4.4358372302864510e-06  8.4538216638443731e-01  3.6269670404152063e-02  1.9919858807446270e-04  3.0641407194408505e-04  1.1413783054358237e-01  1.1248254794519784e-01  9.9345497458308640e-01  9.1683700980141580e-01  4.7193059050833636e-01  3.0473843694509600e-03  1.0307019581396569e-01  3.7914846449426290e-02  6.8359169268280140e-01  9.0079124765254914e-01  9.9973810172957212e-01  2.1728820955675326e-01  8.7871243594066317e-01  8.0047977072108520e-02  4.8245662136539345e-06  4.3473353018522488e-02  9.9925574744961732e-01  1.2967328409101088e-03  3.9451363399089640e-01  4.9362610538439866e-01  9.9858541249223953e-01  4.2386823386936068e-01  3.0953045293461284e-01  3.0093074649184832e-02  1.9308249683823581e-02  9.3643506828246770e-01  4.8091344879341864e-06  6.5388216155933543e-06  4.6684830260748306e-06  7.6104169026724566e-01  6.7269461527805436e-03  6.1030777461665055e-02  1.3530265036029188e-01  9.9976578697005447e-01  9.9982950536339410e-01  3.8811538865513241e-03  3.4838419064595977e-01  3.2769551033104027e-01  2.4260807407499974e-01  3.0496450258105734e-01  1.8460172341776690e-01  2.5927799430298154e-01  3.1533853013776159e-01  3.7115458772384979e-01  4.0673731944703434e-01  5.6357348225773973e-01  1.3183394508187837e-01  5.5270250197176529e-01  4.7108257383432811e-01  1.1644049273562231e-05  -2.8453043349614954e-06  8.8366647245321395e-01  1.6511312375259159e-03  5.5946831213911907e-01  9.4379843633383897e-01  9.3982283456486593e-01  1.4642955805288033e-02  2.2550467880097869e-03  1.1464782683006380e-02  3.5951154209380354e-05  2.6900501196172214e-04  4.4853850583966953e-06  4.6245890098931310e-06  5.5296537591123084e-03  1.1957524246792145e-04  9.6373901095879189e-01  1.1376765868921167e-01  6.0777056218325803e-03  1.1759026671666777e-02  5.0376740025930341e-03  5.9332464175111843e-02  5.5211105932115645e-02  3.4619560470189888e-02  1.6564745130979882e-03  4.2307021343615150e-02  3.9508027355268011e-02  3.9385245168679486e-02  9.8690150306953406e-01  1.0952626905363098e-03  8.5453861995721172e-04  9.8990024862512438e-01  8.4514481845684886e-01  1.8286672464851775e-02  1.8768533625840019e-02  1.6513531182826866e-02  1.5786305050410666e-02  3.3145019092491151e-01  3.7551309283184697e-01  9.9972676018990148e-01  3.0146840052079285e-04  4.1619148514933081e-04  4.1416754031965077e-06  9.6257542274452945e-01  4.1064497089021969e-02  4.4703950027047024e-02  1.4636123445465141e-01  4.5907866325077124e-03  4.5506386883462473e-03  7.3805508333695796e-03  2.5820653378851380e-04  3.3551553174672959e-04  6.8595183233468970e-02  3.5962575936530844e-03  3.2430594203063149e-03  3.3334887406679509e-03  1.0964337096982338e-02  9.9974040963015443e-01  1.7756950846614980e-01  1.4657166708393767e-05  2.3332808141391808e-05  4.6243396233209810e-01  1.9613184543743101e-01  3.3300771531854963e-02  2.4989696978657473e-02  9.2448438255493971e-03  1.8056532984429538e-02  3.3453870473919901e-05  1.9469598745405567e-01  4.5659110667294840e-02  4.5155425365524827e-06  4.5458884744317016e-06  4.5041404467672680e-06  7.7093001603094380e-01  9.9973441269076024e-01  7.6364699454797699e-03  5.4856356379467475e-03  5.4013279295289625e-03  5.5326682470721077e-03  4.6261339339018443e-06  9.0757725136638739e-02  5.0024582639898577e-02  4.5067385462835660e-02  2.9672106327836745e-03  6.8643863907813171e-03  2.3043007403466161e-02  2.1646306891490569e-01  2.3484584116603728e-03  1.9073627830638253e-03  2.1907360285329460e-03  5.6542593028809805e-06  9.5394850841544254e-01  4.0189293362450459e-02  8.4327868540471168e-02  5.4825216505897112e-02  6.2245769810258889e-01  3.1315095882162127e-04  1.0444547967808757e-03  1.5814760458454880e-04  7.2085362545091669e-06  8.8807623957372228e-01  4.7499673048993539e-03  1.8998428370626155e-03  5.9177484066000076e-03  5.0688818357373233e-01  8.2749743195756592e-02  9.9969631892914257e-01  6.9680275746744103e-01  9.7407571230681345e-01  1.7611320913217047e-04  1.6228456519962479e-04  1.0305268005764486e-04  5.5037537530109082e-01  1.7033980642786552e-03  7.1930940491325746e-01  9.9968890242600028e-01  2.2884346942112882e-04  6.9988069255428875e-01  7.0064142903332127e-01  6.8322408525889899e-01  8.5779748487478726e-06  2.2601612118681903e-05  2.2294091409022482e-01  9.6383228971459400e-01  9.2415217559684215e-01  9.0816218106867441e-01  9.1534392566162681e-01  5.5496209863855845e-06  2.7499703319461884e-03  1.0155044936013384e-04  1.7398439032580995e-02  4.8395337306242785e-02  4.6180767630158125e-02  4.8043005791772120e-02  9.6811621672012016e-01  4.8330592787979165e-01  1.0953327733273075e-02  7.0520402630258910e-02  9.9563132153755562e-01  9.9242498629516351e-01  4.4469137845898273e-04  9.5303359107865189e-04  4.9330048726068450e-04  9.5453405000281444e-01  1.0442698409258881e-04  -5.0802253153155203e-06  1.4178101655511336e-02  4.5137387471749788e-03  4.2860433266741098e-02  4.9987138213183305e-02  4.5511250883755141e-06  4.5360333868549765e-06  4.6841667304218624e-06  9.6646293864676180e-01  4.5148718382173024e-06  2.0310865398458870e-04  5.2696346627251006e-02  2.4336108604869769e-03  4.3638627498272051e-03  4.3503893423395791e-03  9.4378594351420664e-01  9.8557143397449698e-02  6.1812407352951146e-07  1.7749503306114082e-03  1.4564807738237382e-03  9.3951313647194312e-01  9.4882540013193473e-01  9.4842934204745943e-01  1.9803346373274125e-03  2.4255090148097534e-03  4.5834499876924251e-06  5.2555250891120394e-03  1.7860906288516721e-03  5.8431939566702682e-03  2.3107924123049045e-04  5.9803130913930009e-03  5.4022875794836631e-04  6.5696066023409362e-03  1.0105701185620219e-02  5.5790203875036104e-03  9.9292248697300411e-01  8.5590794490784150e-01  8.5343024706368664e-01  -1.2007553115950504e-04  6.6122033832034903e-03  5.9563568745111270e-03  5.9951912906692235e-03  6.5183129685949586e-03  9.2780066189338017e-01  9.4919824264403385e-01  5.0520072084910481e-03  8.5803404791893904e-06  5.3721536720301388e-06  2.0958159010430626e-03  2.4806896498346699e-03  6.3268296967199959e-03  9.8243435951437619e-01  4.2406035325384867e-01  1.1039288210495251e-02  3.2123777649528379e-01  9.8035914666956347e-01  2.4543831408999409e-04  4.1409820095373581e-04  5.9974850628754487e-04  8.8172638044992424e-01  5.1509224694449140e-03  7.3172941815568349e-03  4.1470429920883482e-03  9.9960805651462348e-01  9.9969037832465879e-01  8.9465546360132042e-01  4.7288117394714176e-02  4.6000277135443612e-01  4.4442539560027793e-06  6.7963119565973873e-01  9.0286802835464741e-01  9.4173437628349288e-01  9.9227688786581192e-01  9.2896829976452522e-01  7.0827107994228290e-03  3.0455932798758530e-02  6.7401326629463298e-01  4.5927692347180020e-03  4.2351660669490707e-03  3.5387654139577028e-02  1.5591740557424333e-01  9.9973617944242610e-01  8.0328949671100880e-01  8.2497150634015082e-01  8.1543857372149109e-01  9.9973788376461103e-01  3.4297167671801096e-03  3.2914485303762522e-03  1.4489596522055709e-01  5.2340814404660176e-03  7.1383070475098755e-06  4.6022166490380584e-06  9.9880858425002483e-01  9.6319524844501658e-01  9.5077148847026471e-01  9.4993351734784370e-01  1.2542659755770157e-03  1.2827089634270561e-01  3.1687265647169248e-02  4.4150736714801252e-03  3.6677259167302939e-02  1.7573941119142518e-02  1.3452715815084507e-02  2.2079685609621549e-02  1.3860659895695444e-02  1.1260726642071932e-02  3.9836589654308578e-04  9.0328401644933554e-01  1.6807718678482228e-02  9.4975646975532857e-01  1.1110063617952510e-03  1.1513373380916484e-02  1.3014908347809457e-02  1.2216161478912687e-02  9.9973859384091623e-01  9.4643546036129034e-01  6.5152060323199812e-01  3.0443337064479551e-02  2.9439238221001334e-03  1.6473362904099692e-01  1.7953601426899782e-01  9.4899744933396573e-03  2.5841714288974910e-03  2.0879793826460855e-01  1.0037400068624493e-02  7.5143999964204887e-05  8.0437497354282010e-04  6.6361914136349642e-01  5.5368738386466686e-06  4.1023054893561239e-03  4.4707839436355108e-03  4.3379234837595650e-03  2.3286241637796050e-03  5.4548431058477282e-03  9.8359518423881431e-01  9.8464215538519428e-01  1.2042126213756251e-02  9.9102239664884317e-01  9.8461790822282391e-01  9.8660313699100333e-01  9.8831632675087921e-01  1.4548271608921875e-03  9.9067173757359628e-01  1.3793810699971249e-03  9.1338424390001915e-01  9.0826972270831086e-01  8.9837526452674277e-01  8.9533631985267603e-01  4.9477696028315307e-03  9.9220209597928832e-01  9.8949335744936118e-01  2.2189484037472729e-02  2.3526525072717756e-03  5.2770171439690417e-03  8.2943216337655848e-02  4.3829735049829850e-02  8.1955022037012837e-01  1.8687523197228453e-01  3.1692119116333886e-04  7.2528335909781749e-01  9.1826278903327363e-01  9.5074295680013265e-01  4.4201975288971925e-06  3.0211945761962999e-01  1.8972460591193292e-03  4.5882903120164640e-03  4.3551583158754365e-03  4.1042820125032804e-03  3.8630842491002449e-03  3.2169446582654581e-06  9.9973350637929215e-01  9.9972156984898652e-01  4.2360499562719284e-01  4.3009376540770705e-01  9.9966440149980140e-01  1.5797113598005546e-02  7.1074821645800923e-01  2.9631950018932623e-01  4.0250554370993558e-01  7.3693278536437145e-04  4.3702848917372868e-03  1.0015594879743735e-01  9.8740716126034977e-01  9.8594034888308457e-01  8.9774345373390263e-01  2.5723523624744537e-05  7.2842623050923788e-02  4.3971995071810525e-06  1.0240945877384076e-03  1.9738266366382543e-01  3.9788650031690347e-02  8.7166838426910092e-05  9.6327932957153073e-01  7.0380755240116366e-01  2.3575107672465020e-01  5.1943222435218064e-03  4.7933168543171766e-03  5.0425223633648120e-03  9.9794840839905863e-01  6.1471533263666753e-05  1.1082343448985708e-01  7.6847738702607737e-01  9.9824412884705016e-01  8.9835484693755396e-01  7.8305945500720825e-04  1.5276159058554264e-03  9.7988617740624040e-01  9.7381042584350075e-01  5.2379960809002622e-03  4.8851582455756803e-01  -1.2022700925131297e-05  1.1018189908761484e-05  1.4963814899822482e-05  4.3039345586713285e-03  3.9449352425556935e-03  4.2220368165486492e-03  9.9973914010571563e-01  9.6202243458091496e-01  -1.9882748940169377e-07  </DataArray> 
</PointData> 
</Piece>
</UnstructuredGrid>
</VTKFile>